path,title,type,group,recommendation,reason,matched_terms,queen_referring_pages,bytes,sha256,queen_source_identical,current_static_identical,candidate_referring_pages
Aerolyn.jpg,,asset,,dependency,,,,25020,eb24ee3b5aa07bb7a78f0980e6d2301d04ac66b760da128a7abe49bc521a202a,False,True,crle.htm
Blackbird.pdf,,pdf,,shared_existing,,Valdemar; Queen's Own; Herald-Mage; Tayledras,,150501,a4f1749aa903491c2f6b59c03c5d6bde96645aef9bfd1cc0eb8561545860376e,True,False,
Bonds.pdf,,pdf,,shared_existing,,Queen's Own,,113335,6e417be7e9239e44e5477dc225f3b24c22befbadf273d38c01b770ffd095c675,True,False,
Companions.pdf,,pdf,,shared_existing,,Valdemar,,140557,a1759a331155d0d778b897d4ffef9285e13fe85f07a3bcd6d8afc13882e46196,True,False,
Dance.pdf,,pdf,,shared_existing,,,,130349,61262a4fe025f246b5d6f4e75ed7570880443b9cf1a3b3c23cc2a7bab6f0ab64,True,False,
Danya.pdf,,pdf,,shared_existing,,Valdemar; Vanyel; Herald-Mage; Tayledras; Shin'a'in,,155812,b5eef441c3c9257c35f35e567b68994081d24aadaeacf705292277e50a7fc453,True,False,
Fox.pdf,,pdf,,shared_existing,,Valdemar; Queen's Own,,180451,17bdf4968399c6279631774bb4b6275e7fa503bee468d92d99074f77101bca23,True,False,
GGlogo.png,,asset,,dependency,,,,9717,bac67b1eee0b587cac8082ffd1f82db52b980afdb1f4f4201661db959b7048b5,False,True,danyagg.htm
Havenbound.pdf,,pdf,,shared_existing,,Valdemar; Vanyel,,161326,bbd2c057529e771a6b1cd1e078cf378443ed449abb310932271caa6d58ed0e1d,True,False,
Hour.pdf,,pdf,,shared_existing,,Valdemar,,140325,199203fd192b251c11f81d53961b61cc9b6999c645978892992c64515145fcc8,True,False,
Kaylan.pdf,,pdf,,shared_existing,,Velgarth; Valdemar; Queen's Own; Vanyel; Herald-Mage,,176681,25b3b824655dd11ead9ccdd1dee3f27f19f743b37110f268ef0f24a66863dbbb,True,False,
LAC_Confrence.htm,LUCIUS ARTORIUS CASTUS: THE REAL KING ARTHUR,page,Dragonlords or unrelated content,retain,No identified Queen’s Own or Velgarth evidence in this page.,,,8068,fa735cef3c6cd95a19d092c49ecbcbeea4390ff59fb6d503c880ea27f2f39376,False,False,
LostPlots.jpg,,asset,,shared_existing,,,,21346,1eb342733ca78cc0f0da08ebe0bab29fc6890f9adc59889752fb8a3e8701c0fd,True,True,
Malcor2.jpg,,asset,,retain,,,,155531,1f37c08c233df66b905ef9e7420998d8693269f9a282056ed3ea1576c1c8143f,False,False,
Misty.pdf,,pdf,,shared_existing,,Valdemar; Vanyel; Herald-Mage; Tayledras; Shin'a'in,,116165,8a628d555e00f5880766d6db15d3aa21851efa15b7a75ac150cd86af667d754b,True,False,
Potter.pdf,,pdf,,shared_existing,,Valdemar; Vanyel; Herald-Mage; Tayledras,,127881,69a0da071d12612b8fd963da068cc1ee284f835bfbb3c20b298ad57af42ee8cb,True,False,
RestoredGraveSlabLuciusArtoriusCastus.jpg,,asset,,retain,,,,20987,c2f0cb00c6619e564d2b815f497cac25f67af7651b605b2438852739e6ca3147,False,False,
They.pdf,,pdf,,shared_existing,,Queen's Own; Herald-Mage,,163065,7f433b86cb4a2ab18d2662e6d751eb195ae9af4c018d0df546d3dab740670686,True,False,
Triptych.pdf,,pdf,,shared_existing,,,,94364,0094a2e3b74d05f5757883e4616b1b416efd2212cbb0c39f4f5994c6ea1fdf74,True,False,
ValdemarCrestsm.jpg,,asset,,shared_existing,,,,93136,921174dfa0a3920852602f58a8800c6316b6ea256e6be51ddcb6a591649aa802,True,True,
Vita2022.pdf,,pdf,,review,PDF mentions related terms; review its purpose before migration (Vita2022.pdf is an author CV).,Velgarth; Queen's Own; Herald-Mage,,172848,517abaf7b9e26603cb2bad2997a1696571533ec0d3e199766c4099b24aeda337,False,False,
X7Chat/images/chatlogo.gif,,asset,,retain,,,,2070,6780ea695435957f5f8a8f5b7bca415ca3903febddeb8ce2c0352886561f08a0,False,False,
X7Chat/images/top.left.gif,,asset,,retain,,,,160,a31229c2e62fb96e7f6c4f3511024f1292f5729afba62bae264b8eafba0e0841,False,False,
X7Chat/images/top.middle.gif,,asset,,retain,,,,236,e9ca68cc3ce5965c8d83ea25c17fa3ba4e8215b7fa3376473226600931d74a9d,False,False,
X7Chat/images/top.right.gif,,asset,,retain,,,,156,94e5e7c1362deb847512026b874e3bd90c83a159f718d3a7a711e2fda4f5ed05,False,False,
X7Chat/images/top.top.gif,,asset,,retain,,,,1362,ba5552827ebaf3706dc5f029c513af7ad058cb64fd761eb6bb293989ffd1484c,False,False,
X7Chat/images/user_help.gif,,asset,,retain,,,,1598,3080ee37182be88ee9f13132443b0343f1dfb25848b49af25691975a4826d5d0,False,False,
X7Chat/images/user_login.gif,,asset,,retain,,,,1598,634c3042e4bb2f32cb99df10f744d9036229918e8a153d26740c402a01cb89c7,False,False,
X7Chat/images/user_register.gif,,asset,,retain,,,,1713,c706fd41020c2b8496b7d1ffa1a53fb5f5ea805d95d0e87be702d99f4c4a1fc8,False,False,
X7Chat/index.php,X7 Chat,page,Dragonlords or unrelated content,retain,No identified Queen’s Own or Velgarth evidence in this page.,,,3098,7ebb6e98b9fe007164e08d3d7645b194127323e02146368a0d0170bb71352bc0,False,False,
X7Chat/register.php,X7 Chat,page,Dragonlords or unrelated content,retain,No identified Queen’s Own or Velgarth evidence in this page.,,,4124,411cb3a3c3d38ea7cf027d49d421a95d84711e6d91adc70de8481527668caf09,False,False,
aba.gif,,asset,,retain,,,,4085,bf5fdc801731cad42386b86d063f0b5026e0e2a847f2a4a694d5062cf2a7d98b,False,False,
abomination.htm,Putting Abominations in Perspective,page,Dragonlords or unrelated content,retain,No identified Queen’s Own or Velgarth evidence in this page.,,,102261,f4681c6edaff70d5528ff17fa2ac9919d3084c30201af9500732e48bfc44defe,False,False,
adopt.htm,Adoptables,page,Dragonlords or unrelated content,retain,No identified Queen’s Own or Velgarth evidence in this page.,,,10736,f01ec974b37805352e4b0f2f1ce890bcfcca4aeb11b2478f80f78d8e9b177ee2,False,False,
aladdin.gif,,asset,,retain,,,,8466,e3bdb9ce7c35cb62ae6767bfed65c7b426a5998c320dab9001677013f493e29e,False,False,
alord6.gif,,asset,,retain,,,,3115,37d8c84812c7ec76bf24b8cc0813884149041ae9b12cfea28352d37f2d66d9ad,False,False,
amzn1.gif,,asset,,dependency,,,,1574,d68158ff0da1673705660c7127adc6fbc791a1f35b3082de634f2dcba6543cc4,False,False,crtoc.htm
amzn2.gif,,asset,,retain,,,,2823,b2c8f27d8074d039bebe280ab971953266b0f53fc652488c14d5b5c720a797c1,False,False,
anmi39.gif,,asset,,retain,,,,8315,56b2300ca5bdeede8fa4c5f64bb820d978a2d5c443f60e702a2a0b229fdf9483,False,False,
anvil.gif,,asset,,retain,,,,27567,213395692caf910949e918379cf895a83966525cc2782e77ad6e7a32f3cb2580,False,False,
ap-search-logo-126x32.gif,,asset,,retain,,,,1731,2b47219754b49ccc8aa1c52327f5bd6294d5d5034305980861952e708933069c,False,False,
arms.gif,,asset,,retain,,,,26277,0bdf4b40dee04975a19f4c22a4d973f0aa2a53d490b5557fc2f2a8ae27a70578,False,False,
arthur1.jpg,,asset,,retain,,,,3611,6846f33247d09787d369e204c7b88d1396f810cfef11826d819f9434d515e3cc,False,False,
author.htm,About the Author,page,Mixed or incidental references,review,"Related terms appear, but this may be mixed content, a generic resource, or an incidental reference.",Queen's Own,qofeb02.htm.md; qojun00.htm.md; qonov00.htm.md; qooct00.htm.md; qooct03.htm.md; qosep00.htm.md,8322,f71e3030577b0d6867d4f263f6079874f324c9726e86e2734ee31bb19a725039,False,False,
award.htm,Dragonlords' Awards,page,Dragonlords or unrelated content,retain,No identified Queen’s Own or Velgarth evidence in this page.,,,5135,c7c3f9c78d411620565d377a19f3f67009a6f86f1ba1c5cd303afb057642383d,False,False,
award1.gif,,asset,,retain,,,,25626,36e2f5c625137e1fda3dc77fe41b52ba241ed802b8482db80a6ff81296206eeb,False,False,
award1.htm,Dragonlords' Awards Index,page,Dragonlords or unrelated content,retain,No identified Queen’s Own or Velgarth evidence in this page.,,,4733,da6780534411c3e82bd5f04295830b6195a60588e8d5140405a9f51b64feff64,False,False,
award1.jpg,,asset,,retain,,,,18867,61ffcba6d6c1092b25a86ba4ae3ecbc379ffa8e759aa50a4bdd0022686c063f4,False,False,
award2.jpg,,asset,,retain,,,,29658,810ddc21c2097001a1498813531e18bcaad1e07844d22920b176d144e5f08e26,False,False,
award3.jpg,,asset,,retain,,,,14091,1fbf7a5f1f526e9867ac2cf8f38c34bb44acabb8966c0658c169e7801ef49807,False,False,
award7.gif,,asset,,retain,,,,4350,6bb2f0273738de5c56c32db7caa3b94df27c62173567ce0e9ea32ca51463f0ed,False,False,
awardd3.jpg,,asset,,retain,,,,41342,62524df9f6071783c7101bd15aebb8e843d254fdec51b50c8da68106c80e4b68,False,False,
awarde.htm,Award of Excellence,page,Dragonlords or unrelated content,retain,No identified Queen’s Own or Velgarth evidence in this page.,,,6758,fd435db1b33a492097c4aa1299fce8a461bc68b88989df57c74a4db9c6886c70,False,False,
awards.htm,Awards,page,Dragonlords or unrelated content,retain,No identified Queen’s Own or Velgarth evidence in this page.,,,3976,aa83e126b264696b259ebc0259df6447050fc2dea4590095ef5cf5bdde612d4a,False,False,
awards1.htm,Dragonlord Awards,page,Dragonlords or unrelated content,retain,No identified Queen’s Own or Velgarth evidence in this page.,,,2692,fb155bfc2c663e75e1941ce18f9e2ce053de56cd85f202c83a748c1510b819a1,False,False,
awards2.htm,Dragonlord Awards,page,Dragonlords or unrelated content,retain,No identified Queen’s Own or Velgarth evidence in this page.,,,1972,d7cd9bded97dd6f04e76e03586e4d37a5bd010b84ad0e86c7881d4df42eb1348,False,False,
awards3.htm,Dragonlord Awards,page,Dragonlords or unrelated content,retain,No identified Queen’s Own or Velgarth evidence in this page.,,,2231,7f2c74b94fd024831ab7a41003c9a8281a0d692c25d0e935b79acaf6be57c7cf,False,False,
awards4.htm,Dragonlord Awards,page,Dragonlords or unrelated content,retain,No identified Queen’s Own or Velgarth evidence in this page.,,,2321,e48c974feff9d3a8e3852d641e746e16252f5dbdded2d2a61faf7c5fe2f1b917,False,False,
awards5.htm,Dragonlord Awards,page,Dragonlords or unrelated content,retain,No identified Queen’s Own or Velgarth evidence in this page.,,,2052,ad5292c86585b4db0edad275915e7628b2d9732dd80e6d33e08f1cdc033d1109,False,False,
awards6.htm,Dragonlord Awards,page,Dragonlords or unrelated content,retain,No identified Queen’s Own or Velgarth evidence in this page.,,,2096,14df2a131f550e24ba4166cae5434be2499ee3aca75cab0dda00bf93af61dfb0,False,False,
awdban.htm,Dragonlords' Banners,page,Dragonlords or unrelated content,retain,No identified Queen’s Own or Velgarth evidence in this page.,,,6469,3ed606aa76e6bab27b2e07a2103a56ece74ec384cee862e05b601b373d677fa2,False,False,
awdfae.jpg,,asset,,retain,,,,18302,c5d16c1cf0ce230f668703b446571bd5e5d52603812bf429af87ad1fc95da1f4,False,False,
awdiron.jpg,,asset,,retain,,,,19811,e7bba6194c444a0db6c0e2620c30514f3025d120f3506128ec857074140953f3,False,False,
awdneb.gif,,asset,,retain,,,,17682,d5c9bf5204cd2c347cd2bbe8c3efc8be8abc568f8c207a00d937cd50ede2a508,False,False,
awdoasis.gif,,asset,,retain,,,,19102,14fa62ea2b7b95a8c11c425e8da12e4d2dce261a7ba3985e475660204f2efe0c,False,False,
awdoasis.htm,Dragonlords' Awards Oasis,page,Dragonlords or unrelated content,retain,No identified Queen’s Own or Velgarth evidence in this page.,,,3436,fd6b46912b5fbdb613e3c9f72e6e98bad99e2148fd53f84b2b34565f6e572e15,False,False,
awme.gif,,asset,,retain,,,,37379,1c9abdbc3d9bc770a7ac7fe9a43204b5a61a85e0bc7496846dad21a935bbd8c2,False,False,
awrddhrt.jpg,,asset,,retain,,,,5589,e892840511f47dd5697124588ca16601287b74c7ab590d0e6668a21099d3c34e,False,False,
awrdself.htm,Self-Claimed Awards,page,Dragonlords or unrelated content,retain,No identified Queen’s Own or Velgarth evidence in this page.,,,1728,090362955f3eb39849b2e9d0346da5cc332edd7ab93bfd61574deca8551bdf7a,False,False,
badgescc.gif,,asset,,retain,,,,2564,eea9361546304cee71c8f3fe663c15a71b11586cb9283efce3cd79134afe5955,False,False,
badgesfc.gif,,asset,,retain,,,,1780,ddc88451bd8ae99879ed30d0483e17daf02ffdb239202b1fe536cd88d2ef7b35,False,False,
badgesh.gif,,asset,,retain,,,,2137,67197c813ae746a904e7de0cc247edb62bc32efc8d21be31b814a7c1855df462,False,False,
badgesoc.gif,,asset,,retain,,,,2105,cd38af6dedf0d0854d4c3a3f4a058ea57d800a2251a9d8fa7d44b239e093fb73,False,False,
badgespc.gif,,asset,,retain,,,,2269,0b6af047eb6f9d0fe53ef10b606130ce9d198fb0b02641ff9c6c5a85bb3cb594,False,False,
badsoc.gif,,asset,,retain,,,,2658,c32b0c1495fb858723faf023940b30e8716f6dde3fd9194b14b07c659208856a,False,False,
badsojv.gif,,asset,,retain,,,,2496,f2fa356e3f4386333ca91d9e3766c9121bf1b8952798a6ebe2fdc8b008387bbd,False,False,
badtram.gif,,asset,,retain,,,,2957,a4a1e14afaac88c3b0a30fc6aacbb8b1c7b9d8155d5594b5bf0c9d7dd3c6c6bf,False,False,
badtrgc.gif,,asset,,retain,,,,2954,c675d63ef57e12840c981c8b82908b323bcb15a3f71963659cc277539ac1a2d8,False,False,
badtris.gif,,asset,,retain,,,,1393,e2505f2c928f1b6380119d5add121f37f952c948a5f05200cccba06052ca15fe,False,False,
ball.gif,,asset,,shared_existing,,,,164,e36fe02082d94a36d7c2d3bbba2560f8f4accfdb8ffaf4211cb0f2f274269ef6,True,True,
ban1.gif,,asset,,retain,,,,10576,b011d8efc9128cf658f55b9c79769ce34f0487da024a909caeef517880c692ac,False,False,
ban2.gif,,asset,,retain,,,,7189,6ade676f62b703d57617050046b8558bfc4e72d0792a10329b2bc155361647a0,False,False,
ban3.gif,,asset,,retain,,,,6703,629e4c93e9b89057a490f9fe16b9f96da4f378e2384020b194896163c2911ff7,False,False,
banacard.gif,,asset,,retain,,,,10498,0504dab4a2caa2a749f3776f111593ac1719435aa91579be8e7e154c04a585a0,False,False,
banaw.gif,,asset,,retain,,,,12447,be6eeb010f2143adf4eee683c0d920bf7a6800036cc50097f0add63e19318adb,False,False,
banboing.gif,,asset,,retain,,,,18237,e95303d1c7d2d7082f5e39a7be858e57fb81259208d3fe164e08a9f67e2a5077,False,False,
banfandh.jpg,,asset,,retain,,,,5457,0fb2e3a76e844282a23c25db161687e532e3b1ca6af04ce4f65b43f40228bcdc,False,False,
bank.htm,Money,page,Dragonlords or unrelated content,retain,No identified Queen’s Own or Velgarth evidence in this page.,,,13914,536ec9450732bd97f4f1e81a480920ec7cb56348194f2bee7e6cdc6a49632198,False,False,
bankman.htm,Banker's Manual,page,Dragonlords or unrelated content,retain,No identified Queen’s Own or Velgarth evidence in this page.,,,6204,fa0737e019fdb465c81aa83655d8a67c0cb2e7ec3e013b17c9651b4bf10b17c6,False,False,
banmc.gif,,asset,,retain,,,,10678,34a75406abd5912c74c8d949bead6e554ec00a0a49c62eacc39ba238a404881c,False,False,
banmw.gif,,asset,,retain,,,,5628,add496c4cea4dc2e6eec9ee9005f5f06c4ab11c04a8decb5cc76a4f1fa20d27e,False,False,
banpage.gif,,asset,,retain,,,,6150,321a55d29f725b38f9f7e34566624cb52a3e76453c8e2cb2058ad96278ba1f7d,False,False,
banstarwars.gif,,asset,,retain,,,,7454,a07d3320e6e78ff449702a5bb5c3bfadbb739773fc0a5a52469d3ffa443ebee4,False,False,
banstorm.jpg,,asset,,retain,,,,9533,1fda15a02c25d3060ac088b0dda6516d3ec98a9fae6712950334bcc3e25beb18,False,False,
bar2.gif,,asset,,shared_existing,,,,2956,51a28c9ad740b2faf24a1fac065b643c61828fa884d26e77d2b460fe023695d9,True,True,
barblln.gif,,asset,,shared_existing,,,,11170,f753a664f0b4894dd94f1e827a04c9f64b7505804a94168d48012e6cc5491597,True,True,
barcastl.gif,,asset,,dependency,,,,1154,9723ba6b64fc45b97f3bdf2521d18a12bf65db1663b322ed335c03920738c681,True,True,danya.htm
barcomp.gif,,asset,,dependency,,,,1930,a56a8f02c622b858179a00b8da87af906a5b10f52a4d15b2e88add00173c79c0,True,True,danhc.htm; danp.htm; danr.htm; dantime.htm; danya.htm; danyacc.htm; danyagg.htm; danyasc.htm; dcpawn.htm; dcprice.htm; dcprom.htm
bardrgn1.gif,,asset,,retain,,,,3719,66a6c6a9aabf7d44971cae1e58beba0e1b5ed5c36f1352b6983f1cbded634cb8,False,False,
bardrgn2.gif,,asset,,dependency,,,,3381,d31b1ff860fb6a0eea286729a80c33e3f06d746dfa64be8128027a3737e6f0a4,True,True,danc.htm; danhc.htm; danmag1.htm; danp.htm; danr.htm; dantime.htm; danya.htm; danyagg.htm; danyasc.htm; dcpawn.htm; dcprice.htm; dcprom.htm; recipes.htm
bardrgn3.gif,,asset,,retain,,,,3732,03d6d445c44445a5637b659d8177a8ebaf8141c6e4a05daee6117c4130c0513f,False,False,
barfire.gif,,asset,,retain,,,,42308,6a94d530f3cdfa13a71399ecbc3fd1cf31eee43fc9f11d66547c80550b9515e0,False,False,
barflow.gif,,asset,,dependency,,,,1298,d0beb8c49c61b13ede71bcf1b3902061681b42cbe43ad9ae9fc2297498084d8e,False,True,danya.htm; recipes.htm
bargrass.gif,,asset,,dependency,,,,8985,c0a255ab59871b669912271a90980e04f408efeaf8b6d48aac2e3640e5d33473,True,True,danya.htm
barhawk.gif,,asset,,shared_existing,,,,6900,716e7c53b55db9a9149834daf63893324eed9ebb6bccb5711ceef42b3d82ed66,True,True,
barholly.gif,,asset,,dependency,,,,4678,d765257c99e304640376e833bc1e9ced4e4f13fe722a051dc24508ef90f77e81,True,True,danya.htm; recipes.htm
barhorse.gif,,asset,,retain,,,,1677,4c7863bc6b8a231ddaccf63caaad4af44840732b3d5cd9af27e2c8a7f181d8c9,False,False,
barice.gif,,asset,,retain,,,,4264,cc87b8ea8d37c8d794ad8db5c277e03834d27679e26764962c0d6742cf2a14d6,False,False,
barlinks.gif,,asset,,dependency,,,,1976,094c8adc00432b54139ab4931c3fabba091503bba26fd260891e44d5020d5996,False,True,danya.htm
barmp.gif,,asset,,retain,,,,7777,5c6b72b032e42e369ad6fbbc2615ceabdb610657d90fbdc9d2ea9668567a013d,False,False,
barmusic.gif,,asset,,shared_existing,,,,398,90ea04715dfc48e9bdd29188e08250fd1245a18c7c57c2cbcd3946a0dd7c7b73,True,True,
barspace.gif,,asset,,retain,,,,7280,fc50e37c9d51c4e507275b4e5591a798626780a6e45438056eb2c2e8bb8a312a,False,False,
barstar.gif,,asset,,dependency,,,,5773,665011fd2d3c2d6431a5eea17a32039751a94f335617109e4a8ad7cb165db035,True,True,danmag1.htm; danspell.htm; danya.htm
barwolf.gif,,asset,,retain,,,,1107,6780f0d623ba66e2633c1d633b34822b3fdcedd89b6d4529e9b0cf8f1ad397e7,False,False,
basic.htm,Basic Rules,page,Mixed or incidental references,review,"Related terms appear, but this may be mixed content, a generic resource, or an incidental reference.",Velgarth; Valdemar,,11377,62a4a5053319fd306003fab52360f043713a3e25009273653a197e6b117fe80e,False,False,
bat_sm.gif,,asset,,retain,,,,6343,4e9fbffb3615d0357251452ac234f36e82b4c0250e7ac4076de1ad7d1fb38f30,False,False,
batsanm.gif,,asset,,retain,,,,1753,c820d0c6da10833de7c75a23b0910e492ad501803df814b442437ae3cb1646de,False,False,
bible2.gif,,asset,,retain,,,,3587,5551d0651d54234844e68818a1286097f8c55105aec886e7347cb8cc462a68ba,False,False,
bk1.gif,,asset,,dependency,,,,14305,be9669a2ff2c77d205b93c47dfa407007858a60500f0d6f5472b59b44318a6b0,False,False,crrev.htm
bk1.jpg,,asset,,shared_existing,,,,6141,0e254567b0924682e068775cdc161a84040832bf1272743b47324c72b0d9cd5d,True,True,
bk12.gif,,asset,,retain,,,,515,9e4e3b1cdcccc891381422687424c9bb1a9c4e71cbc8aaa61797dd9c2d85e03a,False,False,
bk2.jpg,,asset,,dependency,,,,7993,4d264527e5067c29e1c87d5107f069aed169a0520744f6aa10af8aa5d0312a3a,False,False,crrev.htm
bk20.gif,,asset,,retain,,,,950,1b26cecd1bcba10fed1b779ef07183ff5967fd45f9f21e9eb8d00d8ae524c92a,False,False,
bk21.gif,,asset,,retain,,,,3898,8aacddc72e6d5d0ef6febf25659bb909e68d1fc83d860de9dcc6cdcc6a8726be,False,False,
bk22.gif,,asset,,retain,,,,2107,5224408e476f33e57c7e2411e9eeef1ebd0d0bb8dedfe955975839abae548f5e,False,False,
bk3.jpg,,asset,,retain,,,,4960,d7e415c0153958f1164e74d10218c1810a8e41776e954a4292a3bf9c1a0fdae9,False,False,
bk32.gif,,asset,,retain,,,,685,d4eb017d51f6a097d2869ccd949453b5b96ae4d06ac8085902dd902d440b3975,False,False,
bk4.jpg,,asset,,retain,,,,6421,096ae96b468779b3ffe909ceae0dec5c090286b22b73c6a3e487e322c1366d2b,False,False,
bk40.gif,,asset,,retain,,,,872,5e0be0736df59fb7f80e52ffa8bb6e1a56250a8cff58b3d5d7a754acd280be75,False,False,
bk42.gif,,asset,,retain,,,,1791,0af81e149244111fdbae5babb46b2a1ca56d0d978124e04e48ead56f3f0d2ec8,False,False,
bk5.jpg,,asset,,retain,,,,3251,e97fd00a93af7af9a8ebbfe6f32c3060a69315037b340f01f8cb862332f0c815,False,False,
bk50.gif,,asset,,retain,,,,721,614172b576fbc0532e35da4f80d64d9e66ba0d806bae046d7481c8a982573c5b,False,False,
bk50.jpg,,asset,,retain,,,,6599,e29b4cae8825f3f6add469120d677123bb203b726d9f8caacc8bb257e142d348,False,False,
bk51.gif,,asset,,retain,,,,2790,01fac655787b693ccabe8491d52018c0c816ccda02ef83a4920ca0083a5ede6c,False,False,
bk6.jpg,,asset,,shared_existing,,,,7500,fda7e2d29cecbf6d3aa5fc02e66476a6c1fa2d6b87634b182fc67678d369cd3f,True,True,
bk62.gif,,asset,,retain,,,,744,b64663f8ce5c4bfd68662296aed539ce96a6a0bd57b667771c7b82aa334c5e9c,False,False,
bk72.gif,,asset,,retain,,,,622,1de1633845005004fe93d161f7a2d107afeb19ae573debfa39b421231699e29f,False,False,
bk82.gif,,asset,,retain,,,,799,4f2dc9d2dd61261d10e950c60f3d2d836218e7e6fe0b15a6b1c7a0f36c1c6421,False,False,
bk92.gif,,asset,,retain,,,,538,8f751464b7fdb5e1a0c9534202c4ea893a2046fcfdcc25a10df42070dbf67e30,False,False,
bkarc.htm,Arcane,page,Dragonlords or unrelated content,retain,No identified Queen’s Own or Velgarth evidence in this page.,,,1003,799399c6bd4e23d5be22783982aac469fbe114865a530754ceac969f1d67f6ee,False,False,
bkart1c.htm,Dragonlords' Bookstore--Arthur--Medieval Texts,page,Dragonlords or unrelated content,retain,No identified Queen’s Own or Velgarth evidence in this page.,,,7097,41de2aaba5479d579519545471d6866ba666aca5bf0c6da5177bf047ad41ac79,False,False,
bkart1ct.htm,Dragonlords' Bookstore--Arthur--Medieval Texts,page,Dragonlords or unrelated content,retain,No identified Queen’s Own or Velgarth evidence in this page.,,,7040,e996a258e67b045ad5657fa82dab36329fe2400632f6b876439022208e915b78,False,False,
bkart1l.htm,Dragonlords' Bookstore--Arthur--Medieval Texts,page,Dragonlords or unrelated content,retain,No identified Queen’s Own or Velgarth evidence in this page.,,,4020,14de26515671af329af14e58783ba106ce2f996831ab5a8d2e47f65d42024162,False,False,
bkart1mt.htm,Dragonlords' Bookstore--Arthur--Medieval Texts,page,Dragonlords or unrelated content,retain,No identified Queen’s Own or Velgarth evidence in this page.,,,6940,55dc0f65af589a561c770058bb64d1519174efce1d05d03e4cdd477b1f4f3df5,False,False,
bkart1sggk.htm,Dragonlords' Bookstore--Arthur--Medieval Texts,page,Dragonlords or unrelated content,retain,No identified Queen’s Own or Velgarth evidence in this page.,,,5353,2b336ff93a9f66fe7e33b1e4b4054469c499b9247724f1d73d1c510ac85cef15,False,False,
bkart1ti.htm,Dragonlords' Bookstore--Arthur--Medieval Texts,page,Dragonlords or unrelated content,retain,No identified Queen’s Own or Velgarth evidence in this page.,,,7434,55b4b40a1e100cc5141edffe9b32b30942404eb29437a00a03b9ce632eae8152,False,False,
bkart1vc.htm,Dragonlords' Bookstore--Arthur--Medieval Texts,page,Dragonlords or unrelated content,retain,No identified Queen’s Own or Velgarth evidence in this page.,,,5832,31832e49799aeab20756a2cbe078060ba39c5851ef1558fb97eadc9ff70e6029,False,False,
bkart1w.htm,Dragonlords' Bookstore--Arthur--Medieval Texts,page,Dragonlords or unrelated content,retain,No identified Queen’s Own or Velgarth evidence in this page.,,,4260,89acea866f2e78c275f172e4ee82e1cc241b7d2731de023bbef5b242eba2cedd,False,False,
bkart1wve.htm,Dragonlords' Bookstore--Arthur--Medieval Texts,page,Dragonlords or unrelated content,retain,No identified Queen’s Own or Velgarth evidence in this page.,,,3415,192eaad45fd6a86b3892b2679bc10676d3d763a5d22444961567502ea5e61753,False,False,
bkart3a.htm,Dragonlords' Bookstore--Arthur--Modern Fiction,page,Dragonlords or unrelated content,retain,No identified Queen’s Own or Velgarth evidence in this page.,,,14817,b9c03f7f9b743bd81f6e13b11b4859c5b5db590d4e07ea9249a54947a41c783a,False,False,
bkart3aaa.htm,Dragonlords' Bookstore--Arthur--Modern Fiction,page,Dragonlords or unrelated content,retain,No identified Queen’s Own or Velgarth evidence in this page.,,,4683,bbb3d9cc368639808eb7817bb7874d5277d0981697283e11ad809a34574c8519,False,False,
bkart3aec.htm,Dragonlords' Bookstore--Arthur--Modern Fiction,page,Dragonlords or unrelated content,retain,No identified Queen’s Own or Velgarth evidence in this page.,,,3074,cad6ae44dbe27f70edcb2125d7bd3a5f2a09bccb91eae0a8bfe07349b0ff5a89,False,False,
bkart3ag.htm,Dragonlords' Bookstore--Arthur--Modern Fiction,page,Dragonlords or unrelated content,retain,No identified Queen’s Own or Velgarth evidence in this page.,,,3136,02a7791180bbe5b3d4aa0b1a972384d55d3a55acb97acd156859263c2f075893,False,False,
bkart3b.htm,Dragonlords' Bookstore--Arthur--Modern Fiction,page,Dragonlords or unrelated content,retain,No identified Queen’s Own or Velgarth evidence in this page.,,,19390,37b332f22ce64f10bca15733c1ae7e6391516f9b6e469d869051aa03fd2fcf97,False,False,
bkart3bc.htm,Dragonlords' Bookstore--Arthur--Modern Fiction,page,Dragonlords or unrelated content,retain,No identified Queen’s Own or Velgarth evidence in this page.,,,3296,7519d35479e5aa89231f6990aeb601d793eb6afbbdb4a7724759464da2465852,False,False,
bkart3cj.htm,Dragonlords' Bookstore--Arthur--Modern Fiction,page,Dragonlords or unrelated content,retain,No identified Queen’s Own or Velgarth evidence in this page.,,,3315,bb6a4587a920e1f967723d661429978781e774cac0a46dd5c8d5c50e853880e2,False,False,
bkart3dak.htm,Dragonlords' Bookstore--Arthur--Modern Fiction,page,Dragonlords or unrelated content,retain,No identified Queen’s Own or Velgarth evidence in this page.,,,2665,fce3a00009fd288bf582db5837c7048471d18ad2a548e790366b96d02338ec7f,False,False,
bkart3dg.htm,Dragonlords' Bookstore--Arthur--Modern Fiction,page,Dragonlords or unrelated content,retain,No identified Queen’s Own or Velgarth evidence in this page.,,,3815,47d0142dd6d737c8378739f47bc7c3359c73bc8d708a2a9da379adf8789f27ef,False,False,
bkart3dgr.htm,Dragonlords' Bookstore--Arthur--Modern Fiction,page,Dragonlords or unrelated content,retain,No identified Queen’s Own or Velgarth evidence in this page.,,,2908,38d0c046f1c4ad8925c24e099d16bae5efee0c864bd8853845922c3e3ce8dc70,False,False,
bkart3ggk.htm,Dragonlords' Bookstore--Arthur--Modern Fiction,page,Dragonlords or unrelated content,retain,No identified Queen’s Own or Velgarth evidence in this page.,,,4539,6c9778759da5ecbd7e94c92d8b313c18b6b7aa9cffe1ce01c644672ec14e2dbb,False,False,
bkart3hh.htm,Dragonlords' Bookstore--Arthur--Modern Fiction,page,Dragonlords or unrelated content,retain,No identified Queen’s Own or Velgarth evidence in this page.,,,3387,933731c3672582c8d97b0c5c262f59b0b7a6af3650f5c0e04337b95406dbc3fd,False,False,
bkart3hp.htm,Dragonlords' Bookstore--Arthur--Modern Fiction,page,Dragonlords or unrelated content,retain,No identified Queen’s Own or Velgarth evidence in this page.,,,5095,0f60684079498763b4e65be7a5a405a84e567cff07f454311b2bba1218894ab0,False,False,
bkart3ij.htm,Dragonlords' Bookstore--Arthur--Modern Fiction,page,Dragonlords or unrelated content,retain,No identified Queen’s Own or Velgarth evidence in this page.,,,14736,61850dcaad4528e32caf37a49d31085a8b3cd4a43884977908dec848124d00fc,False,False,
bkart3jw.htm,Dragonlords' Bookstore--Arthur--Modern Fiction,page,Dragonlords or unrelated content,retain,No identified Queen’s Own or Velgarth evidence in this page.,,,3976,1f2ba1a380cf9ecd16d41f3ce3e80b14e8fe9ae27df54f2f3618b24156276a77,False,False,
bkart3jy.htm,Dragonlords' Bookstore--Arthur--Modern Fiction,page,Dragonlords or unrelated content,retain,No identified Queen’s Own or Velgarth evidence in this page.,,,4199,dabe295b02c16d02215c30a8003670ce478f7a159a7e7f6e0af2015a44e94f99,False,False,
bkart3ms.htm,Dragonlords' Bookstore--Arthur--Modern Fiction,page,Dragonlords or unrelated content,retain,No identified Queen’s Own or Velgarth evidence in this page.,,,5337,81fa20f3c478182d3b581ed3967766648ce0aef231ea9617e5bf5ba55d080e1e,False,False,
bkart3mzb.htm,Dragonlords' Bookstore--Arthur--Modern Fiction,page,Dragonlords or unrelated content,retain,No identified Queen’s Own or Velgarth evidence in this page.,,qomay00.htm.md,4850,9934af59f482bd4caa38df05c118f01ba79007c2df6ee8b44481de72077ef38f,False,False,
bkart3nm.htm,Dragonlords' Bookstore--Arthur--Modern Fiction,page,Dragonlords or unrelated content,retain,No identified Queen’s Own or Velgarth evidence in this page.,,,3148,9d51ae8a28140209f04355255d729bc4780c59af69986bcbe021395b2b43a831,False,False,
bkart3pg.htm,Dragonlords' Bookstore--Arthur--Modern Fiction,page,Dragonlords or unrelated content,retain,No identified Queen’s Own or Velgarth evidence in this page.,,,3437,0c0edf86f9e0f0b0cad3334145c9168ba8903de99908f3c2f09747fd6729d624,False,False,
bkart3pkm.htm,Dragonlords' Bookstore--Arthur--Modern Fiction,page,Dragonlords or unrelated content,retain,No identified Queen’s Own or Velgarth evidence in this page.,,,3495,356955a3290be08f129cda677358c2a978e5d5f1e48695d93a37443dcce15daa,False,False,
bkart3qte.htm,Dragonlords' Bookstore--Arthur--Modern Fiction,page,Dragonlords or unrelated content,retain,No identified Queen’s Own or Velgarth evidence in this page.,,,3794,9682033f1a0b2cf3684758055a5be4e4d2f50584dfb7524d8ada170194e03380,False,False,
bkart3rs.htm,Dragonlords' Bookstore--Arthur--Modern Fiction,page,Dragonlords or unrelated content,retain,No identified Queen’s Own or Velgarth evidence in this page.,,,7738,0f61f3e1ae8bff3929d998a7329006b1078649aad8932e9ed7dad7608bfb86c7,False,False,
bkart3rz.htm,Dragonlords' Bookstore--Arthur--Modern Fiction,page,Dragonlords or unrelated content,retain,No identified Queen’s Own or Velgarth evidence in this page.,,,3534,69b47d513d7173ca181fae0330a9ec7a9ed4aa4e33475a37106ca480c7336ded,False,False,
bkart3sc.htm,Dragonlords' Bookstore--Arthur--Modern Fiction,page,Dragonlords or unrelated content,retain,No identified Queen’s Own or Velgarth evidence in this page.,,,5552,b11c7dfc685ba270c729a38b0b6b9a5306c3dfd0a383206eeb76c9e7dfc6c6d5,False,False,
bkart3sh.htm,Dragonlords' Bookstore--Arthur--Modern Fiction,page,Dragonlords or unrelated content,retain,No identified Queen’s Own or Velgarth evidence in this page.,,,5097,f01b820f606d6b83104892cb70d54e16b5db3717ec25382ceebff6a53192c857,False,False,
bkart3sn.htm,Dragonlords' Bookstore--Arthur--Modern Fiction,page,Dragonlords or unrelated content,retain,No identified Queen’s Own or Velgarth evidence in this page.,,,3345,5a653923826926ceac4733d5bcb04f81969e370d8f53b79ba43bd7bcec14f8ba,False,False,
bkart3srl.htm,Dragonlords' Bookstore--Arthur--Modern Fiction,page,Dragonlords or unrelated content,retain,No identified Queen’s Own or Velgarth evidence in this page.,,,4365,a85e2b2036f3bd3b48d873817eb0598dc3c54ff1af20d6889bf9bbcc1932535b,False,False,
bkart3tab.htm,Dragonlords' Bookstore--Arthur--Modern Fiction,page,Dragonlords or unrelated content,retain,No identified Queen’s Own or Velgarth evidence in this page.,,,4972,66e31238d4bebc764c569d4c7eeb55c45e8c811b2d327c03899a1376c76094a7,False,False,
bkart3thw.htm,Dragonlords' Bookstore--Arthur--Modern Fiction,page,Dragonlords or unrelated content,retain,No identified Queen’s Own or Velgarth evidence in this page.,,,3556,60a3e9cb3f97c78b90382c528b2a44cc00822fc53908fcba671f14baa439821c,False,False,
bkarthur.htm,Dragonlords' Bookstore--Arthur,page,Dragonlords or unrelated content,retain,No identified Queen’s Own or Velgarth evidence in this page.,,,3387,004b4bac1ffd9ad10388f19b76e5acd42110a9b622e04bf313b09f40d88daf28,False,False,
bkarthur1.htm,Dragonlords' Bookstore--Arthur--Medieval Texts,page,Dragonlords or unrelated content,retain,No identified Queen’s Own or Velgarth evidence in this page.,,,12760,26d097895e0d46efe7f1831a5ec70d67a71dc18f94a6a71249666d3daabf662a,False,False,
bkarthur2.htm,Dragonlords' Bookstore--Arthur--Poetry,page,Dragonlords or unrelated content,retain,No identified Queen’s Own or Velgarth evidence in this page.,,,9061,a96cf35e939e29dce0774a72db47f4d0c36ab1fb88bcc7b03068dc0e179f84ce,False,False,
bkarthur3.htm,Dragonlords' Bookstore--Arthur--Modern Fiction,page,Dragonlords or unrelated content,retain,No identified Queen’s Own or Velgarth evidence in this page.,,,36402,3e4c1709940a42c5468a18b6e14079ab37fb2f1de5e41b76a263a17345040be1,False,False,
bkarthur4.htm,Dragonlords' Bookstore--Arthur--Reference Works,page,Dragonlords or unrelated content,retain,No identified Queen’s Own or Velgarth evidence in this page.,,,16963,999014b5a7491402eeacbcfe305b9c65a1bb729a19676e04784531001786c6f3,False,False,
bkarthur5.htm,Dragonlords' Bookstore--Arthur--Scholarly Texts,page,Dragonlords or unrelated content,retain,No identified Queen’s Own or Velgarth evidence in this page.,,,31004,557fe5926a0b417133878deef88a50a75c2464f5b1df18cce38fb8c0eef4488a,False,False,
bkarthur6.htm,"Dragonlords' Bookstore--Arthur--Comics, Etc.",page,Dragonlords or unrelated content,retain,No identified Queen’s Own or Velgarth evidence in this page.,,,14772,1ab3951120f76be30c45c059c8ff9a6fc098ef970342189d5cc61176dce8c1cb,False,False,
bkarthur7.htm,Dragonlords' Bookstore--Arthur--Music,page,Dragonlords or unrelated content,retain,No identified Queen’s Own or Velgarth evidence in this page.,,,10455,8d9dbcdf9a90ef357966a2cf9d2c613812448b14b330d5cd450f10c1dbca7367,False,False,
bkcd1.gif,,asset,,retain,,,,3289,1a1b0faab85ee506c0b1ae2516c53832eccd4e86e930cc8eb7cdd584d275b4c3,False,False,
bkcd2.gif,,asset,,retain,,,,1106,394df4fa667687cfd98a34ef6dd2e20b341e3850803b9a80ae959d0d28c8f792,False,False,
bkcd3.gif,,asset,,retain,,,,1045,f774c62305fd05952b08c5a1faf2c0322d192765a8cd3dd82c21bd655034dd88,False,False,
bkcd4.gif,,asset,,retain,,,,4301,5c9eeb34936fe01c58beac6f70d966c5c7a51f1fdaeb8e231ef324cffeca2835,False,False,
bkcd5.gif,,asset,,retain,,,,4624,7e0f57abc0d07a6ef27c2f6cf33b2c5c76a571ef2dbf312def9c4b014fed10c9,False,False,
bkcharge.htm,Charge,page,Dragonlords or unrelated content,retain,No identified Queen’s Own or Velgarth evidence in this page.,,,1375,bb5895d9ff63cb1789b178ee2771574be385a40bfa4b55fdd6b1229e2dd0c328,False,False,
bkcode.htm,Code,page,Dragonlords or unrelated content,retain,No identified Queen’s Own or Velgarth evidence in this page.,,,3186,8bad03e37aa0931878fe3cf2d8701d9f10f4ad8a3a2d2f330c75b5f5315d3653,False,False,
bkcork.htm,Kashara's Corin,page,Dragonlords or unrelated content,retain,No identified Queen’s Own or Velgarth evidence in this page.,,,1069,ea9fa365772d4d6a26206150f9def48b7d1f84e1ce0aeb0e2b6538f21ad31fd5,False,False,
bkcors.htm,Shane's Corin,page,Dragonlords or unrelated content,retain,No identified Queen’s Own or Velgarth evidence in this page.,,,1010,906f201129139d352ce0474523fe42761adc165d69cedc374389f1dce8f7951b,False,False,
bkdc.htm,Codex,page,Dragonlords or unrelated content,retain,No identified Queen’s Own or Velgarth evidence in this page.,,,863,857e0f99340da962098c4b36bbe3ef40c9083b3443c3e2092d579cbca66f3c42,False,False,
bkdlh.htm,Dragonlords' Handbook,page,Dragonlords or unrelated content,retain,No identified Queen’s Own or Velgarth evidence in this page.,,,2619,d3e072f23dd0272f9d53138a06014595d094112d3d49ff6e21782e2c1b433b8b,False,False,
bkdp.htm,Dumnonian Prayers,page,Dragonlords or unrelated content,retain,No identified Queen’s Own or Velgarth evidence in this page.,,,841,23b1caf224c0ae446615be55b599166e1aa0b77ddb0b320246742d13378d1b63,False,False,
bkdprov.htm,Dumnonian Proverbs,page,Dragonlords or unrelated content,retain,No identified Queen’s Own or Velgarth evidence in this page.,,,1362,9c04b66b857bc915eecab6ea3ed2f4fbb48f73222d449efd8a4bb059e11bf300,False,False,
bkdsong.htm,Dumnonian Songs,page,Dragonlords or unrelated content,retain,No identified Queen’s Own or Velgarth evidence in this page.,,,3405,e5f8f0edbb73cc1f7eb7b1a970f170b2b89111a4b61a7ed372ac6cdbc4d92f8d,False,False,
bkelec.gif,,asset,,retain,,,,5510,0379a387565b8e6fa0e9abe099e5bdba723883d177885ab6b39d35ea45cb3bcd,False,False,
bkfanam.htm,Dragonlords' Bookstore--Fantasy--Anne McCaffrey,page,Dragonlords or unrelated content,retain,No identified Queen’s Own or Velgarth evidence in this page.,,,13902,7ada4d6e7129444f781a82fea6154292214efd7506de4b5418a16665c5173de1,False,False,
bkfancsl.htm,Dragonlords' Bookstore--Fantasy--C.S. Lewis,page,Dragonlords or unrelated content,retain,No identified Queen’s Own or Velgarth evidence in this page.,,,24981,3742a8fce3255e02beb2996378d3b8db700211f05cfbcd6fd83315e6dc39ab34,False,False,
bkfanjw.htm,Dragonlords' Bookstore--Fantasy--Jane Welch,page,Dragonlords or unrelated content,retain,No identified Queen’s Own or Velgarth evidence in this page.,,,4463,ce68630264b895d073667286472263883cc4610f39e7f1e44eeb29cce3ad40a8,False,False,
bkfanlkh.htm,Dragonlords' Bookstore--Fantasy--Tanya Huff,page,Dragonlords or unrelated content,retain,No identified Queen’s Own or Velgarth evidence in this page.,,,7055,ac81c562f0e4a9817f4db29b82fc2a4e934c742f95fc711b724da8b5ea371449,False,False,
bkfanls.htm,Dragonlords' Bookstore--Fantasy--Lawrence Schimel,page,Dragonlords or unrelated content,retain,No identified Queen’s Own or Velgarth evidence in this page.,,,8453,bded7891f36626cba01214efd29c4a2cd0c6b4be6f6e9e06ed7c2b24356ae9f4,False,False,
bkfanml.htm,Dragonlords' Bookstore--Fantasy--Mercedes Lackey,page,Mixed or incidental references,review,"Related terms appear, but this may be mixed content, a generic resource, or an incidental reference.",Valdemar; Queen's Own,_index.md; qoapr02.htm.md; qoapr03.htm.md; qoaug04.htm.md; qodec01.htm.md; qodec03.htm.md; qodec04.htm.md; qojan02.htm.md; qojan04.htm.md; qojan92.htm.md; qojul03.htm.md; qojul04.htm.md; qomar01.htm.md; qomar03.htm.md; qomay00.htm.md; qomay01.htm.md; qonov02.htm.md; qooct01.htm.md; qooct03.htm.md; qooct04.htm.md; qosep03.htm.md; qosep04.htm.md,14191,e8352034fbe5ac6638193b71e900e851490719bb5ccf8dd22ae95176ec96fd2d,False,False,
bkfanmr.htm,Dragonlords' Bookstore--Fantasy--Melanie Rawn,page,Dragonlords or unrelated content,retain,No identified Queen’s Own or Velgarth evidence in this page.,,,6313,663c9f0eb4abdf4d162d1b81733bee599ea36750385e41ddfd2bf1badf7ac3b8,False,False,
bkfansm.htm,Dragonlords' Bookstore--Fantasy--Sophie Masson,page,Dragonlords or unrelated content,retain,No identified Queen’s Own or Velgarth evidence in this page.,,,4166,da9563a19a8fa9a40fca615def489e64b66b3fe60ecd00c561405a30c704898c,False,False,
bkfantasy.htm,Dragonlords' Bookstore--Fantasy,page,Dragonlords or unrelated content,retain,No identified Queen’s Own or Velgarth evidence in this page.,,,9159,8cdbbe4ede56c73e0121ba13d92d643df184de7f71bbea13c562266253e278aa,False,False,
bkfanth.htm,Dragonlords' Bookstore--Fantasy--Tanya Huff,page,Dragonlords or unrelated content,retain,No identified Queen’s Own or Velgarth evidence in this page.,,,8002,c3a1451ca5c052a9ff52cff9d159ee73f41d3ed4f02c85eaa981fe64ddfa0827,False,False,
bkgay.htm,Dragonlords' Bookstore--Gay and Lesbian Studies,page,Dragonlords or unrelated content,retain,No identified Queen’s Own or Velgarth evidence in this page.,,,16583,6ea04755aee117d44eff5cb766ae4fc324c60810defb0c1cde923603aaba9e4a,False,False,
bkgaydah.htm,Dragonlords' Bookstore--Gay and Lesbian Studies,page,Dragonlords or unrelated content,retain,No identified Queen’s Own or Velgarth evidence in this page.,,,3613,dcb69488e38296d7032a093ef6257e0acc5c2a1aed0c90101288c2a0554bb1ab,False,False,
bkgaydks.htm,Dragonlords' Bookstore--Gay and Lesbian Studies,page,Dragonlords or unrelated content,retain,No identified Queen’s Own or Velgarth evidence in this page.,,,3563,fa6c698ebaf4503ad12496e86f678b6b5d28889d56abaae2be72e8ab993ec649,False,False,
bkgaygh.htm,Dragonlords' Bookstore--Gay and Lesbian Studies,page,Dragonlords or unrelated content,retain,No identified Queen’s Own or Velgarth evidence in this page.,,,4916,af399d159ffb087bc650b30b7a28c88c7d299556c5339d507e2cdbb2c2f073d3,False,False,
bkgaygl.htm,Dragonlords' Bookstore--Gay and Lesbian Studies,page,Dragonlords or unrelated content,retain,No identified Queen’s Own or Velgarth evidence in this page.,,,3578,3a447fb0ca3e6fe30f0d4bed749384f350a50449a68a4704759000d7de4d2b60,False,False,
bkgaylkg.htm,Dragonlords' Bookstore--Gay and Lesbian Studies,page,Dragonlords or unrelated content,retain,No identified Queen’s Own or Velgarth evidence in this page.,,,3067,e7ed70ec4f10beacba8c2613713f6bf8b84feaf6c8462117fa4f0bd454a7a206,False,False,
bkgaylmt.htm,Dragonlords' Bookstore--Gay and Lesbian Studies,page,Dragonlords or unrelated content,retain,No identified Queen’s Own or Velgarth evidence in this page.,,,3043,32dc896675dca7b87a283feeb81d947882570aba265ba5ff5f6f6cf8b5824ac1,False,False,
bkgaymf.htm,Dragonlords' Bookstore--Gay and Lesbian Studies,page,Dragonlords or unrelated content,retain,No identified Queen’s Own or Velgarth evidence in this page.,,,11542,294fffe9c8e217d60c1d7f6108290efa29a883e83e1c974c73c4707a576ee316,False,False,
bkgaypjg.htm,Dragonlords' Bookstore--Gay and Lesbian Studies,page,Dragonlords or unrelated content,retain,No identified Queen’s Own or Velgarth evidence in this page.,,,3911,17851308bea1fc33d5b5326bdc3e5605589517fdf2df7ee7e077d7f7623d21a9,False,False,
bkgayri.htm,Dragonlords' Bookstore--Gay and Lesbian Studies,page,Dragonlords or unrelated content,retain,No identified Queen’s Own or Velgarth evidence in this page.,,,3452,4881c65cd715d488e01d9637828044d3c87074e0247cbf42a2b10cc0e176554f,False,False,
bkgaysl.htm,Dragonlords' Bookstore--Gay and Lesbian Studies,page,Dragonlords or unrelated content,retain,No identified Queen’s Own or Velgarth evidence in this page.,,,4059,c520e7413c35310b36d495a40a1c11f5412a8b72725971cfb3e2d7ce933f4f0a,False,False,
bkgw.htm,Great Wizards,page,Dragonlords or unrelated content,retain,No identified Queen’s Own or Velgarth evidence in this page.,,,1971,1711e8a291a59609418c939667739085cd980cec74c423882618633481a9a5b9,False,False,
bkholiday.htm,Dragonlords' Bookstore--Holidays,page,Dragonlords or unrelated content,retain,No identified Queen’s Own or Velgarth evidence in this page.,,qojul05.htm.md,11165,e77da4670b494aa2aa1631b3c16afe4e7c625f2e681188d5c55ec8c33fe680d4,False,False,
bkhrt.gif,,asset,,retain,,,,31393,cd19faa6b3bb3c091f439ad0016a5a8642ce7613d5cff0aabcffe8c514e7c9e2,False,False,
bkhrt2.gif,,asset,,retain,,,,3913,ba94eb510829cd4162876996b7e1ec9a33731bae5bc94e3c9c85e109d15b3f10,False,False,
bkjuv.htm,Dragonlords' Bookstore--Children's Books,page,Dragonlords or unrelated content,retain,No identified Queen’s Own or Velgarth evidence in this page.,,,20294,790a17d3ab37526dec9936f82d62f8ac15a876dfa21f05f6710882dde51204da,False,False,
bkjuvd.htm,Dragonlords' Bookstore--Disney,page,Dragonlords or unrelated content,retain,No identified Queen’s Own or Velgarth evidence in this page.,,,6770,d7e8119e5f819e7ee454434fd8fcacb3423d5a5e6f6cf6025d04cb44e5d34626,False,False,
bkjuvgi.htm,Dragonlords' Bookstore--Disney,page,Dragonlords or unrelated content,retain,No identified Queen’s Own or Velgarth evidence in this page.,,,6922,da03596eec55acbafa222c87189ad8bdb37a7b1e8941b18540d67f660b518a8c,False,False,
bkjuvhp.htm,Dragonlords' Bookstore--J.K. Rowling's Harry Potter,page,Dragonlords or unrelated content,retain,No identified Queen’s Own or Velgarth evidence in this page.,,qojul05.htm.md; qojun05.htm.md,16300,444a99a4cbe2d82a5ce063e8703f7587b6fe9a143c38e5a21fae7b8efe3e04c4,False,False,
bkjuvmsb.htm,Dragonlords' Bookstore--Children's Books--Magic School Bus,page,Dragonlords or unrelated content,retain,No identified Queen’s Own or Velgarth evidence in this page.,,,23866,5cd94b790b1726568c890698335ad315a90b803958bff8a2361a5b969a1073da,False,False,
bkjuvmth.htm,Dragonlords' Bookstore--Children's Books--Magic Tree House,page,Dragonlords or unrelated content,retain,No identified Queen’s Own or Velgarth evidence in this page.,,,27734,f01e827800e162d6dc510325cd39d5a5a58c1616648b1126571ae2ff9609123c,False,False,
bkjuvrel.htm,Dragonlords' Bookstore--Children's Books; Religion,page,Dragonlords or unrelated content,retain,No identified Queen’s Own or Velgarth evidence in this page.,,,6468,2da27ba7f4a9b97c9b91eb403b5d866880842e496c83f0c7f9a5e7acb1e85931,False,False,
bkjuvt.htm,Dragonlords' Bookstore--Children's Books--Teletubbies!,page,Dragonlords or unrelated content,retain,No identified Queen’s Own or Velgarth evidence in this page.,,,7952,9a35db97f07f3ced07b00e501b0d07cf79b3ad6a772fb605a890259724da1b4f,False,False,
bkjuvttt.htm,Dragonlords' Bookstore--Children's Books--Thomas the Tank Engine,page,Dragonlords or unrelated content,retain,No identified Queen’s Own or Velgarth evidence in this page.,,,28250,f1d9d2a9c233bf75294e1b74af517f4edf973fa17ab6d5432864a0fd6913cdd4,False,False,
bkjuvvt.htm,Dragonlords' Bookstore--Children's Books--Veggie Tales,page,Dragonlords or unrelated content,retain,No identified Queen’s Own or Velgarth evidence in this page.,,,14295,792669e52b3aef6ab1a142cc41b24b538edf41ae3f2386f5a9934658cd6747e7,False,False,
bkjuvygo.htm,Dragonlords' Bookstore--Yu-Gi-Oh!,page,Dragonlords or unrelated content,retain,No identified Queen’s Own or Velgarth evidence in this page.,,qooct03.htm.md,90459,463fdad72cc58782d2489ffa20bc86a9391876cb8ccdb037f6901aed58289b12,False,False,
bkka5ah.htm,Dragonlords' Bookstore--Arthur--Scholarly Texts,page,Dragonlords or unrelated content,retain,No identified Queen’s Own or Velgarth evidence in this page.,,,4698,f0ba48175e0c02854e13e3a78a06e438584b9e3db46f871122990e9f20852907,False,False,
bkka5cep.htm,Dragonlords' Bookstore--Arthur--Scholarly Texts,page,Dragonlords or unrelated content,retain,No identified Queen’s Own or Velgarth evidence in this page.,,,3236,8750cf50ac62c72277ada89923e406902353df4c6871d4ecf0e14fd0ceff2b44,False,False,
bkka5csl.htm,Dragonlords' Bookstore--Arthur--Scholarly Texts,page,Dragonlords or unrelated content,retain,No identified Queen’s Own or Velgarth evidence in this page.,,,4683,0457acf79a7b4c371fb9935b92c004a7d9d05b44453ca6118bb3dba5aeba18c7,False,False,
bkka5dnm.htm,Dragonlords' Bookstore--Arthur--Scholarly Texts,page,Dragonlords or unrelated content,retain,No identified Queen’s Own or Velgarth evidence in this page.,,,3596,5320d3d3d317156bcaf7169d23156e22f21b5316c4e7e1ac92c3cc2b8f58b20a,False,False,
bkka5ga.htm,Dragonlords' Bookstore--Arthur--Scholarly Texts,page,Dragonlords or unrelated content,retain,No identified Queen’s Own or Velgarth evidence in this page.,,,4892,2daa4c31fec270d3d9dff25915ee85b25cfd01c839c2dad4feacde6e0266d0a0,False,False,
bkka5gp.htm,Dragonlords' Bookstore--Arthur--Scholarly Texts,page,Dragonlords or unrelated content,retain,No identified Queen’s Own or Velgarth evidence in this page.,,,3722,1bb99f7721021e77b065ed6b061789255d00a4fde9e47a1d3fdccd269cf8add0,False,False,
bkka5jcm.htm,Dragonlords' Bookstore--Arthur--Scholarly Texts,page,Dragonlords or unrelated content,retain,No identified Queen’s Own or Velgarth evidence in this page.,,,45433,0145d979945ae45f3ec1700342f7192184fed0c54033859ffa569852442cc5ca,False,False,
bkka5jm.htm,Dragonlords' Bookstore--Arthur--Scholarly Texts,page,Dragonlords or unrelated content,retain,No identified Queen’s Own or Velgarth evidence in this page.,,,4332,6134a55065ea40fc7be7ce78b84e9ba19fa26be5cca7d36e768584b1a1c7ce19,False,False,
bkka5jw.htm,Dragonlords' Bookstore--Arthur--Scholarly Texts,page,Dragonlords or unrelated content,retain,No identified Queen’s Own or Velgarth evidence in this page.,,,8654,03efc31ae9fd36a7c2acd09fdb0a2d5319ae0be8a3bf20ef50be10f9f6b6b343,False,False,
bkka5ng.htm,Dragonlords' Bookstore--Arthur--Scholarly Texts,page,Dragonlords or unrelated content,retain,No identified Queen’s Own or Velgarth evidence in this page.,,,5207,f2fdd16ece84c41cd5b92289cda8cf704ce62c26e08f26a401f3b6a9350c0fac,False,False,
bkka5pf.htm,Dragonlords' Bookstore--Arthur--Scholarly Texts,page,Dragonlords or unrelated content,retain,No identified Queen’s Own or Velgarth evidence in this page.,,,3144,10456cc2827d20447ed9f0cef34fc7a89bed361368892dcaecf72e1c72637655,False,False,
bkka5rb.htm,Dragonlords' Bookstore--Arthur--Scholarly Texts,page,Dragonlords or unrelated content,retain,No identified Queen’s Own or Velgarth evidence in this page.,,,9840,02f6bbd2ce88160c8c80b4053b1c6eb8b8521122f6cbc409914858623a091589,False,False,
bkka5rjs.htm,Dragonlords' Bookstore--Arthur--Scholarly Texts,page,Dragonlords or unrelated content,retain,No identified Queen’s Own or Velgarth evidence in this page.,,,8209,03410b86a979d7160abd888cd9e4b5bbb625e838b3f97c3618bfb48db243a7e0,False,False,
bkka5rsl.htm,Dragonlords' Bookstore--Arthur--Scholarly Texts,page,Dragonlords or unrelated content,retain,No identified Queen’s Own or Velgarth evidence in this page.,,,4295,09a0a7a7a2121f649b9bbce3fedc090f2549dc43cbbda9a797f5a29378836a55,False,False,
bkka5tm.htm,Dragonlords' Bookstore--Arthur--Scholarly Texts,page,Dragonlords or unrelated content,retain,No identified Queen’s Own or Velgarth evidence in this page.,,,3339,7ea78e84580c733177b8aa292da75cef90e7682a400635e980d9b6b312d5a5e6,False,False,
bkka5tr.htm,Dragonlords' Bookstore--Arthur--Scholarly Texts,page,Dragonlords or unrelated content,retain,No identified Queen’s Own or Velgarth evidence in this page.,,,3471,a6e03e1ad8cc08299495b631deeb4cab17bfe7c5c815d44d155faaa66e950e8f,False,False,
bkkng.gif,,asset,,retain,,,,41250,fd589b2d4ef22570d85612d8a46dc71238cc20cb6b61e8b94f1182a38d1ac91c,False,False,
bkkng2.gif,,asset,,retain,,,,4788,bf733b1e55175047c2c1b48b1195d6eb2bcc31cad8796e78bec1e85ef4f304b1,False,False,
bklay3.gif,,asset,,retain,,,,536,e9d13f993adbce61f3b3acab84317ce547d64ffd708e5fc0bcbe7a13a16aa8ae,False,False,
bklight.htm,Book of Light,page,Dragonlords or unrelated content,retain,No identified Queen’s Own or Velgarth evidence in this page.,,,4134,ba07b13e4fde25407a73e1c2e799869d3405e5a050337eb42c861a34dff009fb,False,False,
bklrd.gif,,asset,,retain,,,,33648,1c54f4ef703153a046f2ce901433635c3c7435c61bc38f8b2f36ab5502875c42,False,False,
bklrd2.gif,,asset,,retain,,,,3950,de729638637622ae27b3e41e6c6f13f3aacf3d90429dc55968e43b4478378955,False,False,
bkmalcor.htm,Dragonlords' Bookstore--Malcor,page,Dragonlords or unrelated content,retain,No identified Queen’s Own or Velgarth evidence in this page.,,qojun04.htm.md; qonov00.htm.md; qooct00.htm.md; qooct03.htm.md; qosep00.htm.md,10031,a3ed9e1fbe1edd31039dd8e8793fe473c6052d4816a0a3987bf44a3c6bc2be45,False,False,
bkmedhist.htm,Dragonlords' Bookstore--History,page,Dragonlords or unrelated content,retain,No identified Queen’s Own or Velgarth evidence in this page.,,,9954,c99b3d127771f11663e895262eb7989c1295fcb6f7d07d8eafb70c3934186c8b,False,False,
bkmess.htm,Dragonlords' Bookstore,page,Dragonlords or unrelated content,retain,No identified Queen’s Own or Velgarth evidence in this page.,,,1367,a290e8444abc03c9eb272417c801a889e2e1284983f2938b6aa0cb56d2830ceb,False,False,
bkmhbsb.htm,Dragonlords' Bookstore--Medieval History,page,Dragonlords or unrelated content,retain,No identified Queen’s Own or Velgarth evidence in this page.,,,4728,4b2e9d018d79a7a4a486c18ef3dffb4084843808bdcc6b85c2fbf428911f54c7,False,False,
bkmhcwh.htm,Dragonlords' Bookstore--Medieval History,page,Dragonlords or unrelated content,retain,No identified Queen’s Own or Velgarth evidence in this page.,,,4896,39e1b5dc547a2b78b0fb19c824c6f4fef5c1ceb26bd97dc7da9b67caf4b217b2,False,False,
bkmhjfg.htm,Dragonlords' Bookstore--Medieval History,page,Dragonlords or unrelated content,retain,No identified Queen’s Own or Velgarth evidence in this page.,,,3764,b322567fb5e7346c2ec3ea900a4ea03daaa2acbb0300e322f0037b732c577437,False,False,
bkmhjl.htm,Dragonlords' Bookstore--Medieval History,page,Dragonlords or unrelated content,retain,No identified Queen’s Own or Velgarth evidence in this page.,,,5243,1c53c4adea64dfc89767525ed80d8802354aab8b55f52ac25d0979621e288b78,False,False,
bkmhnjh.htm,Dragonlords' Bookstore--Medieval History,page,Dragonlords or unrelated content,retain,No identified Queen’s Own or Velgarth evidence in this page.,,,4710,4167d2b2175e1645efde4d8511d76cda0e332906223e0bb4de6d8eb01299eb9b,False,False,
bkmhrb.htm,Dragonlords' Bookstore--Medieval History,page,Dragonlords or unrelated content,retain,No identified Queen’s Own or Velgarth evidence in this page.,,,4023,18185c56b54ce8844fadd7ab52ce5cd25debb60da1374178e2cea66cca9a74a9,False,False,
bkmlbc.htm,Dragonlords' Bookstore--Fantasy--Mercedes Lackey,page,Mixed or incidental references,review,"Related terms appear, but this may be mixed content, a generic resource, or an incidental reference.",Queen's Own,,3468,41c5800e8c91a9161aaa4c1d77e1287a544ae0f73ce65aa906c18977eb8d7253,False,False,
bkmlbs.htm,Dragonlords' Bookstore--Fantasy--Mercedes Lackey,page,Mixed or incidental references,review,"Related terms appear, but this may be mixed content, a generic resource, or an incidental reference.",Queen's Own,,7318,95acf240f73f4153aed892a9a37079196c1433073368162bf5589fadc002306f,False,False,
bkmlbt.htm,Dragonlords' Bookstore--Fantasy--Mercedes Lackey,page,Mixed or incidental references,review,"Related terms appear, but this may be mixed content, a generic resource, or an incidental reference.",Queen's Own,,5332,e162b460c87917396bec90a7f52b5f4e43b797538d69a32e21bb27665410ade1,False,False,
bkmlbv.htm,Dragonlords' Bookstore--Fantasy--Mercedes Lackey,page,Mixed or incidental references,review,"Related terms appear, but this may be mixed content, a generic resource, or an incidental reference.",Queen's Own,,5199,28c7c5e2b70c14061a0ab51a408b75eda9405d29a1df9095afaf3322ba0a1b90,False,False,
bkmldt.htm,Dragonlords' Bookstore--Fantasy--Mercedes Lackey,page,Mixed or incidental references,review,"Related terms appear, but this may be mixed content, a generic resource, or an incidental reference.",Queen's Own,qomay00.htm.md,4829,a1da4066ce4d7997c3a71c1f1e31de936b911566c968d3eb5bafbf7bb4d9c9df,False,False,
bkmlem.htm,Dragonlords' Bookstore--Fantasy--Mercedes Lackey,page,Mixed or incidental references,review,"Related terms appear, but this may be mixed content, a generic resource, or an incidental reference.",Queen's Own,qojul05.htm.md,5045,ddb90ff63ed7e46d5dabdc9dde0b18fae9046937b05e9f2e824964d37772aedd,False,False,
bkmlft.htm,Dragonlords' Bookstore--Fantasy--Mercedes Lackey,page,Mixed or incidental references,review,"Related terms appear, but this may be mixed content, a generic resource, or an incidental reference.",Queen's Own,,5758,bfe46586a39d4f5224e9ba3b41db7c7b78f91865336dbf516a317fb6a784e472,False,False,
bkmlha.htm,Dragonlords' Bookstore--Fantasy--Mercedes Lackey,page,Mixed or incidental references,review,"Related terms appear, but this may be mixed content, a generic resource, or an incidental reference.",Queen's Own,,3955,07c3fba31eb506249cb98b9a8816fd17344b526babdc866876c0d9b1c79f1fab,False,False,
bkmlhc.htm,Dragonlords' Bookstore--Fantasy--Mercedes Lackey,page,Mixed or incidental references,review,"Related terms appear, but this may be mixed content, a generic resource, or an incidental reference.",Queen's Own,,4304,2fa33405e7e9932be1861897cfa4819f21fca6c0be3eadf45508a6430fdae6fe,False,False,
bkmlj.htm,Dragonlords' Bookstore--Fantasy--Mercedes Lackey,page,Mixed or incidental references,review,"Related terms appear, but this may be mixed content, a generic resource, or an incidental reference.",Queen's Own,qojun05.htm.md,4718,0205bfcc9f5a43f8897eccdf819ecccf18829a7ba1a7d5b6bcbe2b1f31daf5f8,False,False,
bkmlobs.htm,Dragonlords' Bookstore--Fantasy--Mercedes Lackey,page,Mixed or incidental references,review,"Related terms appear, but this may be mixed content, a generic resource, or an incidental reference.",Queen's Own,,5821,058c38e519a09fffcffa6199eca3b0be1a21ce0812f99f261f600040353cafb8,False,False,
bkmlot.htm,Dragonlords' Bookstore--Fantasy--Mercedes Lackey,page,Mixed or incidental references,review,"Related terms appear, but this may be mixed content, a generic resource, or an incidental reference.",Queen's Own,qojun04.htm.md,3672,0d23f30a027e225ff1b5879fcd8e18bb8336d4797f6d7b0895dda3b969afec3c,False,False,
bkmlse.htm,Dragonlords' Bookstore--Fantasy--Mercedes Lackey,page,Mixed or incidental references,review,"Related terms appear, but this may be mixed content, a generic resource, or an incidental reference.",Queen's Own,qomay00.htm.md,6529,47e3739ec7872a5adeccf6c32ca29127dbb33edf9b658546f39b695c7aced136,False,False,
bkmlsk.htm,Dragonlords' Bookstore--Fantasy--Mercedes Lackey,page,Mixed or incidental references,review,"Related terms appear, but this may be mixed content, a generic resource, or an incidental reference.",Queen's Own,,4422,cc7f795ee8fb5969eefb4545f92eed215945c0e4b6644bdb9a9f89bef06673d1,False,False,
bkmlvs.htm,Dragonlords' Bookstore--Fantasy--Mercedes Lackey,page,Mixed or incidental references,review,"Related terms appear, but this may be mixed content, a generic resource, or an incidental reference.",Valdemar; Queen's Own; Herald-Mage,_index.md; qodec03.htm.md; qohandouts.htm.md; qohh.htm.md; qojournal.htm.md; qojul05.htm.md; qojun02.htm.md; qolinks.htm.md; qolist.htm.md; qomay00.htm.md; qonews.htm.md; qonpc.htm.md; qooct02.htm.md,25011,c9cad4af419ad2b2c8d8fa11e081b1735f30fef1bfd85a13e8f9f8942510cada,False,False,
bkmlwc.htm,Dragonlords' Bookstore--Fantasy--Mercedes Lackey,page,Mixed or incidental references,review,"Related terms appear, but this may be mixed content, a generic resource, or an incidental reference.",Queen's Own,,5109,16f978a06e4e93d2b3e547911d62e7985e69edfcda1f6f2a7c25430adfb6d5d6,False,False,
bkmyst.htm,Dragonlords' Bookstore--Mystery,page,Dragonlords or unrelated content,retain,No identified Queen’s Own or Velgarth evidence in this page.,,,3707,251f8a0f11eafbcb42d29b2e54de8096e758af4fe7ebcbfd88a5acc65483f3ba,False,False,
bkmystep.htm,Dragonlords' Bookstore--Mystery,page,Dragonlords or unrelated content,retain,No identified Queen’s Own or Velgarth evidence in this page.,,,22950,7de69828f39efd02e405e11333225745885cc086dfdc6e398268b26f1a286b38,False,False,
bkmystjd.htm,Dragonlords' Bookstore--Mystery,page,Dragonlords or unrelated content,retain,No identified Queen’s Own or Velgarth evidence in this page.,,,4050,3acdc368a37d526c5b15a7d8ff21087d1bf7ce802f74b92ef955db5e2ccf4513,False,False,
bkmyth.htm,Dragonlords' Bookstore--Folklore and Mythology,page,Dragonlords or unrelated content,retain,No identified Queen’s Own or Velgarth evidence in this page.,,qoapr03.htm.md,11152,224497db397a5a785578aa067cc8ef831f83b47c774aa0b38e6d70c9c36f31fb,False,False,
bkmythgd.htm,Dragonlords' Bookstore--Myth,page,Dragonlords or unrelated content,retain,No identified Queen’s Own or Velgarth evidence in this page.,,,6713,055c40be505b266a4e5bc8af803b711397aabcd9463021fa720031d4867671c5,False,False,
bkmythsk.htm,Dragonlords' Bookstore--Myth,page,Dragonlords or unrelated content,retain,No identified Queen’s Own or Velgarth evidence in this page.,,,3530,5364b29d71f804a35db60dd772f8e3c45ce713af54bd386eedb2d0cf9205bd51,False,False,
bkmythtwr.htm,Dragonlords' Bookstore--Myth,page,Dragonlords or unrelated content,retain,No identified Queen’s Own or Velgarth evidence in this page.,,,3637,9566fece1979a6a3b29d6e9626b42999365f4d64fa8fa262fc607e23b61e85fa,False,False,
bkmythwby.htm,Dragonlords' Bookstore--Myth,page,Dragonlords or unrelated content,retain,No identified Queen’s Own or Velgarth evidence in this page.,,,8680,46657bc03a8ec387aa468799105eede3bc26825134442d663bc015b54a06307b,False,False,
bkondum.htm,On Dumnonia,page,Dragonlords or unrelated content,retain,No identified Queen’s Own or Velgarth evidence in this page.,,,2139,a14cbd03cd9b4ac89913440e03f4a9cb8dce2a6e4b787f79a77541f1e7e80956,False,False,
bkopen3.gif,,asset,,retain,,,,1130,697416fa270fde47a98dd2a1b8bb145d78c247ad57343aaac4c7e4b284378979,False,False,
bkpatrek.htm,Patrek's Lament,page,Dragonlords or unrelated content,retain,No identified Queen’s Own or Velgarth evidence in this page.,,,1641,00301fb53cf022cdbd11a32ec2ac71a78cf50ad88fe44b4f52495f38db9d14cd,False,False,
bkptb.htm,Bahakesh's Tchang,page,Dragonlords or unrelated content,retain,No identified Queen’s Own or Velgarth evidence in this page.,,,3373,f2ea602b061c580244dd70855d6c82dcacbf04b8e0fa0fa625168994f5b461cb,False,False,
bkpts.htm,Shane's Tchang,page,Dragonlords or unrelated content,retain,No identified Queen’s Own or Velgarth evidence in this page.,,,936,af0dd83b2d03da3315cad4d8b771e9aac31f6b90834762babb9d9c407da047f8,False,False,
bkrel.htm,Dragonlords' Bookstore--Religion,page,Dragonlords or unrelated content,retain,No identified Queen’s Own or Velgarth evidence in this page.,,,4499,8ca1821fc60b521b0af238c7d6be2a29f9a8710c58ab29fb5115d8fb788359e3,False,False,
bkrep.htm,Maelor's Report,page,Dragonlords or unrelated content,retain,No identified Queen’s Own or Velgarth evidence in this page.,,,2770,aa8b7121a7635cd9505725e5fec013fb084860a90da2f6c701c72bd5991d9bb9,False,False,
bkrid1.gif,,asset,,retain,,,,53390,ba4df47e6cad4632e7f3c72147e644b4d514c08a3733cf3d57b5cd8d55cac24b,False,False,
bkrid2.gif,,asset,,retain,,,,3854,8d4f21903528358a450f0eda9db55fdd9e1b178183dc61eb2d73014a2cb4c376,False,False,
bkscifi.htm,Dragonlords' Bookstore--Science Fiction,page,Dragonlords or unrelated content,retain,No identified Queen’s Own or Velgarth evidence in this page.,,qoapr03.htm.md; qodec02.htm.md,9398,025f946b9e5f614b42dfcb5768afeae57affde19aeaf90531194dc4ff30fde27,False,False,
bkser.htm,Sermon,page,Dragonlords or unrelated content,retain,No identified Queen’s Own or Velgarth evidence in this page.,,,1075,8c6556233a2a0054b514d65f1de3ab7460d4dc118b5e5988c15b018396dc0242,False,False,
bksfbg.htm,Dragonlords' Bookstore--Science Fiction,page,Dragonlords or unrelated content,retain,No identified Queen’s Own or Velgarth evidence in this page.,,,9158,5f69a15466e717dafea40bcf1c88f12b01568e47040324773ac8688d6ee44c68,False,False,
bksfda.htm,Dragonlords' Bookstore--Science Fiction,page,Dragonlords or unrelated content,retain,No identified Queen’s Own or Velgarth evidence in this page.,,,11652,91f35f5459769e3f002a78cd664f39e075309e0dd13d9b237661e7a179a0b835,False,False,
bksfjf.htm,Dragonlords' Bookstore--Science Fiction,page,Dragonlords or unrelated content,retain,No identified Queen’s Own or Velgarth evidence in this page.,,qomar04.htm.md,6017,eb8973c90a6444050094abcf380677fb8a5524dd94427d283e94d03f0d16485b,False,False,
bksfst.htm,Dragonlords' Bookstore--Science Fiction,page,Dragonlords or unrelated content,retain,No identified Queen’s Own or Velgarth evidence in this page.,,,3563,bb656c2ac4ea96517f06d924ee554146592de054c10854cf305e31b549efe152,False,False,
bkspeak.htm,Dragonlords' Bookstore--Speech Resources,page,Dragonlords or unrelated content,retain,No identified Queen’s Own or Velgarth evidence in this page.,,,3087,d6589c20bbbf2da4cc78f0a6fcdf8bfce3252d7223254143a27dfd0ddbdeb572,False,False,
bkstack.gif,,asset,,retain,,,,5069,0f058ca1d8fde3b1b4114c9ed3918d26c760bda2ce8ff3569c58755bb1026285,False,False,
bkstack1.gif,,asset,,retain,,,,3575,c628b493dbc42db55e678b0687118200e2186eddd60c0db4e719521350667720,False,False,
bkstack2.gif,,asset,,retain,,,,1180,47c5d67e84684031821813a1723ebd31639b2d8d3f56a32ec1b5171628ffb2b2,False,False,
bkstack3.gif,,asset,,retain,,,,750,0c9b4afe01a0cb1a9c4f3fdf28da7a01a485fc802e56400b32a498153e2c447b,False,False,
bkstarwars.htm,Dragonlords' Bookstore--Star Wars,page,Dragonlords or unrelated content,retain,No identified Queen’s Own or Velgarth evidence in this page.,,,5847,80f78bfb98a78740009e485bc99f8252ffeb8909354ff44999d923fd1f5391b5,False,False,
bkstb.htm,Sayings of Tchang,page,Dragonlords or unrelated content,retain,No identified Queen’s Own or Velgarth evidence in this page.,,,931,436b53cebe9d839a216a5837b9801062f88db51c8480dc9f8efb05f2d4e8b9a8,False,False,
bkstore.htm,Dragonlords' Bookstore,page,Dragonlords or unrelated content,retain,No identified Queen’s Own or Velgarth evidence in this page.,,_index.md; qoapr05.htm.md; qoaug05.htm.md; qodec03.htm.md; qodec04.htm.md; qofeb05.htm.md; qofeb92.htm.md; qofun.htm.md; qojan05.htm.md; qojul05.htm.md; qojun00.htm.md; qojun05.htm.md; qomay01.htm.md; qonov04.htm.md; qooct00.htm.md; qooct04.htm.md,4287,b9959be507150d033b5a184ad5f3f700e8cf6b0b8d3151876adc5161ea7bdc5e,False,False,
bktoy.gif,,asset,,retain,,,,2340,357fa26d74256ed0784650442822dd4aaa223e2a9d98d91858036868dacad2e9,False,False,
bkvideo.htm,Dragonlords' Bookstore--Movies,page,Dragonlords or unrelated content,retain,No identified Queen’s Own or Velgarth evidence in this page.,,qoapr03.htm.md,6145,303f8043dc4930154a4ad5f46e657749cd6b52f9c5867198ea4016c503f70814,False,False,
bkvis.htm,Dumnonian Visions,page,Dragonlords or unrelated content,retain,No identified Queen’s Own or Velgarth evidence in this page.,,,2005,9810fc139517dee171888f18e921a0c55d2d336ba04ec2e6080ac1983b25c887,False,False,
bkwis.htm,Wisdom,page,Dragonlords or unrelated content,retain,No identified Queen’s Own or Velgarth evidence in this page.,,,1237,2886061c3d51f2b9470b3cd6a2c7c264ef13ebc74a06ebde8a17524ca233b136,False,False,
bkwrite.htm,Dragonlords' Bookstore--Writing,page,Dragonlords or unrelated content,retain,No identified Queen’s Own or Velgarth evidence in this page.,,,8775,8f8c7cce2fee4e3d5dc1b99eac870eb5cbb75d8ba22c72dd554408b9c7993d87,False,False,
black_knight.gif,,asset,,retain,,,,9470,3d6398b2deefe77c8b27cf049a2cb7e2c6362f3d86e3cf0127fec9635410b30e,False,False,
book2.gif,,asset,,shared_existing,,,,2725,19fc9e87f06783a7d5680eee66ad56f3d33a23108f5eabc4f0f9030dad141986,True,True,
bookshelf.gif,,asset,,retain,,,,4111,07c75cff2b47dcd7d1af68587a1b5e092ea8451a4d6442d50ead3ff8d2b2b8cd,False,False,
bottle.gif,,asset,,retain,,,,832,d1133c1ade155dda8f60343241d2a78b0ab6db36c3cf343244e6ee124947ff7f,False,False,
breed.htm,DRAGON BREEDING MANUAL,page,Dragonlords or unrelated content,retain,No identified Queen’s Own or Velgarth evidence in this page.,,,6193,466078ce54a01db1942f4b6cdf65fed8f9f5fef5fc6cb0711fc3ea7675eb2b85,False,False,
bribbon.gif,,asset,,retain,,,,5615,fabf7508dae0334d9b81f43dfa315426a9593e0ce4c77dc0b0d4425a0b9d8d17,False,False,
bronze1.gif,,asset,,retain,,,,48352,b96c782a351bbb1bd65ac73d933b5bf5974857ccd86277ecb9c7fe83e1f0d15c,False,False,
bsg1.jpg,,asset,,retain,,,,22384,6c5bf2f5025e21f66a57ba275a57637776f6bd1a477d7bfa6dbf326c3acf14e4,False,False,
bsg2.jpg,,asset,,retain,,,,30565,7934d19f0d970f3bd1583cedc10d2bf7be37aeead96e4ac01c5cd621f33d50ef,False,False,
bsg3.jpg,,asset,,retain,,,,35807,6244d3d33f2d4b669782bc39fe819e6f12d414b9cd9aba4936c92c47e2983a96,False,False,
bsg4.jpg,,asset,,retain,,,,31605,4ae91bb3aff0964d0446123ac42c9bcb8abffc7c2419579d1bc7673f71d65b44,False,False,
bsg5.jpg,,asset,,retain,,,,28851,6571b74629fec97f259f14a17701558591ed00162d071f02b97d08077ec6b88d,False,False,
buck.gif,,asset,,retain,,,,14629,5156408cdf7f5e16a23fd1b217af1d9efa17641af040782d5139cb90e2773489,False,False,
butaniauc.gif,,asset,,retain,,,,4189,feff5be4d0e51fd05de042be96e3ee92c12b184a119d7c41b0cf43d8e7c8935c,False,False,
butapr.gif,,asset,,retain,,,,5495,3d7b4c6c2760dd7a690c8e153f93d846642b6659e5ff8cdc5b11787aaed1b166,False,False,
butaug.gif,,asset,,retain,,,,5368,a376b521db9aae4cc9857abe611b431eeb98aa665c4dec25d53b1251579e3399,False,False,
butback.gif,,asset,,dependency,,,,1838,1c0c90931eaf4d7b73a9a590163e4fd6ad7bc431a5195f7db1d8b3bfe0987f13,False,True,danyacc.htm; danyagg.htm; danyasc.htm; recipes.htm
butblank.gif,,asset,,retain,,,,2326,75aeb29d795ea25f0236b5244911eab56fac3cc5a683a23c32c448d7e563d235,False,False,
butdec.gif,,asset,,retain,,,,5538,1a3c0baf4561930bf7497af8ea96c1d94e3596993ac9e66c4a7074e696b3beeb,False,False,
butfeb.gif,,asset,,retain,,,,5302,1546384a6e53ac48c7b736f4856a553f064defc6a82ce82f06e59d1d0dac2781,False,False,
butform.gif,,asset,,retain,,,,2918,20aafbcf2b39cb967d3c6088246f7c7bdc0348d388dffb50d99506da5641e4e8,False,False,
buthelp.gif,,asset,,retain,,,,2359,8af83b2a59ef1f04f7ee0e23e2ddac827523b809f4a574af572c2da3de8ef136,False,False,
buthelp2.gif,,asset,,retain,,,,2354,2acdc0ab45de1cfb016646e1297f898a4070a062f7e59ed61213936965d04f17,False,False,
buthelp3.gif,,asset,,retain,,,,2360,77ca6bd0c11a8956fc65352e0099f1fc54dedfed92f2f3b24b4a8a4120ce36f6,False,False,
buthome.gif,,asset,,dependency,,,,2367,9b11dee1aef4f1887b800e62150048ecf94d011aaaa53d7ef167f529d51f80ee,True,True,danc.htm; danhc.htm; danmag1.htm; danp.htm; danr.htm; danspell.htm; dantime.htm; danya.htm; danyacc.htm; danyagg.htm; danyasc.htm; dcpawn.htm; dcprice.htm; dcprom.htm; recipes.htm
butinfo.gif,,asset,,retain,,,,2422,1e18663d74f35f7373537e0124187f721bda0ef221b48d795d6e08ce0a2d16b2,False,False,
butinfo2.gif,,asset,,retain,,,,3112,5c2dd3d80ce338bea74d5dcc3160ef7c863927d20f0641ab04c70c0bd9d5ee17,False,False,
butjan.gif,,asset,,retain,,,,5438,723d4db8ab6093d3ca3a735f5cd9dd4c4519f569b26e73869ea221b381bcdf2f,False,False,
butjul.gif,,asset,,retain,,,,5649,406d23984e70767e64e4a3c42e8403ade742b1066407674753a253ab09812c6b,False,False,
butjun.gif,,asset,,retain,,,,5552,8a256c61b5c28cb2954e6eeeabd5c617d93f5ec94b92d5397db3291fec5fbdc7,False,False,
butmar.gif,,asset,,retain,,,,5522,882e0a042412eec97192f416f19f080aba34fb4045c126afc4fa623994048e12,False,False,
butmay.gif,,asset,,retain,,,,5625,97f81d8a2d9c418c1c065ff32f14d98ea612b05f7d001a404f62e7d80835b12f,False,False,
butmoth.gif,,asset,,retain,,,,2883,cc1680e262d13a4e922a75fb392ed3391906fec565bee9664058c22e0ce214ef,False,False,
butmoth1.gif,,asset,,retain,,,,2760,e310392f8fa7498288748889dfab8dd215d9955dc20a50b9347912583d476f2d,False,False,
butmoth2.gif,,asset,,retain,,,,2790,e360767d3b1c8795dd31cc0bf7e51761d4645a71318cf305476877cac9bab147,False,False,
butmoth3.gif,,asset,,retain,,,,2766,aedcd548062ef580132d4f6c80258371c935d85c81c84fee1fae353b140b029b,False,False,
butmoth4.gif,,asset,,retain,,,,2788,a902ea81932c95711988edc207e1b41c746b598ea86ba451c71925c310080142,False,False,
butmoth5.gif,,asset,,retain,,,,2811,e0cc84e257d06d1980763f2c0669c94af3cd01741b8d1037ed460e86899c3187,False,False,
butmoth6.gif,,asset,,retain,,,,2628,821150a04cc173ea1fb0d9c52ece8b40dd37c644ba0c6d37618da4c81477bd52,False,False,
butnov.gif,,asset,,retain,,,,5655,f60d317c773926295394ef83044b0652a8a902b1b303b1779266ddca9acfbb0a,False,False,
butoct.gif,,asset,,retain,,,,5402,e7fb81ddfe38fb9ba6f7ad85c25728cf96890f4c6bc494ed07f9dc9819c110e8,False,False,
butscroll.gif,,asset,,retain,,,,1230,6939b8739171f8b70275bb0271f660c8a4cf45931691643cabb4ba100eee1738,False,False,
butsep.gif,,asset,,retain,,,,5613,2d66db1271647adaa3feb5dbbd6fe855e7baca7cd232d8b356ecbf9c8167ce62,False,False,
butsize.gif,,asset,,retain,,,,1943,8217fdadcb4f2eb7dc6633eee5c95ceeb3635bcde5f7c160f6632147f25cb1aa,False,False,
butwhat.gif,,asset,,retain,,,,2401,e1571e9be158cab92c421d832402e5a17faf1ec5b8d8851a892459fbd78a5ef6,False,False,
butwho.gif,,asset,,retain,,,,2519,92f789275ac86c4d1c656f4f34050487302f479040526f375087b137b5e7ae6b,False,False,
cKhagd.gif,,asset,,retain,,,,8296,3ffc084e85740e8bd27aa86880b77b850cbfac9a76ddb6118ff7f13b83dc5210,False,False,
ca.gif,,asset,,retain,,,,1847,fb235d6213aded7f194b54ed27c3416f2e8cafd0e23d731bcce8a535ceaa76a5,False,False,
caftan.gif,,asset,,retain,,,,5000,8a0ba6719451d8f62954fee8f674bac0fac408e8a2c5b226192a814a640937fa,False,False,
calendar.gif,,asset,,retain,,,,4584,1750cc4e89bef88d50d06c2a3dd73f998da9bd8286ec9e20b98459b7021a4b00,False,False,
candle.gif,,asset,,retain,,,,3436,9e080f948ce8ad01a2c1f579dbfb228849e930d11e3decacc97d5c17d2557d20,False,False,
candle2.gif,,asset,,retain,,,,1530,b7a45a934d83145ec0ce884552220e74afab0b8eb479a52c08592e684b59fa0d,False,False,
candle3.gif,,asset,,retain,,,,1525,4ad43c204292c629762a02753ee0a46b9e0afaf8c135af912eb25da5314b81dd,False,False,
canine.htm,CANINE MANUAL,page,Dragonlords or unrelated content,retain,No identified Queen’s Own or Velgarth evidence in this page.,,,15139,8fb7391aba8f32444acf8b089d3ae170fa9968cb9668d09e7db490dcfd4b2ea6,False,False,
carbre.htm,Brett's Caravan,page,Dragonlords or unrelated content,retain,No identified Queen’s Own or Velgarth evidence in this page.,,,553,32be5cb3bb6a2e9e80031af2b768d377e77317fb837325b3e9ae6c76b74e9780,False,False,
carcia.htm,Ciaphah's Caravan,page,Dragonlords or unrelated content,retain,No identified Queen’s Own or Velgarth evidence in this page.,,,579,a062b3f355bd60bb70d31209809942e0b04628ba7bf3a70488be7c7f9a0c372d,False,False,
carjed.htm,*Jedrek's Caravan*,page,Dragonlords or unrelated content,retain,No identified Queen’s Own or Velgarth evidence in this page.,,,622,35d49d0316907c95cde2768434df22851628b5bc4facda66d842c494e979b4f8,False,False,
carjer.htm,*Jeraboem's Caravan*,page,Dragonlords or unrelated content,retain,No identified Queen’s Own or Velgarth evidence in this page.,,,705,3fc603bf91503d8f693358c3da2c2ed9ffeb82376f167793081600ee09f250ce,False,False,
carkel.htm,Kellen's Caravan,page,Dragonlords or unrelated content,retain,No identified Queen’s Own or Velgarth evidence in this page.,,,1488,57e968ec84b9ac3ec744f79fbe5daa11d69c51edc8b85992a1f436632eb89eef,False,False,
carkri.htm,Krin's Caravan,page,Dragonlords or unrelated content,retain,No identified Queen’s Own or Velgarth evidence in this page.,,,545,ee47c3dd934349e5a728ca661e2e07a8e7683d16af4bdf9ebf0ee6a9c1c0afd7,False,False,
carrei.htm,Reisel's Caravan,page,Dragonlords or unrelated content,retain,No identified Queen’s Own or Velgarth evidence in this page.,,,846,89b75c35e8f9639f526ce70fdb71fce9e01cba9c20d47f348f9d25b7566c6712,False,False,
carron.htm,*Ronlin's Caravan*,page,Dragonlords or unrelated content,retain,No identified Queen’s Own or Velgarth evidence in this page.,,,842,efd561cba0fb06e9e1deb736a81119a825aa19d846a6f5f35b7fd1bf2650b467,False,False,
carula.htm,Ulah's Caravan,page,Dragonlords or unrelated content,retain,No identified Queen’s Own or Velgarth evidence in this page.,,,644,479b3000a3ea0eb99553f192e4e7c63857195cc35bf0da382a8bb2e940740a73,False,False,
castle1.gif,,asset,,retain,,,,7595,2b049959ffbbd23ea13c109c1d05266e1240a3082fd541c28ffd522d8b6cae4d,False,False,
cat2.gif,,asset,,retain,,,,3286,7746a3116684572feb6017de57ff676711fae3737f9162fd09c63a39f1e964c8,False,False,
cauldron.gif,,asset,,retain,,,,682,d5e8a008c5e8b8df1cbb76072e0c53f396ab0ba0f0fd45fa1b51fa2f758e8b9b,False,False,
cc1.gif,,asset,,dependency,,,,80008,9dc36b7e2194acd347e7133c80477dda2067b5078cbed5d06f3b262768592bf9,False,True,danyacc.htm
cc10.gif,,asset,,dependency,,,,115927,553af9f4eccc8a9ea7b4e6f9b92da4bc53cfcbbfd8e42cd6cdc940a093af42e5,False,True,danyacc.htm
cc10a.gif,,asset,,dependency,,,,32993,69a4ca561416e764ac7ec4a21d3f9e01cf2bf77e5a71adcb23bf17b3c970c86a,False,True,danya.htm; danyacc.htm
cc11.gif,,asset,,dependency,,,,106070,1df90f7a34c2e4f84788373872cbec335b33729ce73723a0fa128bd51d74979e,False,True,danyacc.htm
cc12.gif,,asset,,dependency,,,,78155,4b41beebcd6954c681caab9d25e894e6d869380e04fd5933eabcc1e43831b24b,True,True,danyacc.htm
cc13.gif,,asset,,dependency,,,,25527,a6ab5dc7fcba3e2b9d979a741e4a86abebe0dfd9e36b140d9e0c6a1936fa988d,False,True,danyacc.htm
cc14.gif,,asset,,dependency,,,,47187,76d3beba4e430fc9d574e9f5ef2a130057e698fcf0383c1171d173e723145998,False,True,danyacc.htm
cc15.gif,,asset,,dependency,,,,41601,13cab0e31d254ac3f709c15f6ac86cd752c04d4e4a7da924a8483a81bea7d834,False,True,danyacc.htm
cc16.gif,,asset,,dependency,,,,30515,6a01787645e3fd5e7c33355af9c9f83e3be9d2415f051ad05c075e2607539787,False,True,danyacc.htm
cc17.gif,,asset,,dependency,,,,35332,3702fcdbabda7827ecebd62d31d1f68e312b69bdd32dd64da327333474611544,False,True,danyacc.htm
cc18.gif,,asset,,dependency,,,,36840,1a27c40df3c14fa7dfbae5cf6f08987b9bbaa9c8dc229ea3f6af6541206b9a24,True,True,danyacc.htm
cc19.gif,,asset,,dependency,,,,34514,e13e1e2189a5c868d5bf6baea373c46719db39db979d2060d4f9c06b59c179a2,True,True,danyacc.htm
cc2.gif,,asset,,dependency,,,,100375,122ac975eb95bb333d0f7f1b90e835ca025f9b31dd2f67e829a8078ed738fb5a,True,True,danyacc.htm
cc20.gif,,asset,,dependency,,,,37769,22313a55d1e14eb4c80b17ff2b466918fa97cf359c6a98ce46fdb93710060318,False,True,danyacc.htm
cc21.gif,,asset,,dependency,,,,15798,f964c70ed347d3e125a878e2cf1378cb4ea24e9d68fe7e307019db321bc3fbfb,False,True,danyacc.htm
cc22.gif,,asset,,dependency,,,,66225,e06777072b1586aae85eda30482f23b35f9d6c873d955fc0e60ac617c61d44d0,False,True,danyacc.htm
cc22a.gif,,asset,,dependency,,,,47905,f9c47dc4fc558ead189ca61d8db73f459690f5b4986dd0c079c74ee5fe6cd1b2,False,True,danyacc.htm
cc23.gif,,asset,,dependency,,,,54698,62a63051a58028e97526ce022a89f05ad9517a6197b25b5b6cf603091b63b15a,False,True,danyacc.htm
cc24.gif,,asset,,dependency,,,,49261,913f49dd803aea85fd67afadfe7db1abee647ca88f95a2a7c805a534c5a7cc3e,False,True,danyacc.htm
cc25.gif,,asset,,dependency,,,,49367,3218f2abb9bdb6311b209240bad10444b0e69c51a32fdcf956c718d6524d063b,False,True,danyacc.htm
cc26.gif,,asset,,dependency,,,,48531,c621781ac8ecc8d8c8dcebf86bd1779c51eb2b4ecc67d517c1e248c0c2f92ed3,False,True,danyacc.htm
cc27.gif,,asset,,dependency,,,,41416,a9b7087fae883f12566b588208742c3a3205a918efb4ae51e85e294bc8032648,True,True,danyacc.htm
cc28.gif,,asset,,dependency,,,,45857,b21a997b84d38bf81823a8fbe76ac1455e550bcd92b8e17f322fc8471733b9d0,False,True,danyacc.htm
cc29.gif,,asset,,dependency,,,,37593,25c4720a4fc158275ea85cc539993e295fa2dfea30e3245d0eeb4525c92f571f,False,True,danyacc.htm
cc2a.gif,,asset,,dependency,,,,23415,923fe822748814b42c04426f8cc1cb73287073cc1770eb5ec2b2291f7719d54f,False,True,danya.htm; danyacc.htm
cc3.gif,,asset,,dependency,,,,116027,62cb7fd9458bd719f34bcc43b395f6eee02841c163f2d494113e8f6d2404874d,False,True,danyacc.htm
cc3a.gif,,asset,,dependency,,,,29996,0c61df4cfc74888477217efb0f987ba94d22d9aecdc82f28cd231bb66d472f06,True,True,danya.htm; danyacc.htm
cc4.gif,,asset,,dependency,,,,95362,0ab2a192942ef6b7fbfe9067f03aac01c8a404b414e82ad48675719625736c57,False,True,danyacc.htm
cc5.gif,,asset,,dependency,,,,127869,bd86d6dff0977c120fc3a5f8705541d793d90afa8fc5a1ee3021681967ec83be,True,True,danyacc.htm
cc6.gif,,asset,,dependency,,,,71450,ae1bb82e9a81e82166f3846a2d0ea30f73059167a5dd376c71325ed146a68934,False,True,danyacc.htm
cc7.gif,,asset,,dependency,,,,100670,cdd02aad06954230f8773455c8a2c83ea8e8b6f94d37c83b431cb3b9aac98be2,True,True,danyacc.htm
cc8.gif,,asset,,dependency,,,,103907,34d277ca2b28f94ab4d5a6b9162eabfc6da54b0765e565743163c7170ae2e6e3,True,True,danyacc.htm
cc8a.gif,,asset,,dependency,,,,29152,cc6aeaf51399b4b2ff3015992207fadbccc1bb638e250408ac430973e1bf0310,False,True,danya.htm; danyacc.htm
cc9.gif,,asset,,dependency,,,,97346,cfdf77199973efe4726cc7f8221d67fc1f96e45e605b5a095bdfd967f1de996a,True,True,danyacc.htm
cd1.jpg,,asset,,retain,,,,2569,35d46c7e442b8e649fc7f1f0eeb3196f24e0311ba88eaafb82b92187b0bc9fa2,False,False,
century.gif,,asset,,retain,,,,11117,7ca625374a86b4c739b3e39e63d882342d3a50e31e3330835e826bfa048d23b9,False,False,
cfantasy.gif,,asset,,retain,,,,12798,91a7d86005639221f2f2e1dfe24da6239fc0f7fa71564d0c922c78b27313c6bf,False,False,
cgi-sys/Count__q_df=malcor.dat_display=Counter_ft=6_md=7_frgb=100.cgi,,asset,,retain,,,,21245,d6509ed2a8bff616146833ea1862c5569bbae8fa183c1aa4b4a5d449c94ad221,False,False,
cgi-sys/Count__q_df=malcor.dat_display=Counter_ft=6_md=7_frgb=100;139;216_dd=A.cgi,,asset,,retain,,,,5276,5c49626fa324996427a27af6644a69913ff02f7e08e9cae0edbfc1d68267a800,False,False,
cgi-sys/entropysearch.cgi,,asset,,retain,,,,18,4abe87876eb030703086215d5bf33204939c54b1bc175688c827564d6b2edcd8,False,False,
chat.htm,Chat List,page,Dragonlords or unrelated content,retain,No identified Queen’s Own or Velgarth evidence in this page.,,,2128,de76feb0cd3c2c959608ec4c367c17dd47fb9515360ce411724f9eb0841f53b7,False,False,
chat/phpMyChat.php3,phpMyChat,page,Dragonlords or unrelated content,retain,No identified Queen’s Own or Velgarth evidence in this page.,,,11744,617af75d922e638295cca3b6b6e64a2d413d92d5979755d6d98868a28c8a50f2,False,False,
cheetah.gif,,asset,,retain,,,,7232,8b87fa04dbbe611b1bae05d1c1082bb0819db71d0ba4ddd5230693b06046117c,False,False,
club.htm,Club Rules,page,Dragonlords or unrelated content,retain,No identified Queen’s Own or Velgarth evidence in this page.,,,6428,e981ad6cf2f91baf9299fc3e4074c7a101a4e0687f34d558ada6d52686d503b6,False,False,
coffee3.gif,,asset,,retain,,,,2705,78aba9c81990e4ce708d02c7400fb3b3d527a160634f3bd05f1af49e78351c45,False,False,
collhome.gif,,asset,,retain,,,,18753,f9ef165dd3b2f95542154b6cdfaec377e7252e160195d907dc5e82af11a6e6d7,False,False,
collnext.gif,,asset,,retain,,,,15061,5c76530371312b0b8b66d38a5e5c2c7a044c15ce229ba7deaab0fe02c716595e,False,False,
compassrose.jpg,,asset,,dependency,,,,43383,f8b5753c6f1535f3f13e43389b9d8f74999a48c26899c97eb7465f96e11cce8e,False,True,cr2le.htm
comprose.jpg,,asset,,dependency,,,,11084,aa4681a8641ae9c7e1b3885109f175389785a5aa0aaaf4b0174f29f6db15855c,True,True,cr2toc.htm; crtoc.htm
convert.htm,Date Charts,page,Dragonlords or unrelated content,retain,No identified Queen’s Own or Velgarth evidence in this page.,,,24235,5eed170d4316099eb5b7fd96cf7ccaccee29db82a6fe07d17632a732490fb682,False,False,
cotgrd.htm,Diamond Cottage,page,Dragonlords or unrelated content,retain,No identified Queen’s Own or Velgarth evidence in this page.,,,935,317e025d0fab6f04f8ddca0c967d5c11de038c4c660170630ddf0351bc9591da,False,False,
cotshgp.htm,Grey Peak Cottage,page,Dragonlords or unrelated content,retain,No identified Queen’s Own or Velgarth evidence in this page.,,,820,b29e0f11dc0f409770637642a7b2ebb944a5ddf340bda2193404a2be336289d2,False,False,
cotshiv.htm,Iceview Cottage,page,Dragonlords or unrelated content,retain,No identified Queen’s Own or Velgarth evidence in this page.,,,800,95a0a42b2dceebe1122165cddafde2fcc6cf05f1880f56f3f0c78aa04bb5e89f,False,False,
cotshmb.htm,Mountain Bluff Cottage,page,Dragonlords or unrelated content,retain,No identified Queen’s Own or Velgarth evidence in this page.,,,903,fa958c2f916b8bbd758c7522a9007ca3b34a83a686c8a2a33902a8a36dc187ff,False,False,
cotshsv.htm,Starview Cottage,page,Dragonlords or unrelated content,retain,No identified Queen’s Own or Velgarth evidence in this page.,,,832,92e9791731eeeba1dcbf696adda53f727b99bc9fb25f60b47866edd803fb616c,False,False,
cotsht.htm,Timberline Cottage,page,Dragonlords or unrelated content,retain,No identified Queen’s Own or Velgarth evidence in this page.,,,766,c9a35dafeca80401e6ccbae1802ec24d28700458046e0df24842248bc5c6c285,False,False,
cotshww.htm,Winterwatch Cottage,page,Dragonlords or unrelated content,retain,No identified Queen’s Own or Velgarth evidence in this page.,,,769,08f4f2b474d7ec3da61b1dfe986be3df2c8dfe60b165d702abdaeecf56b89cef,False,False,
cotsojv.htm,Joint Venture Cottage,page,Dragonlords or unrelated content,retain,No identified Queen’s Own or Velgarth evidence in this page.,,,1472,185f0f3ed8b07f24315b71b053d0aebbbf96d6ce85142beb8519baa5fbc9f892,False,False,
cotspbd.htm,Big Dune Cottage,page,Dragonlords or unrelated content,retain,No identified Queen’s Own or Velgarth evidence in this page.,,,831,8b560f537ab48e1e29823af464bf74bad8b749b02dee5212b45bac9aa91e9fc1,False,False,
cotspbs.htm,Blue Spring Cottage,page,Dragonlords or unrelated content,retain,No identified Queen’s Own or Velgarth evidence in this page.,,,812,5b033e4f42a1fa0c65aaca1cf02a064353f731b9c9cff17d0be8130738b71e68,False,False,
cotspfw.htm,Flood Watch Cottage,page,Dragonlords or unrelated content,retain,No identified Queen’s Own or Velgarth evidence in this page.,,,882,a96744c51adda15a70333d80233129066be73355a0eb6cc0ea16be045f5eeda0,False,False,
cotspgs.htm,Green Sands Cottage,page,Dragonlords or unrelated content,retain,No identified Queen’s Own or Velgarth evidence in this page.,,,846,a61a868d93afecdd4403665255576278ab98e8df61e343e415d85ee16e154b32,False,False,
cotspk.htm,Kimmel Cottage,page,Dragonlords or unrelated content,retain,No identified Queen’s Own or Velgarth evidence in this page.,,,866,37b6135b9ffbcca41c7fc2ed798b6cdbe1558fa4e99c2edf1486abdf95f31824,False,False,
cotspl.htm,Lumar Cottage,page,Dragonlords or unrelated content,retain,No identified Queen’s Own or Velgarth evidence in this page.,,,724,6393ad724629e301b68113c7a4ca0a25f3740979def70f9b5a2740aad8f72591,False,False,
cotspnw.htm,Night Watch Cottage,page,Dragonlords or unrelated content,retain,No identified Queen’s Own or Velgarth evidence in this page.,,,869,64f5b6323f056651126c8c75520cfe88419e4cca21b7c3002cd46dcb3f5f7221,False,False,
cotspp.htm,Pitside Cottage,page,Dragonlords or unrelated content,retain,No identified Queen’s Own or Velgarth evidence in this page.,,,829,fc0c3545180d6715f2af8fccc9e2bff835d909e2a3981ed91f7225dcac76d44e,False,False,
cotsptd.htm,Twin Dunes Cottage,page,Dragonlords or unrelated content,retain,No identified Queen’s Own or Velgarth evidence in this page.,,,843,5d7019eb4132380c5eac2a235b15d56ceb891b5289fdc49d328b31f85e3a2692,False,False,
cotspws.htm,White Sands Cottage,page,Dragonlords or unrelated content,retain,No identified Queen’s Own or Velgarth evidence in this page.,,,839,2aa3c2504bd8f4684b783dbcfd15dc8bdbc6b5bb0af6097d63eeb3928b6c239b,False,False,
cotsvd.htm,Dorsha Cottage,page,Dragonlords or unrelated content,retain,No identified Queen’s Own or Velgarth evidence in this page.,,,742,c7380c3ffb9866b1a6eaa75a350f03e97bc1e697f51de8a5aac5d405a9395109,False,False,
cottrcs.htm,Cliffside Cottage,page,Dragonlords or unrelated content,retain,No identified Queen’s Own or Velgarth evidence in this page.,,,630,d2ecad70b1a854a334cc8df92e08962fc3ff5a76c0e07a7e88979fbb539929fa,False,False,
cottrdh.htm,Dragon's Head Cottage,page,Dragonlords or unrelated content,retain,No identified Queen’s Own or Velgarth evidence in this page.,,,637,8a675aec108e9460d01c91a9a49343dfe8c35fb95ee14c06ae358f22958ff680,False,False,
cottrms.htm,Mountain Spring Cottage,page,Dragonlords or unrelated content,retain,No identified Queen’s Own or Velgarth evidence in this page.,,,872,fc208d9ba3ccadb5e0e02227758a321928ff51b39770053597ec82ec3ba0683d,False,False,
cottrss.htm,Sunny Skies Cottage,page,Dragonlords or unrelated content,retain,No identified Queen’s Own or Velgarth evidence in this page.,,,630,dfc8b58eb6e4b813dfcff6bb03b50f5ec36ebe59d7b1a8f05007190d994db903,False,False,
cr2ddl.htm,The Compass Rose:  The Death of Diversity in our Nation's Libraries,page,The Compass Rose journal,migrate,"Dedicated club, chapter, publication, persona, or Velgarth material.",,imported-compass-rose--spring-2002--arthurian-tales--references.md; imported-compass-rose--spring-2002--arthurian-tales.md; imported-compass-rose--spring-2002.md,13024,5fd0b598fcd60663b4217401d989e527e69ea5b20e36180335c2868b7070a176,False,False,
cr2ddl1.htm,The Compass Rose:  The Death of Diversity in our Nation's Libraries,page,The Compass Rose journal,migrate,"Dedicated club, chapter, publication, persona, or Velgarth material.",,imported-compass-rose--spring-2002--diversity-in-libraries.md,3724,ac0e72ff9b61e5f9c8a7669db55252440deb9b63a23306a773dba46816d88f5f,False,False,
cr2le.htm,The Compass Rose:  Letter from the Editor,page,The Compass Rose journal,migrate,"Dedicated club, chapter, publication, persona, or Velgarth material.",Queen's Own; Herald-Mage,imported-compass-rose--spring-2002.md,3680,673ffaa3becb845850c73322731655e942814f786d8cceed6e916bc7011cecde,False,False,
cr2rev.htm,The Compass Rose:  Reviews,page,The Compass Rose journal,migrate,"Dedicated club, chapter, publication, persona, or Velgarth material.",Queen's Own,imported-compass-rose--spring-2002--diversity-in-libraries--references.md; imported-compass-rose--spring-2002--diversity-in-libraries.md; imported-compass-rose--spring-2002--reviews.md; imported-compass-rose--spring-2002.md,13862,a4806ad6baa8e6274d7aa30a7b1090191d4488b05fd37eb1517d262f83f180fa,False,False,
cr2sim.htm,The Compass Rose:  Sources of Information on Music in Medieval Ireland,page,The Compass Rose journal,migrate,"Dedicated club, chapter, publication, persona, or Velgarth material.",,imported-compass-rose--spring-2002--editorial.md; imported-compass-rose--spring-2002.md,21237,b9b82d9d49c4d28b1b1f8eb6e52d409bbfdc1032f7d76f3026adab410f9a53bf,False,False,
cr2sim1.htm,The Compass Rose:  Sources of Information on Music in Medieval Ireland--Notes and References,page,The Compass Rose journal,migrate,"Dedicated club, chapter, publication, persona, or Velgarth material.",,imported-compass-rose--spring-2002--music-in-medieval-ireland--references.md; imported-compass-rose--spring-2002--music-in-medieval-ireland.md,5306,8e9083e2a1697e52adc31be54b09aa542c727023f793dc76eb1edbf7b2e8f914,False,False,
cr2tat.htm,The Compass Rose:  The Arthurian Tales,page,The Compass Rose journal,migrate,"Dedicated club, chapter, publication, persona, or Velgarth material.",,imported-compass-rose--spring-2002--music-in-medieval-ireland--references.md; imported-compass-rose--spring-2002--music-in-medieval-ireland.md; imported-compass-rose--spring-2002.md,13497,9c7880c4cd807b04fbb2b095ac45672412388717d70b1d10fd2684d17b5e07cf,False,False,
cr2tat1.htm,The Compass Rose:  The Arthurian Tales,page,The Compass Rose journal,migrate,"Dedicated club, chapter, publication, persona, or Velgarth material.",,imported-compass-rose--spring-2002--arthurian-tales.md,3724,1d1a7d3ca1a1c54f84d4766eb34535c8598f381bdef12c3a6379db7b71e2a6b1,False,False,
cr2toc.htm,The Compass Rose:  Volume 2/Issue 1,page,The Compass Rose journal,migrate,"Dedicated club, chapter, publication, persona, or Velgarth material.",Queen's Own,imported-compass-rose--spring-2002--arthurian-tales--references.md; imported-compass-rose--spring-2002--arthurian-tales.md; imported-compass-rose--spring-2002--diversity-in-libraries--references.md; imported-compass-rose--spring-2002--diversity-in-libraries.md; imported-compass-rose--spring-2002--editorial.md; imported-compass-rose--spring-2002--music-in-medieval-ireland--references.md; imported-compass-rose--spring-2002--music-in-medieval-ireland.md; imported-compass-rose--spring-2002--reviews.md; qojournal.htm.md,6184,0be88d6b7978289e45f7646fdd9e6fba2ae0af6848eb4484cd4efaa1912acf31,False,False,
crbi.htm,The Compass Rose:  Either Or,page,The Compass Rose journal,migrate,"Dedicated club, chapter, publication, persona, or Velgarth material.",,imported-compass-rose--summer-2000--sink-or-swim.md; imported-compass-rose--summer-2000.md,13683,54a7af015d12aa8dc19767254715682282cb1f0a933c539a7c54fd1c2ddfa869,False,False,
crbi1.htm,The Compass Rose:  Either Or--References,page,The Compass Rose journal,migrate,"Dedicated club, chapter, publication, persona, or Velgarth material.",,imported-compass-rose--summer-2000--either-or.md,3238,a5ea43084611298d95341ea921ef1b58e074e2627c1f0e28d60b78397746f44b,False,False,
crc.htm,The Compass Rose:  In the Name of God,page,The Compass Rose journal,migrate,"Dedicated club, chapter, publication, persona, or Velgarth material.",,imported-compass-rose--summer-2000--from-reptile-to-mammal--references.md; imported-compass-rose--summer-2000--from-reptile-to-mammal.md; imported-compass-rose--summer-2000.md,30969,fe8c313e1c0a879ead317af6e142b3eecb4e36dc9d6656f1b73caef63871f76b,False,False,
crc1.htm,The Compass Rose:  In the Name of God--Notes and References,page,The Compass Rose journal,migrate,"Dedicated club, chapter, publication, persona, or Velgarth material.",,imported-compass-rose--summer-2000--in-the-name-of-god--references.md; imported-compass-rose--summer-2000--in-the-name-of-god.md,7453,e03c98eb9f0ff9104a802e511576cbc49295016231fabe80308c7229bd447101,False,False,
crfrm.htm,The Compass Rose:  From Reptile to Mammal,page,The Compass Rose journal,migrate,"Dedicated club, chapter, publication, persona, or Velgarth material.",,imported-compass-rose--summer-2000--editorial.md; imported-compass-rose--summer-2000.md,19703,16ff8614f59c4ef8c25089d0dbc45b4ce1be0fa7193d25ffa8558aa0f4e087ab,False,False,
crfrm1.htm,The Compass Rose:  From Reptile to Mammal--References,page,The Compass Rose journal,migrate,"Dedicated club, chapter, publication, persona, or Velgarth material.",,imported-compass-rose--summer-2000--from-reptile-to-mammal.md,3333,79a06e694ece82b145da64cbc4328a70bcfc5000bcd82cbb0d527020db0eb3d5,False,False,
critical2.gif,,asset,,retain,,,,4585,badff4301fbd1f37ea5a1767b604aeb8bcfce177392c6b5f2ff7d4bb67d7f0f4,False,False,
crle.htm,The Compass Rose:  Letter from the Editor,page,The Compass Rose journal,migrate,"Dedicated club, chapter, publication, persona, or Velgarth material.",Queen's Own; Herald-Mage,imported-compass-rose--summer-2000.md,3092,4f1999054413ab020d125d1c71250d1f4b6cdb4537917a10309b4bafcb57ccff,False,False,
crlogo.jpg,,asset,,dependency,,,,4219,da92df4e89b53cbcd2dd59ffa464f0f6c0f0f3c5e0aca7b5266e1d3eb5ab7334,False,True,cr2ddl.htm; cr2ddl1.htm; cr2le.htm; cr2rev.htm; cr2sim.htm; cr2sim1.htm; cr2tat.htm; cr2tat1.htm; crbi.htm; crbi1.htm; crc.htm; crc1.htm; crfrm.htm; crfrm1.htm; crle.htm; crrev.htm; crsos.htm
crrev.htm,The Compass Rose:  Reviews,page,The Compass Rose journal,migrate,"Dedicated club, chapter, publication, persona, or Velgarth material.",Velgarth; Valdemar; Queen's Own,imported-compass-rose--summer-2000--either-or--references.md; imported-compass-rose--summer-2000--either-or.md; imported-compass-rose--summer-2000--reviews.md; imported-compass-rose--summer-2000.md,15827,379e2cfc27544e7ff004d79f3b3f5e57fcd5a73df086fdf23b1467a3b5823a12,False,False,
crsos.htm,The Compass Rose:  Excerpts from <i>Sink or Swim</i>,page,The Compass Rose journal,migrate,"Dedicated club, chapter, publication, persona, or Velgarth material.",Velgarth; Queen's Own; Shin'a'in,imported-compass-rose--summer-2000--in-the-name-of-god--references.md; imported-compass-rose--summer-2000--in-the-name-of-god.md; imported-compass-rose--summer-2000.md,19288,8f30a8fef54659238dd69388d1033e1b31db8f1c97ed992d46f91969f960575d,False,False,
crtoc.htm,"The Compass Rose:  Vol. 1, No. 1",page,The Compass Rose journal,migrate,"Dedicated club, chapter, publication, persona, or Velgarth material.",Queen's Own; Herald-Mage,imported-compass-rose--summer-2000--editorial.md; imported-compass-rose--summer-2000--either-or--references.md; imported-compass-rose--summer-2000--either-or.md; imported-compass-rose--summer-2000--from-reptile-to-mammal--references.md; imported-compass-rose--summer-2000--from-reptile-to-mammal.md; imported-compass-rose--summer-2000--in-the-name-of-god--references.md; imported-compass-rose--summer-2000--in-the-name-of-god.md; imported-compass-rose--summer-2000--reviews.md; imported-compass-rose--summer-2000--sink-or-swim.md; qojournal.htm.md; qosep00.htm.md,7082,d1951475e212b57b853a8729fcca8be3696fa25e33a73f71579475a74fb60ef7,False,False,
daekrill.htm,Krillion,page,Dragonlords or unrelated content,retain,No identified Queen’s Own or Velgarth evidence in this page.,,,3052,82fc173b96479ef76038dc5309b67ed49de43ac2c62b8e28921eb7de46498ab7,False,False,
daetor.htm,Tor,page,Dragonlords or unrelated content,retain,No identified Queen’s Own or Velgarth evidence in this page.,,,3804,c41ad131767eda4220f85eca8d3fdec224f67c40e8d7c5a26d3f5360da740fd4,False,False,
daezar.htm,Zargon's Tower,page,Dragonlords or unrelated content,retain,No identified Queen’s Own or Velgarth evidence in this page.,,,731,dceac139d6839898bdbad4cae28768d5c274fb0376753e9beb1d0878bcf925a8,False,False,
danc.htm,Companions' Choices,page,Velgarth reference and fan activities,migrate,"Dedicated club, chapter, publication, persona, or Velgarth material.",Queen's Own,imported-danya-winterborn.md; qofaqh.htm.md; qofun.htm.md,2201,4d448d62d37dee202f3cec83ccc5171167c0520e0a6b9367a6df9481bdff3d06,False,False,
danhc.htm,Heralds and Companions,page,Velgarth reference and fan activities,migrate,"Dedicated club, chapter, publication, persona, or Velgarth material.",Valdemar; Vanyel,imported-danya-winterborn.md; imported-reincarnated-characters.md; qofaqh.htm.md,11707,47e8b802d4df94f0ce99858ad5a4947f21552e6731a8f54f6a960c1ae140c836,False,False,
danmag1.htm,The Magic of Velgarth,page,Velgarth reference and fan activities,migrate,"Dedicated club, chapter, publication, persona, or Velgarth material.",Velgarth; Valdemar; Queen's Own; Vanyel; Herald-Mage; Tayledras,imported-danya-winterborn.md; imported-magic-of-velgarth.md; qofaqgifts.htm.md; qofaqh.htm.md; qofaqt.htm.md; qofun.htm.md; qohm.htm.md; qojust.htm.md; qoww.htm.md,28881,a5d95ba9f027b1eb88a4d14874fbdccb002ad494dff4608e219e41f03d97baf6,False,False,
danp.htm,Proverbs From Velgarth,page,Velgarth reference and fan activities,migrate,"Dedicated club, chapter, publication, persona, or Velgarth material.",Velgarth; Valdemar; Tayledras; Shin'a'in,imported-danya-winterborn.md; qofun.htm.md,6098,bf1cfd58f77d756b4e1acb9ed3ab163ce0c8e14658c0b57e48e28565532ed375,False,False,
danr.htm,Reincarnated Characters,page,Velgarth reference and fan activities,migrate,"Dedicated club, chapter, publication, persona, or Velgarth material.",Valdemar; Vanyel,imported-danya-winterborn.md; qofaqh.htm.md,3834,4285707246bf0b6159380b17bd59f6dc547d46d9738fde43a72c2dc053f27b90,False,False,
danspell.htm,Magic Spells,page,Velgarth reference and fan activities,migrate,"Dedicated club, chapter, publication, persona, or Velgarth material.",Herald-Mage,imported-danya-winterborn.md,3987,9034124f1a0696b1feddcbcfaaf96441bf2ea96040f02f93abd6b48d8efe2159,False,False,
dantime.htm,Valdemar Timeline,page,Velgarth reference and fan activities,migrate,"Dedicated club, chapter, publication, persona, or Velgarth material.",Valdemar; Vanyel; Herald-Mage; Tayledras,imported-danya-winterborn.md; qofun.htm.md,6034,a95827fb6b7e2f0813bf74423c228ac52162a750d011b0edb1b80a8b4e01e3d4,False,False,
danya.htm,Danya Winterborn,page,Velgarth reference and fan activities,migrate,"Dedicated club, chapter, publication, persona, or Velgarth material.",Velgarth; Valdemar; Queen's Own; Vanyel; Herald-Mage; Tayledras; Shin'a'in,_index.md; imported-danya-winterborn.md; imported-danyas-cookbook.md; imported-golden-grove.md; imported-pacific-northwest-collegium.md; imported-sonoran-collegium.md; imported-vanyel-fan-club--heralds-haven.md; qofaqc.htm.md; qolinks.htm.md; qoseal.htm.md,23729,820bbb854a2fedc9e8b2d3782e31214a4437fd0ecaba156aef799d3b801ac7f8,False,False,
danyacc.htm,Collegium Chronicles,page,Queen’s Own chapters,migrate,"Dedicated club, chapter, publication, persona, or Velgarth material.",Velgarth; Queen's Own,_index.md; imported-compass-rose--summer-2000--sink-or-swim.md; imported-danya-winterborn.md; qoapr01.htm.md; qoaug00.htm.md; qoaug01.htm.md; qodec00.htm.md; qodec01.htm.md; qofeb01.htm.md; qofeb02.htm.md; qofun.htm.md; qojan01.htm.md; qojan02.htm.md; qojul00.htm.md; qojul01.htm.md; qojun00.htm.md; qojun01.htm.md; qolinks.htm.md; qomar01.htm.md; qomay00.htm.md; qomay01.htm.md; qonov00.htm.md; qonov01.htm.md; qooct00.htm.md; qooct01.htm.md; qosep00.htm.md; qosep01.htm.md,9910,774841fdfea743d86fa109eb79d4c817944d4594af3f8e62fe8583ea94baa1de,False,False,
danyagg.htm,Golden Grove,page,Queen’s Own chapters,migrate,"Dedicated club, chapter, publication, persona, or Velgarth material.",Valdemar; Queen's Own,qoapr01.htm.md; qoapr02.htm.md; qoapr03.htm.md; qoapr04.htm.md; qoaug00.htm.md; qoaug01.htm.md; qoaug02.htm.md; qoaug03.htm.md; qoaug04.htm.md; qochap.htm.md; qodec00.htm.md; qodec01.htm.md; qodec02.htm.md; qodec03.htm.md; qodec99.htm.md; qofanfic.htm.md; qofeb01.htm.md; qofeb02.htm.md; qofeb03.htm.md; qofeb04.htm.md; qofun.htm.md; qojan01.htm.md; qojan02.htm.md; qojan03.htm.md; qojan04.htm.md; qojul00.htm.md; qojul01.htm.md; qojul02.htm.md; qojul03.htm.md; qojul04.htm.md; qojul99.htm.md; qojun00.htm.md; qojun01.htm.md; qojun02.htm.md; qojun03.htm.md; qojun04.htm.md; qojun99.htm.md; qolinks.htm.md; qomar01.htm.md; qomar02.htm.md; qomar03.htm.md; qomar04.htm.md; qomay00.htm.md; qomay01.htm.md; qomay02.htm.md; qomay03.htm.md; qomay04.htm.md; qomay99.htm.md; qonov00.htm.md; qonov01.htm.md; qonov02.htm.md; qonov03.htm.md; qonov04.htm.md; qooct00.htm.md; qooct01.htm.md; qooct02.htm.md; qooct03.htm.md; qooct04.htm.md; qosep00.htm.md; qosep01.htm.md; qosep02.htm.md; qosep03.htm.md; qosep04.htm.md; qosep99.htm.md,3532,7669b7035e803f5ed24cd7a8196d8ed58c7dacad7d36828742e3708afd6e5920,False,False,
danyasc.htm,Sonoran Collegium,page,Queen’s Own chapters,migrate,"Dedicated club, chapter, publication, persona, or Velgarth material.",Queen's Own; Herald-Mage,qoaug02.htm.md,3437,fe1022346bf00d5d8667128d45335a7303a71bd085d220b61f9ce5e1ff828da1,False,False,
dcpawn.htm,Magic's Pawn,page,Velgarth reference and fan activities,migrate,"Dedicated club, chapter, publication, persona, or Velgarth material.",Valdemar; Vanyel; Herald-Mage; Tayledras,imported-danya-winterborn.md,16927,48e14b072d6dca763eed74b84e1a8e81ab3d2b0ba3307da3c0030a456c03c46b,False,False,
dcprice.htm,Magic's Price,page,Velgarth reference and fan activities,migrate,"Dedicated club, chapter, publication, persona, or Velgarth material.",Valdemar; Vanyel; Herald-Mage; Tayledras,imported-danya-winterborn.md,18680,8b35a35e529a6c0b406d3cdaa7b2ae1e2352ab854d3a19284ac92e54717e5eed,False,False,
dcprom.htm,Magic's Promise,page,Velgarth reference and fan activities,migrate,"Dedicated club, chapter, publication, persona, or Velgarth material.",Valdemar; Vanyel; Herald-Mage; Tayledras,imported-danya-winterborn.md,15104,b6745ec90c8c4bd68345132eb9724754e8a35da789e5b74873315da5aceb8fe1,False,False,
ddench.jpg,,asset,,retain,,,,35786,786b8558739c6e9391c52bc1ecd7a23b08606f4fe8404fdbfcf96aa70c810bb4,False,False,
deer.gif,,asset,,retain,,,,7667,54d1102a9326ae1c1b3749a73fab6e04a8b82c24ed16cfb98d467ee9f4d2b7f2,False,False,
desert.gif,,asset,,retain,,,,1394,6882f394a0df5227705fc14af460ebc89ffd32ec6726c271d3f191a33678755f,False,False,
dha.gif,,asset,,retain,,,,18789,68275f5e03387ec4efcb13a02fc1744402de53e71405aa375fd50c86a16f898d,False,False,
dheart.gif,,asset,,retain,,,,4138,610caadbaa77f1a4defecf3b2e388f76a129018ba5fab807e01700dfe46c6f1a,False,False,
dheartcover.jpg,,asset,,retain,,,,42115,6547a9acf757921c66fc08393c060b5d0bc7d546dc04ef9ea584e50ac03accd3,False,False,
dking.gif,,asset,,retain,,,,25983,e4e3c95c2ad695fd9a1fa4bb2e59ef00a3123ec3750bbbde5069c13131d598ab,False,False,
dlaward.gif,,asset,,retain,,,,10673,b3e11bfed8c8beef6fab51f62297db1cc78427ec93bf61362bf63621f028a2e0,False,False,
dlawdq.htm,Awards Queue,page,Dragonlords or unrelated content,retain,No identified Queen’s Own or Velgarth evidence in this page.,,,621,f18ef745c4099e5745ce06305c856bbb50e02b17ae1699c70a7c7014b431c381,False,False,
dlawds.gif,,asset,,retain,,,,10832,319586bce1ca47197de52fe8d18d4c8f55f1c66a74d69b2030641cabe36d96ef,False,False,
dlawds2.jpg,,asset,,retain,,,,11511,968de3a363998526d21b92906f3700d0cdb997740292431d195d5786976c39cc,False,False,
dlawdw.htm,Award Winners,page,Dragonlords or unrelated content,retain,No identified Queen’s Own or Velgarth evidence in this page.,,,1522,396279b64b13a1a9afaa411cc5fdd0b444d661dd14ba4a096ac2bcabb74cf00e,False,False,
dlord.gif,,asset,,retain,,,,23120,111c152a796ce2ab3258a62e50058138439cb134e31fc89506d54a3b72176556,False,False,
dog.gif,,asset,,retain,,,,5660,9070b0f4930373722bb973f774b2b451bb0aebcd84bc8d33f14d8b2fd31be1bd,False,False,
dollar.gif,,asset,,retain,,,,30469,a53d4916d82959b50474b87b2cc8ebb0e173506a432739a1eee8f78a5de7b29a,False,False,
dombek2.gif,,asset,,retain,,,,2176,6b21fce0d0757238c1849d8f624aca1b8220aeaffef2f9e767526329b37f6233,False,False,
dquest.gif,,asset,,retain,,,,23912,83714e3517c403fb4792787f679f50ea7c77bbc7cc2e885aca72a8d2f6172d4d,False,False,
draco.jpg,,asset,,retain,,,,9016,aea384f63ec134af238b69bf1e20801991cf0368f6f872ae5aaa7e20da1860aa,False,False,
draga.gif,,asset,,retain,,,,4190,a003975bd55f3909c1c29a395e1234b8e002d9549932e9b0b46dca1250277330,False,False,
dragad.gif,,asset,,retain,,,,3977,8ddfb25bd22650da5b4bd3478276e21ada34f4727990c527184bf773c0729f01,False,False,
drageld.gif,,asset,,retain,,,,3223,96760431bd99069aa51144b4b6fa8a58531a3de47ef376e3c90da08e7cfd7f2e,False,False,
dragfled.gif,,asset,,retain,,,,4542,4cc1b04bff714c1a25f4c3596e781dfec1af7caf69911118fa36ae62b6c3b1d5,False,False,
dragha.gif,,asset,,retain,,,,4375,d59e09fb3c1bdd94048e4745f06928de873702a354614dd745aecdb302f22c8e,False,False,
draghat.gif,,asset,,retain,,,,2055,506eebc08971b4bbe0a8b245d3f28251bc8c3142f6e8158efb00b80b8d9421bc,False,False,
draghat2.gif,,asset,,retain,,,,3622,a462c705551cd904d2bf815a342133ee36a78e86121d853a7fbd72218c56ed97,False,False,
draghe.gif,,asset,,retain,,,,4025,0c2867bf259c0ee9b7e3cffa1db94d76f9c72efc939745e6f6351fa824a57444,False,False,
draglin.gif,,asset,,retain,,,,12714,80ced02521958141f4dc477cf9d7b865c97465a0a1c6856786cde862ad8bf5aa,False,False,
dragon.htm,Dragonrider Kit,page,Dragonlords or unrelated content,retain,No identified Queen’s Own or Velgarth evidence in this page.,,,27002,b6ed59fd54d8687bc60dab32d13ce64166ebaa9c474e6ea001d885cfe1b3e08b,False,False,
dragon10.gif,,asset,,retain,,,,41086,ffc018e771706b93f12fd3f225697e263c8f5fcfd49c684a1a26f0a22b7e38a0,False,False,
dragonsoup.gif,,asset,,retain,,,,8385,d122acb4de39ea29baddae804cc0c8bf205225c18f1014255683424b82a1e94c,False,False,
dragsize.htm,Dragon Sizes,page,Dragonlords or unrelated content,retain,No identified Queen’s Own or Velgarth evidence in this page.,,,1945,36b1e8029b0d7cc3c6d5c1024fab215dab5e284b04879b29f7d99e86ff308911,False,False,
dragstp.gif,,asset,,retain,,,,5390,6b5f811898cbf8bf03a1690e1ece4b6fb681ffa91be4c621cda693aeb558ae36,False,False,
dragya.gif,,asset,,retain,,,,5928,c4b6fb1a531e8338e444ce7c1193afbd8159996437db0460fb2bb0538f132477,False,False,
drama.gif,,asset,,retain,,,,1141,5faf9aef5a519b8c469501d8ad8eb5ee04454316d2e3827dbbcdbaa7a1601e81,False,False,
dreport.htm,Dragonrider Report Kit,page,Dragonlords or unrelated content,retain,No identified Queen’s Own or Velgarth evidence in this page.,,,2581,b3230eb5ee0c7a976c1c08cb1544911832c9c14ff54cb7c06ea3f5e7074f9a6e,False,False,
drgblki.gif,,asset,,retain,,,,1038,07496655b5009e43fa509ed97a804bb5e7c0beb7e46b3114f592f3da9c826248,False,False,
drgblui.gif,,asset,,retain,,,,2014,395d5e63e92b38bde4fa4cdecfd38eb99351f0041af0962391092e08a75b98ab,False,False,
drgbrni.gif,,asset,,retain,,,,823,834556e807ce231a404299b1ca5fa48352a2e19957e90744103eaa61619266ed,False,False,
drggldi.gif,,asset,,retain,,,,787,5c576f5a0bfc4f7c2c92e2d09a37b0eef05492d485d89b6ca0015eacb76d1de7,False,False,
drggrni.gif,,asset,,retain,,,,898,d575ef63804ec7eccef2b64c5efa54389e00274f4ecf90694b526847baf769c3,False,False,
drgnad2.jpg,,asset,,retain,,,,42461,82cc08b69d55f3a11b0dc394eec333f4ac4d002436c6c5b83320ecde6e176333,False,False,
drgorgi.gif,,asset,,retain,,,,2013,c1e6946986c16676e9735559823a87b6dc61f10cf5848eae98013873d63e990e,False,False,
drgpuri.gif,,asset,,retain,,,,823,442f7f6eda0f1bfc2c5d313337e1e142043a4900300cd99eefac22afcad0acc8,False,False,
drgwhite.gif,,asset,,retain,,,,678,fa0cef35cb1c7592cdd904be1c6f83fb2276ac13cdce9f7646877917ae13c0c2,False,False,
drgylwi.gif,,asset,,retain,,,,2010,1817e11c692962380374ad2f775becd1529b6e20536098ddce648d20fc483bf5,False,False,
dride.gif,,asset,,retain,,,,32886,b8ac5acb2409f18b2859abf0cb876c92aca135b624eecbd79040e05e77c13c73,False,False,
drmalcor.jpg,,asset,,retain,,,,9491,c2b74be77378f0783fab7c07dc8a5eca1940d0a46662a71960635b2df944bc4a,False,False,
drmalcor1.jpg,,asset,,retain,,,,8306,6035f852fc7f702853ee5c8814439527e16514827f5d6def8834c825e7f7b7da,False,False,
drsban6.gif,,asset,,retain,,,,6527,5554dd2e71e761a50698785835d2796318b025bc33d0e797bf37b5dcce6164ea,False,False,
druid.gif,,asset,,retain,,,,25490,7c647235f4a1d7196d852b267441fe92caf77942c9af30ac2ffdfdeb7bb72fd5,False,False,
druidd.gif,,asset,,retain,,,,17693,1fa1ee312efc2864a4fd4fd28028a14e962bd703c8d29d6b7b9f756159470855,False,False,
drums.gif,,asset,,retain,,,,4419,4351737facc9affb280a22981b41796cef2370b49f67f23f5acbb297985718aa,False,False,
dsambrit.htm,American vs. British Usage,page,Dragonlords or unrelated content,retain,No identified Queen’s Own or Velgarth evidence in this page.,,,3204,d20c3684493b40f36af8c2ddb712c2f6ba846d49a0ce3859056d92290455b793,False,False,
dsblock.htm,Writer's Block,page,Dragonlords or unrelated content,retain,No identified Queen’s Own or Velgarth evidence in this page.,,,11881,c0fa5a4f720f2e425367fadfacb7e6e57367071ef971c7549d5abefb40ead994,False,False,
dscopy.htm,Copyrights,page,Dragonlords or unrelated content,retain,No identified Queen’s Own or Velgarth evidence in this page.,,,1352,9c7a644757d0968192cb05c7497c958ad8dae7b7523136bad95f4837c0523df4,False,False,
dsgram.htm,Grammar,page,Dragonlords or unrelated content,retain,No identified Queen’s Own or Velgarth evidence in this page.,,,16201,b71a5fcbdd3f6153b03b664f1e7ec47551310c46720407ea2c36b44349db6b2c,False,False,
dsmark.htm,Markets,page,Dragonlords or unrelated content,retain,No identified Queen’s Own or Velgarth evidence in this page.,,,8496,98f0b735bcf4b5157b15752a08d21039fbad706f3ca992d7754ca093b12be2b9,False,False,
dsrel.htm,Sample Release,page,Dragonlords or unrelated content,retain,No identified Queen’s Own or Velgarth evidence in this page.,,,6181,bfac2683cab2c71717d663430d3627b3ae715733418e29ff7aff2eff9523c997,False,False,
dsspell.htm,Spelling,page,Dragonlords or unrelated content,retain,No identified Queen’s Own or Velgarth evidence in this page.,,,20971,7e0c7c531287c4531341faaf9a96e0d7cd5b2e253c1057aba9ba0275ade627db,False,False,
dsstyle.htm,Manuscript Format,page,Dragonlords or unrelated content,retain,No identified Queen’s Own or Velgarth evidence in this page.,,,4887,29c0b533a26ccb027ffe53408d1c026ae34394dfd5e6bc8803b12d2f591bb098,False,False,
dstips.htm,Tips,page,Mixed or incidental references,review,"Related terms appear, but this may be mixed content, a generic resource, or an incidental reference.",Valdemar,,2006,3d0b2061cf317ca9d75e3819a86796e462562eaedf2fbc81dc81cc0a4c51b0f4,False,False,
dsuncover.jpg,,asset,,retain,,,,37212,004c003c56b12184386dd197c4a73808f9fb5b195e10ca03131bfac4f8ee34ab,False,False,
dtype.htm,Dragon Types,page,Dragonlords or unrelated content,retain,No identified Queen’s Own or Velgarth evidence in this page.,,,36169,5470afe626b4c9f684f9e22d6910c5b896baefabd56175818486205e4e165503,False,False,
duma.htm,The Anvil,page,Dragonlords or unrelated content,retain,No identified Queen’s Own or Velgarth evidence in this page.,,,894,b47e56a077d4940228909bc94996acc07f830688460d4530e58d29aafa095440,False,False,
dumbc1.htm,*Ryanon's Base Camp*,page,Dragonlords or unrelated content,retain,No identified Queen’s Own or Velgarth evidence in this page.,,,1678,59aa0a8f02255ad51b9a4cde01994e87e070bbcbc566864db6567e1484fdb202,False,False,
dumbc1a.htm,*Darrell's Base Camp*,page,Dragonlords or unrelated content,retain,No identified Queen’s Own or Velgarth evidence in this page.,,,1617,93d227fe365deb8ba9d1fcd05941e9276892afee76bc784e466c926f05e8796f,False,False,
dumbc1b.htm,*Talon's Base Camp*,page,Dragonlords or unrelated content,retain,No identified Queen’s Own or Velgarth evidence in this page.,,,3138,ff7e659a49fd8d982616e66630369f3798f889fd5f46902eab8314f7438109a3,False,False,
dumbcah.htm,Ahithophel's Base Camp,page,Dragonlords or unrelated content,retain,No identified Queen’s Own or Velgarth evidence in this page.,,,1711,e7a09716a2af88d4c081cf4ca5d983741da85d35142b61e472f443b54dba5eb1,False,False,
dumbcam.htm,Amasiah's Base Camp,page,Dragonlords or unrelated content,retain,No identified Queen’s Own or Velgarth evidence in this page.,,,708,a34c4dd86b0f68db435c8da0282caeeb6f667dca7083abe93fd25245ae4fc974,False,False,
dumbcaz.htm,Azrikam's Base Camp,page,Dragonlords or unrelated content,retain,No identified Queen’s Own or Velgarth evidence in this page.,,,773,c57a57d01aeac86229db5b238bb081d97b4f452f219e89c3a560aa45687e3761,False,False,
dumbcc.htm,Corban's Base Camp,page,Dragonlords or unrelated content,retain,No identified Queen’s Own or Velgarth evidence in this page.,,,1198,476552e0cb3495d54a3c925a1a5c0f37702ead3ae908f14c2774f555d593ad8e,False,False,
dumbce.htm,Eschlend's Base Camp,page,Dragonlords or unrelated content,retain,No identified Queen’s Own or Velgarth evidence in this page.,,,1229,e13cb7a00bb6dcea6c958aaccd69e239f748c5eebebf8f380263b576ec0216ac,False,False,
dumbcg.htm,Genna's Base Camp,page,Dragonlords or unrelated content,retain,No identified Queen’s Own or Velgarth evidence in this page.,,,1045,3c540bd14230d6101434451658723b01b413463bb16937b3c9860eea4305c757,False,False,
dumbchad.htm,Hadassah's Base Camp,page,Dragonlords or unrelated content,retain,No identified Queen’s Own or Velgarth evidence in this page.,,,1022,e2bc545cc57785a16f81374d046f9e69d45b1ce91a1b998040e74a07594b8a0f,False,False,
dumbchar.htm,Harabi's Base Camp,page,Dragonlords or unrelated content,retain,No identified Queen’s Own or Velgarth evidence in this page.,,,1049,89c9c5256c1e8ca758a7784f55184281c7690c091a039afb7006c75290636325,False,False,
dumbcp.htm,Poll's Base Camp,page,Dragonlords or unrelated content,retain,No identified Queen’s Own or Velgarth evidence in this page.,,,1276,aa09009de886a15a73e9c02797f4c93d4a2f096a896507b76ec14d78954ee4d2,False,False,
dumbcra.htm,Rahab's Base Camp,page,Dragonlords or unrelated content,retain,No identified Queen’s Own or Velgarth evidence in this page.,,,1091,9577970df291caebc79372e6b3121bab8cb6031a70e72f992d194bbdcf453e0d,False,False,
dumbcru.htm,Ruhamah's Base Camp,page,Dragonlords or unrelated content,retain,No identified Queen’s Own or Velgarth evidence in this page.,,,884,7df494a345dfa969ab15aecf0fc991b25d1a48a1fbcc6357b723583db3b7dba8,False,False,
dumbcs.htm,Shashonna's Base Camp,page,Dragonlords or unrelated content,retain,No identified Queen’s Own or Velgarth evidence in this page.,,,1249,10f6d3d013ccbfd6e819fee8bc16854b41d5f9009edb6024b685c58ea9660b3c,False,False,
dumbct.htm,Tirhaka's Base Camp,page,Dragonlords or unrelated content,retain,No identified Queen’s Own or Velgarth evidence in this page.,,,768,c59ed5aeb65834bb48e4d388076014f31529ca8f05bf555e4a984f6f78527d5c,False,False,
dumbcx.htm,Xia's Base Camp,page,Dragonlords or unrelated content,retain,No identified Queen’s Own or Velgarth evidence in this page.,,,771,1521424459e843814c83349766494b87e245c852d9974d51fa2ec575c0173980,False,False,
dumbcza.htm,Zabad's Base Camp,page,Dragonlords or unrelated content,retain,No identified Queen’s Own or Velgarth evidence in this page.,,,679,1a5268b1c644a6678714210198995370a7b166d00d25233179e8a2e751bf81d1,False,False,
dumbczo.htm,Zofar's Base Camp,page,Dragonlords or unrelated content,retain,No identified Queen’s Own or Velgarth evidence in this page.,,,639,856a5c0cdaf174af5ff1b0f7854f90873ea1af37b7d7b42c4c8f0ac6c859ae76,False,False,
dumct.htm,Corin's Tomb,page,Dragonlords or unrelated content,retain,No identified Queen’s Own or Velgarth evidence in this page.,,,2081,5cb60ba17f73e953607a78c31541378fa334b35767530e8190ce86c586588b3b,False,False,
dumkc.htm,The King's Camp,page,Dragonlords or unrelated content,retain,No identified Queen’s Own or Velgarth evidence in this page.,,,10465,30cf416c7e2021f7bef8c982440b34385ff81caf4c8f67f6287f38655eceff7d,False,False,
dumko.htm,Karaif's Oasis,page,Dragonlords or unrelated content,retain,No identified Queen’s Own or Velgarth evidence in this page.,,,872,aa53409b83f93b2eb0783f03ca0e7d3e58f79c703493752029d5fa8c13d46c5a,False,False,
dumlit.htm,Literature,page,Dragonlords or unrelated content,retain,No identified Queen’s Own or Velgarth evidence in this page.,,,4383,db67797192effb87086590b4c17ab30afd8fa8d94f9dc4e2bea9c0143d7c597d,False,False,
dumnonia.gif,,asset,,retain,,,,37486,804c4afac2206007d5da7fc980afe7851f9c079b27ff776913fe99f3fc63f56c,False,False,
dumva.htm,The Valley of Ancients,page,Dragonlords or unrelated content,retain,No identified Queen’s Own or Velgarth evidence in this page.,,,4495,b6fe27552059f8ac8399abc594d5b8eb91be6489a6176ac877ae92b9a774cf35,False,False,
dumzo.htm,Zoran's Oasis,page,Dragonlords or unrelated content,retain,No identified Queen’s Own or Velgarth evidence in this page.,,,835,f963114468fc528ecc495859c856601f41fde7a4ed249aefc120fa6b3037d064,False,False,
dunes.gif,,asset,,retain,,,,31962,d8bb07a13e1783d84276f2bce4d2e93ab25a901cfbcf47509a6a14a6872f172d,False,False,
dv.htm,Domestic Violence Page,page,Dragonlords or unrelated content,retain,No identified Queen’s Own or Velgarth evidence in this page.,,,18351,2232d20c760ffd7a06f821b2276f09a4ccbbc2c65792d4db1a0ba35c22535723,False,False,
dvisionscover.jpg,,asset,,retain,,,,36037,bdb7e2a9de573011adc175dd903942dd2f3863f22da78aa1bd30e6a5d9943b7f,False,False,
dvoicescover.jpg,,asset,,retain,,,,41904,091379c95daa34b1d023a2445b6a0bb8270ee8d9e6626ef44d6ade5650eabe42,False,False,
eaglowl.gif,,asset,,retain,,,,31947,b44b871d5878e8306cc2d3796f39dfc557526a88f16690a31d0ea9a883413cc2,False,False,
elf.gif,,asset,,retain,,,,39561,35aea6dc76a9f148e6b97854860748f673364e6ae31dab7e77433ddd3dc26d31,False,False,
ema2.jpg,,asset,,retain,,,,16531,30ee60ff15786d3fe44ebc4f0e0ef440e5ffd3ad816c33caed686098068a0709,False,False,
enter.gif,,asset,,retain,,,,5463,1fa1d2f1f941d3fa4472bf301f840d1ffcf13c2ff669381fd3bd3191c7852e57,False,False,
equal3.gif,,asset,,retain,,,,2334,bf0214c3d259694f07b6996a713aba80b0a9b26a49bbeee4d4926b40fa676c76,False,False,
exaward.gif,,asset,,retain,,,,5758,a6c0beb5447350a524394f08d6ba864fcbf4aa43a0c38031f8da5736dded782a,False,False,
faeban.gif,,asset,,retain,,,,13747,d862d7487f1d0ffd454958f8be06e8c39bcda5ef2138fa1b2c10814be5c80c07,False,False,
fairy.gif,,asset,,retain,,,,49932,09e42f94b1e67ac82a8fc38877d2fa3126701a8a611dab65d6138e8e0439601b,False,False,
fan.gif,,asset,,retain,,,,2500,48567c7966b9abf9e03a79c884e2e521d1eafcc85c1526b54dc991668fcb610a,False,False,
fauna.htm,Fauna,page,Dragonlords or unrelated content,retain,No identified Queen’s Own or Velgarth evidence in this page.,,,5928,13975235c87154ffb5f8349fa18e6199ec45089ac2ca4f6504836ef9c6f8178b,False,False,
favicon.ico,,asset,,retain,,,,0,e3b0c44298fc1c149afbf4c8996fb92427ae41e4649b934ca495991b7852b855,False,False,
feast.gif,,asset,,retain,,,,19531,9e550ed5f88c908c11d837ab96703f5dfbd1c8399fc4a5f0ce47dcb0289a78df,False,False,
feet.gif,,asset,,retain,,,,5086,4ed2deefd75a079f4138bb15259488665ebf9de31bc498210e6e8c929088f596,False,False,
feminist.gif,,asset,,retain,,,,27735,65916512e7f1114e62d3bcc861466f7b63bc5b469f9c98869500eb6248693e00,False,False,
fibers.gif,,asset,,retain,,,,3860,f43fc9392252386747a9ca3c2b72ed4a16a1d3e9348d8f4d07ccad95336ec68e,False,False,
findany.gif,,asset,,retain,,,,8663,90e212465003c06a36862f1f2cee4f42ac39be083590db4afc708ab772ff8d15,False,False,
findrel.gif,,asset,,retain,,,,3029,d4651bc37a5cb7a1f873d05a355d76515c34ec880745d95c0a4b43af781ea980,False,False,
flow6.gif,,asset,,retain,,,,9731,26159e781e4292895793e69f3bc5fa8119c755c067862a94c748819378a6f7ca,False,False,
food.htm,Food,page,Dragonlords or unrelated content,retain,No identified Queen’s Own or Velgarth evidence in this page.,,,7627,ce5a4e386975b7d66a7f09a72d52a6df1b7a79a52cbce3fa1948391413c67644,False,False,
found.jpg,,asset,,retain,,,,24110,1900c71dbaf71fc35c75f2cf093e8cdd7d56fc7d863e062252d589c5f5994d53,False,False,
freeawrd.gif,,asset,,retain,,,,11859,bc953a505bccdc7c66b5b9a3a181a0d75fee5b431e672005ca90816ddeb48211,False,False,
friend8.jpg,,asset,,retain,,,,11468,5c5a5907b3ef49558f40a454a5cc21fe096dc438c912ba2c2508f1c3a70e24ff,False,False,
friendsawd.gif,,asset,,retain,,,,19621,864de80454e4d91f236627552d158957b21e345dcb0513e03c88a1e3e8dea91f,False,False,
fund.htm,The Injured Jockey Fund,page,Dragonlords or unrelated content,retain,No identified Queen’s Own or Velgarth evidence in this page.,,,1238,2a683229d10b352f33bc6eedf49f02357f452b0061fd2522159a6960fe06fe6d,False,False,
funstuff.htm,Fun Stuff,page,Mixed or incidental references,review,"Related terms appear, but this may be mixed content, a generic resource, or an incidental reference.",Queen's Own,,19879,816c07657570a3764f9b43e3ab978e85e47dcfc4af17976c7ba73cb0a61a449e,False,False,
fwarrior.jpg,,asset,,dependency,,,,95160,2632dfafd91bddc546b67a9b7e7ab9e19284f1825c72ff58bc42028340e24803,True,True,danyacc.htm
g3.gif,,asset,,retain,,,,3362,cea3eb68c707e36ab8771121d2d7a459ec6b437d11c4fd8357b7fa2a957e988f,False,False,
galahad.gif,,asset,,retain,,,,44117,161511dbd91599dc9cb77a14b44a90ea6273a247dc486ddcc9c6fe0bff4fc1a2,False,False,
garb.htm,Garb,page,Dragonlords or unrelated content,retain,No identified Queen’s Own or Velgarth evidence in this page.,,,12021,9daf1b9f90f0a7af135e678362296805fef68129c780bdf4e2703f5e84fa0992,False,False,
gayflag1.gif,,asset,,retain,,,,1082,abd5ea6b15fbb58b9f4b33260b3dbef67444621fb14fb377ce2f9e52899b755b,False,False,
gayrel.htm,Religion and Gay Rights,page,Dragonlords or unrelated content,retain,No identified Queen’s Own or Velgarth evidence in this page.,,,9329,ede89b268805cf469059ae866bef5c474d391833bb8f82e8242ca4db9fd43616,False,False,
gazcc.htm,Criton's Castle,page,Dragonlords or unrelated content,retain,No identified Queen’s Own or Velgarth evidence in this page.,,,1083,6d7befe62626a04302f9225ccfbe479d08bff73ffdbc316f895bda7c3f9c9609,False,False,
gazcen.htm,Gazetteer,page,Dragonlords or unrelated content,retain,No identified Queen’s Own or Velgarth evidence in this page.,,,5921,bbff5621ff2c4e5bd3322463cf4daa298156b5799c8bebafe432d326adcab5f0,False,False,
gazcin.htm,Cinnamar Gazetteer,page,Dragonlords or unrelated content,retain,No identified Queen’s Own or Velgarth evidence in this page.,,,3519,60db8a0f4f49ba2641f54936bcb6d3adacd79ae74d882994f0d2678138b4e2e0,False,False,
gazcrc.htm,Camel Circuit,page,Dragonlords or unrelated content,retain,No identified Queen’s Own or Velgarth evidence in this page.,,,1386,785bf947fb715e7871cea61294a9fe1fcd0b5a827eeb05d3bc93a2888431ccb1,False,False,
gazdae.htm,Daethia Gazetteer,page,Dragonlords or unrelated content,retain,No identified Queen’s Own or Velgarth evidence in this page.,,,2865,24fdd90573a93058329ba9861129908b437b22500b3210f4eb1c74f2f41837cd,False,False,
gazdum.htm,Dumnonia Gazetteer,page,Dragonlords or unrelated content,retain,No identified Queen’s Own or Velgarth evidence in this page.,,,3957,7d86341defaa8a3dad06aca9224b490cebf9d32c13b91460aad033bb6f278b6f,False,False,
gazelf.htm,Elven Kingdom,page,Dragonlords or unrelated content,retain,No identified Queen’s Own or Velgarth evidence in this page.,,,9380,72462d292d3c2b108ea63cf00c273ce75bba7f1f593cd19406dd66d499bb95fd,False,False,
gazelfo.htm,Original Elven Kingdom,page,Dragonlords or unrelated content,retain,No identified Queen’s Own or Velgarth evidence in this page.,,,987,cc4cf374cf30a2524c9edbb6e3f95b75cc3a7cd6fe0998147a667b6dec9e7f85,False,False,
gazgal.htm,Galantia,page,Dragonlords or unrelated content,retain,No identified Queen’s Own or Velgarth evidence in this page.,,,1072,448ca7d0e53607b60061d52e28c7ba14aab6cfd098f0493744e8292a9c30704b,False,False,
gazgfv.htm,Geron's Volcano,page,Dragonlords or unrelated content,retain,No identified Queen’s Own or Velgarth evidence in this page.,,,3762,1430113d305e308603ffe54ecd54f75867dd6495f4a622c161fbae4e899f401d,False,False,
gazgw.htm,Great Woods,page,Dragonlords or unrelated content,retain,No identified Queen’s Own or Velgarth evidence in this page.,,,2267,7636e4a087d0f2905790d1f2e0b981306d222d64eaf889d8337bb45eb1a1c4d5,False,False,
gaziwd.htm,Isle of the White Dragon,page,Dragonlords or unrelated content,retain,No identified Queen’s Own or Velgarth evidence in this page.,,,1029,110b6e4769969179586bc551185bd40d53166acefdb1ac324f8f800ec4fd32ed,False,False,
gazkrell.htm,Krellos,page,Dragonlords or unrelated content,retain,No identified Queen’s Own or Velgarth evidence in this page.,,,2200,6a66c91f54d06f5d72ccd0f0199be8541108cf097c4a28947dc529fafe51b781,False,False,
gazmp.htm,Mount Paradin,page,Dragonlords or unrelated content,retain,No identified Queen’s Own or Velgarth evidence in this page.,,,4307,5ef5d71d3098ab572094754bb57df32080d6daea409d4039a2b81a1ec7d7212a,False,False,
gazncar.htm,Northern Caravaneers,page,Dragonlords or unrelated content,retain,No identified Queen’s Own or Velgarth evidence in this page.,,,4490,d90054efa52838ee67b332637605ac46b8e81f275eec02f0ad6f1a3c9375d46c,False,False,
gaznhrc.htm,Northern Circuit,page,Dragonlords or unrelated content,retain,No identified Queen’s Own or Velgarth evidence in this page.,,,2303,afcd22bb4c19555c92a4b7e737b889e27078bb954d34d6908b24fc5bf1cf433d,False,False,
gaznrc.htm,Northern Racing Circuits,page,Dragonlords or unrelated content,retain,No identified Queen’s Own or Velgarth evidence in this page.,,,846,0af00c0f1fcbbe675f790dd1c88e78eb8fbb5986fa4c92ac77755e100d2a0f58,False,False,
gaznw.htm,Northern Wastes Gazetteer,page,Dragonlords or unrelated content,retain,No identified Queen’s Own or Velgarth evidence in this page.,,,1744,3a53019cab85e3338ec6859c277783c41198519dbed276999588985b49949d55,False,False,
gazocar.htm,Other Caravaneers,page,Dragonlords or unrelated content,retain,No identified Queen’s Own or Velgarth evidence in this page.,,,1140,fcc8379b214179e68aa21c0b61d2410ce7b91d43425b8535e80dad5d8e4a4798,False,False,
gazohrc.htm,Other Circuit,page,Dragonlords or unrelated content,retain,No identified Queen’s Own or Velgarth evidence in this page.,,,1100,ae323865d8c800353ee333f94fad4efd66e8cbc2ff6bdb69dab4790fec869d54,False,False,
gazrash.htm,Rashtar Gazetteer,page,Dragonlords or unrelated content,retain,No identified Queen’s Own or Velgarth evidence in this page.,,,2604,a8c79dba645e46ed3bafe52a2ee52362e0f2cea028316e7eab15a71203c6f342,False,False,
gazrbc.htm,Red Bluff Castle,page,Dragonlords or unrelated content,retain,No identified Queen’s Own or Velgarth evidence in this page.,,,1579,47759f936b62cc27d057abc0a6c9c42a317da056f2ee1c135147c47a57f5bd96,False,False,
gazscc.htm,Slip Crescent Castle,page,Dragonlords or unrelated content,retain,No identified Queen’s Own or Velgarth evidence in this page.,,,1133,29f20a54e1e7bf25c3f9b899bdcfc074d692ce9a0aa1fd08af573a78875dc74a,False,False,
gazsfc.htm,Starfire Castle,page,Dragonlords or unrelated content,retain,No identified Queen’s Own or Velgarth evidence in this page.,,,5489,434ef84ab77dc94341fb48a0a648f7e0d011a89279caa90e6de93899dfdd6a2d,False,False,
gazshc.htm,Stormheights Castle,page,Dragonlords or unrelated content,retain,No identified Queen’s Own or Velgarth evidence in this page.,,,1591,a9813b6f8e8808580e75967c01af0e1e99eb30cc9c10b390ddc6a9e76c7f8f7c,False,False,
gazsoc.htm,Southern Castle,page,Dragonlords or unrelated content,retain,No identified Queen’s Own or Velgarth evidence in this page.,,,7654,4f3dd2380bf406bcc60325e04556e527450be037b6202afd3fa7c35ea2fbf265,False,False,
gazspc.htm,Sandy Plains Castle,page,Dragonlords or unrelated content,retain,No identified Queen’s Own or Velgarth evidence in this page.,,,5576,d0067b2723cbe2f4aca5944cc305410180989bc1e3188f26e0d803091088a1c0,False,False,
gazsvc.htm,Shallow Valley Castle,page,Dragonlords or unrelated content,retain,No identified Queen’s Own or Velgarth evidence in this page.,,,1550,25c6c700406d03ce15a7a2aaabfab260f1b1e8f6947d66cfa6f141fc44e11df5,False,False,
gaztc.htm,Tramson Castle,page,Dragonlords or unrelated content,retain,No identified Queen’s Own or Velgarth evidence in this page.,,,9078,cecaeb0947b70168c3c6e664c5020ceb6c5265b68926fc86b6c55e8500ab147a,False,False,
gazwwc.htm,White Wolf's Castle,page,Dragonlords or unrelated content,retain,No identified Queen’s Own or Velgarth evidence in this page.,,,1278,d3061e7fc4f43ba07434a1fc275dcc355c82288724800d3e8a0e052a0c3bfd3c,False,False,
gazwwnt.htm,White Wolf's Northern Temple,page,Dragonlords or unrelated content,retain,No identified Queen’s Own or Velgarth evidence in this page.,,,990,39530fd5c7715c0e262de7552a719b2195ca7612f29498dbdb26424cdcb15d0e,False,False,
gazwwst.htm,White Wolf's Southern Temple,page,Dragonlords or unrelated content,retain,No identified Queen’s Own or Velgarth evidence in this page.,,,1506,76294c06eae87a0d0bac123340d182243f0eff35dd4d341eb01c91be61e9b73d,False,False,
gazzed.htm,Zed's Castle,page,Dragonlords or unrelated content,retain,No identified Queen’s Own or Velgarth evidence in this page.,,,1675,95de16c6b9a17f6c10b1aa87814cbf25259e85a87cc2147968f3c032da53a333,False,False,
gbard.gif,,asset,,retain,,,,4831,fe86fa7db6890c390ba1e60198856fbd1a6ff1c2b94b4b6264d0c8ed57098945,False,False,
gbeast.gif,,asset,,retain,,,,4520,c64fa0302da309c39a783de71532a9731d601d7a5eff06981362cd6965261f6b,False,False,
gcarp.gif,,asset,,retain,,,,4604,a1511925ecb5e3d9320318c0c6c8890b0e8def3ac6be02ea18fb6ec72ef03f35,False,False,
gcook.gif,,asset,,retain,,,,4475,1a2d67f47245f39b81cac6d631a73586a26392a2897721fd8e180c0ea0480695,False,False,
genie.gif,,asset,,retain,,,,68455,0097bdc3a825b6d26dc2a4326324d8ae08419a9833cde0fac66aa9ef5266c5f9,False,False,
gfarm.gif,,asset,,retain,,,,4894,3fb58a8d7952c3edbe4204b27c791f4f2bf420914eadac8f676d04b5023535e7,False,False,
gfish.gif,,asset,,retain,,,,4693,54f7f5dd5de64235e901e66c2150fe9b061e6d6fd0f179433ca047afab357d8a,False,False,
gglass.gif,,asset,,retain,,,,4577,87acc5184d9731467411d23e4536712886c43b7c9385a3381ab51ab3c71a4b6a,False,False,
ghealer.gif,,asset,,retain,,,,4791,06ac8979a97dfb75ddbb9a5a111cf75bf19405761f9d773a99a380726c5b62f0,False,False,
gi1.jpg,,asset,,retain,,,,3420,abc4d60b52fd0042fd41357541d45a71c15179a1db7b5658a2e3a79f226781e7,False,False,
gi10.jpg,,asset,,retain,,,,2968,d19df921c281f3f7302de3ecdf36451df2b74dee887ef9852a2e043753589671,False,False,
gi2.jpg,,asset,,retain,,,,2791,caa24ac97cf4d995bf7e9c6048e6453acb46f014fc286cb41f0acf4c3c0949de,False,False,
gi3.jpg,,asset,,retain,,,,2836,ec3818be012994d36e86f143c9f0e2f28d830e299b1f3675604fbd8983079f4f,False,False,
gi4.jpg,,asset,,retain,,,,2837,3c8c014755097efe785b0671d8b29d51d6153b3dfb281f88ee283b55634c5d5d,False,False,
gi5.jpg,,asset,,retain,,,,3039,491d25f391530956f2e725bb0d87af9c86f742de0c50bef8ba9cec808c82906f,False,False,
gi6.jpg,,asset,,retain,,,,3040,1226b4675be42e88a7b5e93881c38d246c7ed2b5775f1075c3c4689609acddbf,False,False,
gi7.jpg,,asset,,retain,,,,2861,9394aa7e0fe04752ef3dc2b516a00fdb854052a384852740a96ac0a6e33fcc67,False,False,
gi8.jpg,,asset,,retain,,,,2474,ceee38662f1a878b592cbce49698c757e5c4c380872808a7f6db0a42376e859a,False,False,
gi9.jpg,,asset,,retain,,,,3336,09577132011a465f4cd1737f6cd6890575ad3eba2baf6cf27fe35f094ff828b6,False,False,
giant1.gif,,asset,,retain,,,,8703,6aac043601608bd621149257f380383d0f7f3215e5b47f61618e89c5979f1866,False,False,
giant2.gif,,asset,,retain,,,,9311,ef61698c6df115d930e37dc159c6eb4b7df76d7da9663a1d0a7a35fa084e01ae,False,False,
gjewel.gif,,asset,,retain,,,,4469,e185b18797dd8c86b2e91ee473702084e22fd2669d25ae12051f1a1a0bb2ff7a,False,False,
glove.gif,,asset,,retain,,,,6280,102fe2be468b7999b9a8080e7594802cee4394d545b0a74bb30c81336cd6ec0e,False,False,
gmine.gif,,asset,,retain,,,,4738,61f94b8a36d45fe31b9586d96669b74b700a4e32b12397347d3fdc2d2c0acb3c,False,False,
gmoney.gif,,asset,,retain,,,,4981,f386f72c0c20e753ad1f58214ba512e14b4c018a9b94fad13a745f50ec48ca44,False,False,
goblet.gif,,asset,,retain,,,,907,2b3622155e8d2a22cdb5bdfbc0c902fedf6ce7818e66e1f73f1b83a425180828,False,False,
godcrit.htm,Criton,page,Dragonlords or unrelated content,retain,No identified Queen’s Own or Velgarth evidence in this page.,,,2097,3847d7a5b9c95ffadf8cd4f85e3550be2cf55ea10342a8b124fc5ceebd6defb9,False,False,
goddaen.htm,Daenan,page,Dragonlords or unrelated content,retain,No identified Queen’s Own or Velgarth evidence in this page.,,,1182,cc848b9227c2082905641188d3d1fe2b819e61662ca271afeba1861e96b3b603,False,False,
goddark.htm,Serak,page,Dragonlords or unrelated content,retain,No identified Queen’s Own or Velgarth evidence in this page.,,,2051,db7857ada87bd30ed4b63713ae3adcbc0bebdbe2cd3f8c92dc3d0fa58d370b73,False,False,
godelf.htm,Farador,page,Dragonlords or unrelated content,retain,No identified Queen’s Own or Velgarth evidence in this page.,,,2131,3bb4bd3c10f87feb481a065a0be8d50121ec8c61f191a867f6b8aa779aa2ac17,False,False,
godkyla.htm,Kyla,page,Dragonlords or unrelated content,retain,No identified Queen’s Own or Velgarth evidence in this page.,,,1897,2a20796aa343adaaf7a27cd97438af37e90a058e8b0b14a9bcc90e8e7abc5be8,False,False,
godleot.htm,Leot,page,Dragonlords or unrelated content,retain,No identified Queen’s Own or Velgarth evidence in this page.,,,1633,87fc01c5ffa885217f7f87cd6eb0fdbb74192a44faf61d82e1e84e0f1b2152ad,False,False,
godmir.htm,Miranda,page,Dragonlords or unrelated content,retain,No identified Queen’s Own or Velgarth evidence in this page.,,,2422,0ba5a52462336f7561301980bedef2f027ba2661ffc89e645ef1672e8bdd9a14,False,False,
godmoth.htm,Mother,page,Dragonlords or unrelated content,retain,No identified Queen’s Own or Velgarth evidence in this page.,,,1482,8ff0efadad655a66592c0984c45906de3bedab9736fbad34fdce3f6390f3a57b,False,False,
godtob.htm,Tobar,page,Dragonlords or unrelated content,retain,No identified Queen’s Own or Velgarth evidence in this page.,,,1383,8677573d3f29aad294eac604fd1bb7ce33ba04d9dd315885a11b5811adbf6008,False,False,
godwolf.htm,Ailan,page,Dragonlords or unrelated content,retain,No identified Queen’s Own or Velgarth evidence in this page.,,,2483,adb0c3fae84aa4e93e7e83aca20718a5ca0f26164708bb8bb82296d7260211d8,False,False,
godxer.htm,Xeron,page,Dragonlords or unrelated content,retain,No identified Queen’s Own or Velgarth evidence in this page.,,,1297,917688759895b915c3f56a564b052a1cd7a918a636b666df623dee43b0af884f,False,False,
godzed.htm,Zed,page,Dragonlords or unrelated content,retain,No identified Queen’s Own or Velgarth evidence in this page.,,,1477,f186220d89a3d12da157efab997fca920bd6f44a4d643453a23b21052b1554b8,False,False,
gold.gif,,asset,,retain,,,,4167,4b3d53dc1d55f15238977026f26c3c2d8a4a0bcf26ecec41c6b5c49586e6fa7d,False,False,
golddragonheart.gif,,asset,,retain,,,,1524,5ceae69acbaea1994b1380c853e6ca7ddce13c5209a6a21384c15055cc152559,False,False,
golden1.gif,,asset,,retain,,,,18127,b814c910da76cdc87705e558f5bea5cef3994b7c713e576ac3874aeb79dcbbcd,False,False,
grail.gif,,asset,,retain,,,,9929,1bf48829db828695203f5ec714d5b3078c13d27b85e7c6ccbfda805367549f47,False,False,
greport.htm,Guilder Report Kit,page,Dragonlords or unrelated content,retain,No identified Queen’s Own or Velgarth evidence in this page.,,,2099,08b38b29bd2e353a90225e211da473d787678a5cab3d7d83922a7dd1d9eea686,False,False,
gribbon.gif,,asset,,retain,,,,261,3edd87187b7c40c8c9532b666fc5700afb60dc2603887614c31d621ee46d270a,False,False,
gscribe.gif,,asset,,retain,,,,5068,c313c53dd92f539729899776386ea13ad3fbf0d849246744e7fe3fa6ea3a966e,False,False,
gsfb.htm,Starfire Beast Guild,page,Dragonlords or unrelated content,retain,No identified Queen’s Own or Velgarth evidence in this page.,,,822,0e926361126d1010855371ba163478469636f3a3518e53369e730894a980a191,False,False,
gsff.htm,Starfire Fisher Guild,page,Dragonlords or unrelated content,retain,No identified Queen’s Own or Velgarth evidence in this page.,,,671,3d00f4521a842d38ed9df8c8d9e90e6e70862047646336ab90368dc9d12e8528,False,False,
gsmith.gif,,asset,,retain,,,,4593,88d17443279b3798b39481b2a7d653aac1f8bf9c48a166f7eb31801c5e186c9f,False,False,
gsobg.htm,*Southern Beast Guilders* (Local),page,Dragonlords or unrelated content,retain,No identified Queen’s Own or Velgarth evidence in this page.,,,1675,9a161b8f81939adad95f8feef6b7e25d94aa018d577e3704c35875450e2b792c,False,False,
gsoh.htm,*Southern Healers* (Local),page,Dragonlords or unrelated content,retain,No identified Queen’s Own or Velgarth evidence in this page.,,,1092,2da40116d964a817057a9ac1247729c10e832308d2f24654f0f2ac41a8b2ac51,False,False,
gsos.htm,Southern Smiths,page,Dragonlords or unrelated content,retain,No identified Queen’s Own or Velgarth evidence in this page.,,,648,69a034d5ebbb1166bca920144215d6f2abcebe9cc127e41a6e976d81d65518dc,False,False,
gspg.htm,Sandy Plains Glass Guild,page,Dragonlords or unrelated content,retain,No identified Queen’s Own or Velgarth evidence in this page.,,,647,4cea232876ea6eadb41e33a275269a58e33203a775ddc8dee89fdfa801858565,False,False,
gtan.gif,,asset,,retain,,,,4538,76cbfc54534cc84c427b4494a9ed7858b303edbb3648834d641933eb1def9783,False,False,
gtrade.gif,,asset,,retain,,,,4774,9044818633e67d83d9f02fe1a4e53d1f39bec8edfedf99c0432324a7f48c423f,False,False,
guide.htm,Dragonlords Guide,page,Dragonlords or unrelated content,retain,No identified Queen’s Own or Velgarth evidence in this page.,,,27606,70f1c2c337419526f8f47e58af40e8a221b618d89014c278e1f71289e0bb407b,False,False,
guilder.htm,Guilder,page,Dragonlords or unrelated content,retain,No identified Queen’s Own or Velgarth evidence in this page.,,,25754,5b96b9534d33e83429703788862d9200c98d5a42b5ebb916f08f4e1e4b3402ac,False,False,
gvint.gif,,asset,,retain,,,,4574,a951e42e19ee423c7e33f7ff6b97b53294b63f54862313e5c758559955dc2440,False,False,
gweave.gif,,asset,,retain,,,,4852,eb6ce5e5f6dd67fa2053897a6cf3df3c5bda18c88f6babe0cb9709124a66a084,False,False,
halfelf.gif,,asset,,retain,,,,72051,72760059575691dbde784abc2b0e9d716ced8ce8bb99f78574e2a5b3e8a28094,False,False,
hand.gif,,asset,,retain,,,,2400,b5d279e71ee72fba023d9db80a25df3af4dcb070ccd4e4ed5ff534e41686d0fc,False,False,
harry1.jpg,,asset,,retain,,,,8343,7e4c558799aafceaa2e88d9bbe51aa71054361dc176ad7b901a4609b8110bf93,False,False,
harry2.jpg,,asset,,retain,,,,4225,0eaf18a3b9273e2563a93ee7a935599ae7f242403184d83999d803ca3a6e8325,False,False,
hat.gif,,asset,,retain,,,,1716,0b427973ee1a288722351402f91a14a7abe6d90f7c3b393f3b46d1c04ab9b5ad,False,False,
hate.jpg,,asset,,retain,,,,8482,3b04ea42c1ff8cde588b99c8d3650435f8c679d0e3b2d783a0db3c56afe0a732,False,False,
headshot.jpg,,asset,,retain,,,,327852,a042869948ac2f7662f54ff093bae9acaa8ae6079013433da7f6c70f0b0d0aa9,False,False,
healer.htm,Healer's Handbook,page,Dragonlords or unrelated content,retain,No identified Queen’s Own or Velgarth evidence in this page.,,,7571,8051834902e5168ea38f61a98a5d74f29649d19b8d4ec8f1a9ab0b9ffd034554,False,False,
heawd.gif,,asset,,retain,,,,77758,ec7777203cad827d71e95b2d03da752ab14f1b6a8f7bbd8df22f0de234cadb4d,False,False,
heca.gif,,asset,,retain,,,,59546,dc38557e068a626899ecf6cd1cc6f5547ad6f7dca3c5810f9b19073ecfcbc4eb,False,False,
herald.htm,Heraldry,page,Dragonlords or unrelated content,retain,No identified Queen’s Own or Velgarth evidence in this page.,,,6391,c1f4a6c4fd2d71ffc1d4344c237f2eca26eeecefca0ea4b594c2fee6845b5629,False,False,
holidaybann468-1.gif,,asset,,retain,,,,6967,1b8079484be31b5450c9b5e03593496bda6d0cc1ed0b2bdbfcbed85d38fc0efd,False,False,
horn.gif,,asset,,retain,,,,3824,7c9967ebeb093654a0cf24042b2379d86e84e124c712680b89f5ebaac4156dc7,False,False,
horse.gif,,asset,,retain,,,,17636,3310a124de7e94a75bc5b0a74ac32b8229ccbf793c04f84971e938b23253e3e8,False,False,
house.gif,,asset,,retain,,,,1747,1675e3e8b98af5322f87644075d7f96f9b467922f52d4912a0d5a54bf79abab2,False,False,
hp1.gif,,asset,,retain,,,,12200,a3b1eb1bb379c748f922c27ebfa0cb6677d5a922a1f18d69a4ae0cba74317225,False,False,
hp2.gif,,asset,,retain,,,,13551,67a7d08d2ef44107981459af4e57dc5e555b1e96ae82635ccf45144b459f7e28,False,False,
hp3.jpg,,asset,,retain,,,,6662,1eb27a315a81d4b12311df16be98404ead6a2ce74a23040df99165104f7e0644,False,False,
hp4.jpg,,asset,,retain,,,,5347,671f0d438d8013bdbb603826fe81387cd085a8174371ce934ec84cc1b51336da,False,False,
hp6.jpg,,asset,,retain,,,,3178,0416c236ebaab03dcb5db1e09d1f52781ce5353f2e4027bd2af76f494f2ccc44,False,False,
hp8.jpg,,asset,,retain,,,,8705,870a523b84edadcb673a0da6b29683fc3d65deaa2a8ac476be2de3f70377816c,False,False,
hp_125x125-hp-5-an.gif,,asset,,retain,,,,8870,4524732bb7acb18ed7a3a6fd14bf6ffaae36b9ee84723ed7240b8a63d2fabf82,False,False,
ias.jpg,,asset,,retain,,,,20275,48b1c81d36795b65edce817f93f83068822fddc30f19ce67503f7801312ff271,False,False,
ias2.jpg,,asset,,retain,,,,19482,5536b00874b420a5b1195fb1eeeb989a332c599ab82f22b4196ff5592201f1ac,False,False,
iasban.jpg,,asset,,retain,,,,8141,b96cbf091e4addef265248b5784c31ed9568a406651e567f7a626f8a7bc6cd8b,False,False,
img-sys/PythonPowered.png,,asset,,retain,,,,945,5887ebfcdc97332a7a75946388a0759d19c15357a4978ac464a075f6db34aa1a,False,False,
img-sys/gnu-head-tiny.jpg,,asset,,retain,,,,3049,bfe93522525ef51711e23296d57abe8def10e91c6ee2b8c1f9a8938aaa96eff7,False,False,
img-sys/mailman.jpg,,asset,,retain,,,,2022,837f08b19a6a93f86010dde24b7cd4e0cbcfd9713049bb76ac224f6aee4a5e90,False,False,
incense2.gif,,asset,,retain,,,,2340,b135571515e6a06ca4a591d16e573f49256eb84c481a55cc5202973f1d853bf3,False,False,
index.htm,Dragonlords of Dumnonia's Home Page,page,Mixed or incidental references,review,"Related terms appear, but this may be mixed content, a generic resource, or an incidental reference.",Queen's Own,_index.md; imported-danyas-cookbook.md; qofun.htm.md; qolinks.htm.md; qomlrel2.htm.md,7114,1d84ebeb046a51d771b1670329132e722e9268ddc348beb75825427bd0eda6b6,False,False,
index.html,Dragonlords of Dumnonia's Home Page,page,Mixed or incidental references,review,"Related terms appear, but this may be mixed content, a generic resource, or an incidental reference.",Queen's Own,qoapr01.htm.md; qoapr02.htm.md; qoapr03.htm.md; qoapr04.htm.md; qoapr05.htm.md; qoaug00.htm.md; qoaug01.htm.md; qoaug02.htm.md; qoaug03.htm.md; qoaug04.htm.md; qoaug05.htm.md; qodec00.htm.md; qodec01.htm.md; qodec02.htm.md; qodec03.htm.md; qodec04.htm.md; qofeb01.htm.md; qofeb02.htm.md; qofeb03.htm.md; qofeb04.htm.md; qofeb05.htm.md; qofeb98.htm.md; qojan01.htm.md; qojan02.htm.md; qojan03.htm.md; qojan04.htm.md; qojan05.htm.md; qojan99.htm.md; qojul00.htm.md; qojul01.htm.md; qojul02.htm.md; qojul03.htm.md; qojul04.htm.md; qojul05.htm.md; qojun00.htm.md; qojun01.htm.md; qojun02.htm.md; qojun03.htm.md; qojun04.htm.md; qojun05.htm.md; qomar01.htm.md; qomar02.htm.md; qomar03.htm.md; qomar04.htm.md; qomar05.htm.md; qomay00.htm.md; qomay01.htm.md; qomay02.htm.md; qomay03.htm.md; qomay04.htm.md; qomay05.htm.md; qonov00.htm.md; qonov01.htm.md; qonov02.htm.md; qonov03.htm.md; qonov04.htm.md; qooct00.htm.md; qooct01.htm.md; qooct02.htm.md; qooct03.htm.md; qooct04.htm.md; qosep00.htm.md; qosep01.htm.md; qosep02.htm.md; qosep03.htm.md; qosep04.htm.md; qosep05.htm.md,7051,8e098eaf5f9d7e88c68257e3bef7f403d864bf8f39462955374d1589c05b1e52,False,False,
index__q_00.html,Dragonlords of Dumnonia's Home Page,page,Mixed or incidental references,review,"Related terms appear, but this may be mixed content, a generic resource, or an incidental reference.",Queen's Own,,28306,5adb0754a0c54ec95ae9adeb872b27fe8fc157be0c8c15975449ad6d7ec15ec4,False,False,
index__q_id=12.html,Dragonlords of Dumnonia's Home Page,page,Mixed or incidental references,review,"Related terms appear, but this may be mixed content, a generic resource, or an incidental reference.",Queen's Own,,28306,5adb0754a0c54ec95ae9adeb872b27fe8fc157be0c8c15975449ad6d7ec15ec4,False,False,
index__q_id=14.html,Dragonlords of Dumnonia's Home Page,page,Mixed or incidental references,review,"Related terms appear, but this may be mixed content, a generic resource, or an incidental reference.",Queen's Own,,28306,5adb0754a0c54ec95ae9adeb872b27fe8fc157be0c8c15975449ad6d7ec15ec4,False,False,
index__q_id=22.html,Dragonlords of Dumnonia's Home Page,page,Mixed or incidental references,review,"Related terms appear, but this may be mixed content, a generic resource, or an incidental reference.",Queen's Own,,28306,5adb0754a0c54ec95ae9adeb872b27fe8fc157be0c8c15975449ad6d7ec15ec4,False,False,
index__q_id=23.html,Dragonlords of Dumnonia's Home Page,page,Mixed or incidental references,review,"Related terms appear, but this may be mixed content, a generic resource, or an incidental reference.",Queen's Own,,28306,5adb0754a0c54ec95ae9adeb872b27fe8fc157be0c8c15975449ad6d7ec15ec4,False,False,
index__q_id=32.html,Dragonlords of Dumnonia's Home Page,page,Mixed or incidental references,review,"Related terms appear, but this may be mixed content, a generic resource, or an incidental reference.",Queen's Own,,28306,5adb0754a0c54ec95ae9adeb872b27fe8fc157be0c8c15975449ad6d7ec15ec4,False,False,
index__q_id=4.html,Dragonlords of Dumnonia's Home Page,page,Mixed or incidental references,review,"Related terms appear, but this may be mixed content, a generic resource, or an incidental reference.",Queen's Own,,28306,5adb0754a0c54ec95ae9adeb872b27fe8fc157be0c8c15975449ad6d7ec15ec4,False,False,
index__q_id=40.html,Dragonlords of Dumnonia's Home Page,page,Mixed or incidental references,review,"Related terms appear, but this may be mixed content, a generic resource, or an incidental reference.",Queen's Own,,28306,5adb0754a0c54ec95ae9adeb872b27fe8fc157be0c8c15975449ad6d7ec15ec4,False,False,
index__q_id=44.html,Dragonlords of Dumnonia's Home Page,page,Mixed or incidental references,review,"Related terms appear, but this may be mixed content, a generic resource, or an incidental reference.",Queen's Own,,28306,5adb0754a0c54ec95ae9adeb872b27fe8fc157be0c8c15975449ad6d7ec15ec4,False,False,
index__q_id=5.html,Dragonlords of Dumnonia's Home Page,page,Mixed or incidental references,review,"Related terms appear, but this may be mixed content, a generic resource, or an incidental reference.",Queen's Own,,28306,5adb0754a0c54ec95ae9adeb872b27fe8fc157be0c8c15975449ad6d7ec15ec4,False,False,
index__q_id=6.html,Dragonlords of Dumnonia's Home Page,page,Mixed or incidental references,review,"Related terms appear, but this may be mixed content, a generic resource, or an incidental reference.",Queen's Own,,28306,5adb0754a0c54ec95ae9adeb872b27fe8fc157be0c8c15975449ad6d7ec15ec4,False,False,
index__q_id=7.html,Dragonlords of Dumnonia's Home Page,page,Mixed or incidental references,review,"Related terms appear, but this may be mixed content, a generic resource, or an incidental reference.",Queen's Own,,28306,5adb0754a0c54ec95ae9adeb872b27fe8fc157be0c8c15975449ad6d7ec15ec4,False,False,
jewel1.gif,,asset,,retain,,,,1671,959d08b2d67c9263a91d7ed2df685ad446af14eb3830ae3d073bd17e11ac6cc6,False,False,
jewel2.gif,,asset,,retain,,,,4668,570d36d8b410779767dc6b95493eacc5ad6407a526ba9e75bc955fc01365a21e,False,False,
jewel3.gif,,asset,,retain,,,,1603,cacb319240b91d01c70f83142786974eff7ec4cf145e64facc265402a784f5ad,False,False,
jewel4.gif,,asset,,retain,,,,2453,504e9eb380e5664acd2cfae0356d1a950d88b0c9a0c2093f40189b2352ec3b3f,False,False,
jewel5.gif,,asset,,retain,,,,1636,9fd208dcc88173c63b6d37d27b73943a136780ca290d6348b33b1a2fdf77f6d0,False,False,
jf1.jpg,,asset,,retain,,,,2957,9271b915220ff2c6861f0d056b5060cbcd9c39e208692e67c952bfcdbaaab71e,False,False,
jf2.jpg,,asset,,retain,,,,2855,38571a855b3083f454012093341754f66ff327b5ed30667f5f6a46b6f17b3ae4,False,False,
jf3.jpg,,asset,,retain,,,,3123,1efffa8454fcb1e5894220ca4b5b68b54e4bbc24b50e94fea086776c47c6eeec,False,False,
jf4.jpg,,asset,,retain,,,,2670,a6e942db08fb6d7b742664402a6b6be55235b18a6a3487b5ae18fc82e8f82d39,False,False,
jf5.jpg,,asset,,retain,,,,4511,6fb70a9989ed915f74b16c5a99c3a42a18baa523e512a26e2fba3915e595e908,False,False,
jockey.htm,Jockey Application,page,Dragonlords or unrelated content,retain,No identified Queen’s Own or Velgarth evidence in this page.,,,5633,36962521f3945c7c769ce7cac64b98a8329a5f71fc3eb260e5b04076dd320cee,False,False,
jtitle.gif,,asset,,retain,,,,450,cabb2f8fa5d8d269a72e199dc8d0626b1ab07bc11a593dac96806d774b0a2970,False,False,
jumanji.jpg,,asset,,retain,,,,2051,4ac11af00875179a4e2c9b1302b55c205cef3c468f54c60c68b984f55927dc1c,False,False,
kachat.htm,Gens Artorius (Lucius Artorius Castus) Facebook List,page,Dragonlords or unrelated content,retain,No identified Queen’s Own or Velgarth evidence in this page.,,,2508,c92d0b65a9ad54c3278878e2a4dafe2ccd4d5efe93f62191e15fe02da8879755,False,False,
kampf.gif,,asset,,retain,,,,27827,84492588d1d76964d916c6d62081668b2df31ac76b575a00a55c71147e8e79b4,False,False,
karaif.gif,,asset,,retain,,,,26677,62fb6bf8834f975b6e6967cd90589cdb9bd528c66a1fdbef33bbc2d9b32c2390,False,False,
keff.gif,,asset,,retain,,,,5564,bd6f8b01b9c7c532fbd8beaa18f9b3692843225a2530f30182725ec1d97dd9ad,False,False,
kids.gif,,asset,,retain,,,,4115,07427539dac2606d3c27edac03e2941d72d2aaf823e0a43a895fa02274792104,False,False,
kits.htm,"Paks, etc.",page,Dragonlords or unrelated content,retain,No identified Queen’s Own or Velgarth evidence in this page.,,,6558,18004711fe6da3733adeb47ac28d67bb3c67d6e6e2967262b86976f0d4b90ecb,False,False,
knight2.gif,,asset,,retain,,,,12279,290af91535d5e9842233e47ebcd41d7544ff7e47b1986cf8e2e1a49c871c100d,False,False,
krill.gif,,asset,,retain,,,,20289,a0af548963f7c2715a06d8d0aa08457256968e2ee5302b78cefcb3269aa7d99b,False,False,
krill1.gif,,asset,,retain,,,,4445,63f6adfbbae88d62bcbf115871dcceb192f226b08c42c2bfba5f183606471d85,False,False,
krinjil.gif,,asset,,retain,,,,39587,46c5e8ea86508e1d891a4a4eb2a701d7a575767dac81dec965c921a1bf748f28,False,False,
laajoe.jpg,,asset,,retain,,,,8440,90e97a190445cd995681429e67e5374af19f6c0c20c52076741df6b070088ee4,False,False,
lamdan.jpg,,asset,,retain,,,,22307,74c3cf775431faaf2d538259edd5af7e209588c2bf6c7ba1f7a7712f46476dd7,False,False,
lamp.gif,,asset,,retain,,,,860,2c670e1cdd5286a7b9f977be06b527fa48141239bbc68f796be4644ef62bfffe,False,False,
leafbar.gif,,asset,,retain,,,,14540,ffd0c945806ffdcf5d931ac0db667e62ef5c01525f1924dd13d596122e5ca646,False,False,
league.htm,League of Nations,page,Dragonlords or unrelated content,retain,No identified Queen’s Own or Velgarth evidence in this page.,,,2333,9549ee78c2522a7f4ba870e9557127615b34757302d4534aabf54f79bec90c3f,False,False,
left.gif,,asset,,retain,,,,1801,87511ed91e9666f9d0973b2a78c17c4d6266a8113a564ac54a10fde2b3f2e691,False,False,
legends.htm,Legends,page,Dragonlords or unrelated content,retain,No identified Queen’s Own or Velgarth evidence in this page.,,,5489,77cd1ec9df20391f716bd95ed47cc807b1696490831f2950cfba3ab3600a6c72,False,False,
letter.htm,Permission Letter,page,Dragonlords or unrelated content,retain,No identified Queen’s Own or Velgarth evidence in this page.,,,4461,eada50ff8e0692d2bf631a22b7ce6fb027d7a23feae687598759ab94a603afce,False,False,
lg_seal.gif,,asset,,retain,,,,4714,a55973f54a418baab94120fa9f105139cf7e369666c54a3324bea392f9e5b63d,False,False,
lighthouse.gif,,asset,,retain,,,,5390,b8aefa5b6df3049f15d3001830b63ee84a925202373346c71334336cb0ae802d,False,False,
lion.gif,,asset,,retain,,,,53918,2e5334f88bfde92d1ac96b8c3615fb83f928a3d4cfd858f742fb2b869cd09fe7,False,False,
logo.gif,,asset,,retain,,,,1313,4c3f44bf2003ac95e4526cf97909df0295080452a8473aa382427b4221dcf6c8,False,False,
lor_assoc.gif,,asset,,retain,,,,4178,3ef60afc78a0ab825742ba50b99a6894b051eed951f84cc76850dce5f96bf1d9,False,False,
lovenow.gif,,asset,,retain,,,,901,a9f00992433add32ead05cbae905571a9b189465f3a8da5b8277c11d705bebb6,False,False,
madame.jpg,,asset,,retain,,,,15512,2959ddba80339959239f3cde16a57cfa2893342097a8bdcd0a41153ce829bef1,False,False,
magic.htm,Magic,page,Dragonlords or unrelated content,retain,No identified Queen’s Own or Velgarth evidence in this page.,,,11907,8e9c97d38dcad5edbbaa6ff5a5e71923b6fad9e33ebcdefe6b45b9d2e9c47120,False,False,
magicbus.gif,,asset,,retain,,,,16147,3bd653efdea152f1b9e6b208d322dde33001c4f6c5871da2c446e1cc681d19a0,False,False,
mailman/admin/index.html,www.dragonlordsnet.com mailing lists - Admin Links,page,Dragonlords or unrelated content,retain,No identified Queen’s Own or Velgarth evidence in this page.,,,1536,40b5d2e6e4ca3c3bbe8f6e032628c2256dbf740f32d624db892539026c485da8,False,False,
mailman/admin/qopending_dragonlordsnet.com,Qopending Administrative Authentication,page,Mailing-list archives and services,review,Related mailing-list archive or service; decide its archival scope and static replacement separately.,,,1351,8bf2437767fec324ac879c7cc22059d85cfe4f37809897b052a5154a7c0f7e34,False,False,
mailman/admin/queensown_dragonlordsnet.com,Queensown Administrative Authentication,page,Mailing-list archives and services,review,Related mailing-list archive or service; decide its archival scope and static replacement separately.,,,1351,546a36b328aa0b5bf0b952b362d72b86c3865ae3b1f373432c8decb38ac39a90,False,False,
mailman/admin/vanyelfanclub_dragonlordsnet.com,Vanyelfanclub Administrator Authentication,page,Mailing-list archives and services,review,Related mailing-list archive or service; decide its archival scope and static replacement separately.,,,2214,8ac504b9005d15145f033d985a425cc174ee209c7ece7d3ed587bfadf38307a0,False,False,
mailman/listinfo/index.html,www.dragonlordsnet.com Mailing Lists,page,Dragonlords or unrelated content,retain,No identified Queen’s Own or Velgarth evidence in this page.,,,1452,42dff9191cd4fc58ca2426771a518ba880cd7a32158367f5af4e28283c2d20f3,False,False,
mailman/listinfo/qopending_dragonlordsnet.com,Qopending Info Page,page,Mailing-list archives and services,review,Related mailing-list archive or service; decide its archival scope and static replacement separately.,Queen's Own,,6578,3c388f3b8ab2823e8c4b1e253ccb2caad76d1e66d74263315fe2141730b00c4a,False,False,
mailman/listinfo/queensown_dragonlordsnet.com,Queensown Info Page,page,Mailing-list archives and services,review,Related mailing-list archive or service; decide its archival scope and static replacement separately.,Queen's Own,,6774,30955202ad88574c769368580c5f4a5c3c52120e2995d05461af84836f5085fa,False,False,
mailman/listinfo/vanyelfanclub_dragonlordsnet.com,Vanyelfanclub Info Page,page,Mailing-list archives and services,review,Related mailing-list archive or service; decide its archival scope and static replacement separately.,Vanyel; Herald-Mage,imported-vanyel-fan-club--chat.md,6382,d8ecec7f4f3e1f996dc245187728cb17bab81a18e311b4b1c2597523b187f8b2,False,False,
mailman/options/vanyelfanclub_dragonlordsnet.com,Vanyelfanclub list: member options login page,page,Mailing-list archives and services,review,Related mailing-list archive or service; decide its archival scope and static replacement separately.,,,3629,79641c1a76eb6f266cb18456c3375108735c2218a9d3f24582ecbcf2c2df1d67,False,False,
mailman/private/queensown_dragonlordsnet.com/index.html,Queensown Private Archives Authentication,page,Mailing-list archives and services,review,Related mailing-list archive or service; decide its archival scope and static replacement separately.,,,1302,53b5fdac4783e1b8066c127625cba92f5f318f484eba4fe9fe97c5b12ae0e7c6,False,False,
mailman/roster/vanyelfanclub_dragonlordsnet.com,Error,page,Mailing-list archives and services,review,Related mailing-list archive or service; decide its archival scope and static replacement separately.,,,1089,e1526de7457b63d86c2aa261abf6c60275b54fea768415b0970f677c5bb6b342,False,False,
mailman/subscribe/vanyelfanclub_dragonlordsnet.com,Vanyelfanclub Subscription results,page,Mailing-list archives and services,review,Related mailing-list archive or service; decide its archival scope and static replacement separately.,,,1025,f4fa51047206ad4f4f71ac67844f6511e9091468739293befe9dc4fa0c8711e5,False,False,
malcor3.jpg,,asset,,retain,,,,30030,1f15dd6348f9e0729692cc810a5480e7503cb3cba01c70139a1bd36fea67bb5f,False,False,
manbh.htm,*Blackhall Manor*,page,Dragonlords or unrelated content,retain,No identified Queen’s Own or Velgarth evidence in this page.,,,796,d57355f7dbab295ccc492c62e150e96ed2c07a76c39d4ec6b780f8efec4ce336,False,False,
mangr.htm,Greyrock Manor,page,Dragonlords or unrelated content,retain,No identified Queen’s Own or Velgarth evidence in this page.,,,1437,753333caa3a0feb3308aee6e11e5e20c04c6611fd8745e715103fece47386255,False,False,
manshm.htm,Moonrise Manor,page,Dragonlords or unrelated content,retain,No identified Queen’s Own or Velgarth evidence in this page.,,,816,286753ea1b63d3387bfe09f8424ee36a3dfdfa0327b4c28f82c3a86a5bfa6dc4,False,False,
mansoc.htm,Cassatill Manor,page,Dragonlords or unrelated content,retain,No identified Queen’s Own or Velgarth evidence in this page.,,,1798,a0ff4e9cacdf4c9432053e7516e2ed12d523b04c3aa97abffb34e5d9d9c5b018,False,False,
mansot.htm,Triallis Manor,page,Dragonlords or unrelated content,retain,No identified Queen’s Own or Velgarth evidence in this page.,,,916,1f882fb0603d8d363137feb47dc9f0eb602751232ea4250dae8f5bf2d9876df4,False,False,
mantrbt.htm,Big Tree Manor,page,Dragonlords or unrelated content,retain,No identified Queen’s Own or Velgarth evidence in this page.,,,854,f12ec9de599381bbb56b308f14dfb41524a16b4faf27c7bf19ecdac77553c111,False,False,
mantrcw.htm,Coldwater Manor,page,Dragonlords or unrelated content,retain,No identified Queen’s Own or Velgarth evidence in this page.,,,2249,7ea8c9078167e26c8918858c80667d5597c1f5e53852446b1fa334c35556d881,False,False,
mantrgc.htm,Golden Chestnut Manor,page,Dragonlords or unrelated content,retain,No identified Queen’s Own or Velgarth evidence in this page.,,,1855,f6ce05c71ed3f6d5e82cd02e5ecb2a6b3a676387aece2f4244280f0b03db16df,False,False,
mantrmv.htm,Mountain View Manor,page,Dragonlords or unrelated content,retain,No identified Queen’s Own or Velgarth evidence in this page.,,,807,a699f3cd45f5c60bb07cf074f131e25c5d3310893f6fbb7c228f3dbbbb513f69,False,False,
mantrpr.htm,Pineridge Manor,page,Dragonlords or unrelated content,retain,No identified Queen’s Own or Velgarth evidence in this page.,,,638,50a69b46d0ddf341f6c9bea5193b66dc8cded0d03c6a03f338d95d678e546194,False,False,
mantrrh.htm,Rolling Hills Manor,page,Dragonlords or unrelated content,retain,No identified Queen’s Own or Velgarth evidence in this page.,,,1244,abb46853c325ecd7c0cb14bdb2924ba805b78af4adc830925cd379f8960a556f,False,False,
mantrrv.htm,Richvalley Manor,page,Dragonlords or unrelated content,retain,No identified Queen’s Own or Velgarth evidence in this page.,,,712,00219c22076baab2f52a27b2e3c7b73bfbfabe86f87171df47b94234e2cccfab,False,False,
mantrsw.htm,Shining Waters Manor,page,Dragonlords or unrelated content,retain,No identified Queen’s Own or Velgarth evidence in this page.,,,651,d92af075d59a53d51659e1aa197750d7d510d5f551594ef457d5c126357b9afd,False,False,
mantrth.htm,Twin Hills Manor,page,Dragonlords or unrelated content,retain,No identified Queen’s Own or Velgarth evidence in this page.,,,763,e91099c80223460d185e2dc75e104741b91720b8c3fd37cefe460fd842312632,False,False,
manzts.htm,Three Star Manor,page,Dragonlords or unrelated content,retain,No identified Queen’s Own or Velgarth evidence in this page.,,,824,c650877147ee1a3ec1e8936b5040a092f43a4fda432a84bb741248b26c6d3119,False,False,
map.gif,,asset,,retain,,,,32768,2e48ac92747834493a5b22d4ba2e59792700a4c1cedd9b5f06d3696b1885e347,False,False,
mapdaebh.gif,,asset,,retain,,,,3430,8edd3238144cf64dd25c3c9792c80d1f6a4b3306ae83a0198f5869ec5a43adf2,False,False,
mapdaemp.gif,,asset,,retain,,,,4250,c0a50ea927ee2c7c428364383f42d462ae32a14feedbda3ca01337b0af5be9f1,False,False,
mapdaerb.gif,,asset,,retain,,,,1717,91e3a4098b745fde200605ef13425622a04e562c777732e1374e8c78f66444af,False,False,
mapdaesh.gif,,asset,,retain,,,,7694,50e5d977280ff99fbce6139bcff69018d7548dda153fd7a17d2ad8d771ddb784,False,False,
mapdaeso.gif,,asset,,retain,,,,5505,93a3c3a5564095f08f4fa0a47536c0c4f48b8763a300f86e2a93aa943db473cc,False,False,
mapdaez.gif,,asset,,retain,,,,2838,0ff30facaccb4ddc168b4ada96f29093c7dfc305618806b6d28bf7f58bf75a37,False,False,
mapdnr.gif,,asset,,retain,,,,49860,91343aa536091ea8f3f6f0b804e7adaba8e1de510f5b0a4908d02c3717c5d436,False,False,
mapdum.gif,,asset,,retain,,,,7967,95bff79f0702a5a09dd297a2894bd89f2e1831e0f0761dcbf33cb38fd44f385c,False,False,
mapdumk2.gif,,asset,,retain,,,,2822,e5a30870a6e9ace45ba678bb3595d4f022c968f60e6b61c318261d116c421c30,False,False,
mapdumk3.gif,,asset,,retain,,,,41093,278c57842b7ac99f6e98111cb32faaf6b56b57ac950fc56a3199d313312b6df7,False,False,
mapdumsp.gif,,asset,,retain,,,,4439,49d1371e026697b16a623c5dd36dff3315702cc1903c2508ee01136a358aa862,False,False,
mapdzar.gif,,asset,,retain,,,,4674,771779e8a606ca7886cb2f33d1b002273c8b7bd0b51ee59b1f0e8117efa1e9b8,False,False,
mapgr.gif,,asset,,retain,,,,4409,e1e1d90567fa830e22e68cb483d6bff5dea57636c2d2760f94c204e9db6e89c8,False,False,
mapiw.gif,,asset,,retain,,,,3451,50aea702497cb361fd4afce21603c0934a7fb8b2b2711242faf4ddef0e6bd9b9,False,False,
mapnc.gif,,asset,,retain,,,,12604,abe1b33e62588c0dc2aafd5319d67196dc856aa74a75abd3cfd39b3de9ed9dd9,False,False,
mapother.gif,,asset,,retain,,,,14865,a23e7e74745146a5e81be894f8c822f8eada4d3f58e593dc90b1f5c49a259d2e,False,False,
mapr00.htm,April 2000,page,Mixed or incidental references,review,"Related terms appear, but this may be mixed content, a generic resource, or an incidental reference.",Queen's Own,,1534,eaeb06f6a363b72752d0666d83f48174c674bcc8c7d3737e8df52198b9b62e05,False,False,
mapr98.htm,April 1998,page,Dragonlords or unrelated content,retain,No identified Queen’s Own or Velgarth evidence in this page.,,,9364,6676467d3360cb438592e472a6d28f2eed598a4b710625552d0b27c343fa4304,False,False,
mapr99.htm,April 1999,page,Dragonlords or unrelated content,retain,No identified Queen’s Own or Velgarth evidence in this page.,,,2363,ff971d6d43184d64de5def1ed10a131ce4a8ff55fac8d2eb3574c25fc0b8e81f,False,False,
maprash.gif,,asset,,retain,,,,8203,4cb30ca4f1cfbaa1f0f4673d48b7461cc42628754be82ae865ca52681725eaf6,False,False,
mapsc.gif,,asset,,retain,,,,7375,4b462881c747f260b1ada6f6bb43f08c3ea0879fb034f17c8aa719c279a1a01f,False,False,
mapscc.gif,,asset,,retain,,,,4606,c3def9de3fa8b889300b87f0aec5484b585d8ab112a6dd6c0824bbb0da5aceb9,False,False,
mapsvc.gif,,asset,,retain,,,,3285,023ca08fd9d2389178a209af3255007494e6d2d8924c21778c37a66b71f51e39,False,False,
maptram.gif,,asset,,retain,,,,10810,b8d4baa1908a83ad06581cd6780274aa00f1b44f1d64a0708c22efe7434e9ed5,False,False,
maug00.htm,August 2000,page,Dragonlords or unrelated content,retain,No identified Queen’s Own or Velgarth evidence in this page.,,,2521,689701473ee9970914dfd9834a5e7aabab1d5f14352f8f9cf05b4670f6e982a8,False,False,
maug98.htm,August 1998,page,Dragonlords or unrelated content,retain,No identified Queen’s Own or Velgarth evidence in this page.,,,4768,64edd84b369fdef704fa2b94ddc722b9ad2d78c8bd7c2041d750a80644e2583c,False,False,
maug99.htm,August1999,page,Dragonlords or unrelated content,retain,No identified Queen’s Own or Velgarth evidence in this page.,,,2477,1861b3b736621087657700df9d1c846ff8374cc38c0a0861ecb0496b6c864db4,False,False,
maward.jpg,,asset,,retain,,,,26201,efd08e3302aa9a29651b6ab94233f9e9493670f04e83991f51f2a7ad5485e31a,False,False,
mdec97.htm,December 1997,page,Dragonlords or unrelated content,retain,No identified Queen’s Own or Velgarth evidence in this page.,,,5549,3adaa4c99a39b78b1837ed4de415c5a4e207319b4c32661f45bc1bba9efc8318,False,False,
mdec98.htm,December 1998,page,Dragonlords or unrelated content,retain,No identified Queen’s Own or Velgarth evidence in this page.,,,4947,c52f08301e06ea65bbecc3cb94df6ae1063ecb0181498a98536af4462efdd29c,False,False,
mdec99.htm,December 1999,page,Dragonlords or unrelated content,retain,No identified Queen’s Own or Velgarth evidence in this page.,,,1690,60fdcce57f9d504164cf39e3b5d957bed4d65d3714a0a7eb4dd204ab3881f3fe,False,False,
med2.gif,,asset,,retain,,,,15950,2c6a8f87ee46fecf92ba77203b318ca82eadab854d1bc238f73af061da74c447,False,False,
memsamp.gif,,asset,,retain,,,,30247,0f20ce64cb840b894567e68b4fc8a24528ca9338ecf1c05278875019073f9582,False,False,
merchant.gif,,asset,,retain,,,,9351,3c0232a33aa0934e2b8e2fc9506ef6ada6efbcec6aeaf450b44b020f11206dc5,False,False,
messold.htm,Old Messages,page,Dragonlords or unrelated content,retain,No identified Queen’s Own or Velgarth evidence in this page.,,,4770,adddf2877ca658267554c86d9a939b89d2dbca17a2f971b6e71f163abe34cd86,False,False,
mfeb00.htm,February 2000,page,Dragonlords or unrelated content,retain,No identified Queen’s Own or Velgarth evidence in this page.,,,3444,b0925b6d6dbfa2601b4a765ba3ee78f777c7e7376363dd48fb80eda82c1d72f6,False,False,
mfeb98.htm,February 1998,page,Dragonlords or unrelated content,retain,No identified Queen’s Own or Velgarth evidence in this page.,,,10019,2af8f1025e55baa357ef817eda8cd5cb1d571eb7fe75de4f1e453f771ad0db02,False,False,
mfeb99.htm,February 1999,page,Dragonlords or unrelated content,retain,No identified Queen’s Own or Velgarth evidence in this page.,,,5238,bd38ac3299ebebaa1150acb8f4c36ad5505a2683b82227d2416bcfcf9eb2c143,False,False,
mjan00.htm,January 2000,page,Dragonlords or unrelated content,retain,No identified Queen’s Own or Velgarth evidence in this page.,,,3611,db9f0330977c0400c0b29e818c29ff342ac6ff162bf8bdab40cf2e23ef592523,False,False,
mjan98.htm,January 1998,page,Dragonlords or unrelated content,retain,No identified Queen’s Own or Velgarth evidence in this page.,,,12060,e602083bbbe18a519570b04c377876b2374ac2a8dc3d7635802975753a2a2935,False,False,
mjan99.htm,January 1999,page,Dragonlords or unrelated content,retain,No identified Queen’s Own or Velgarth evidence in this page.,,,1837,0a36e2a8d08a325629bf7261e43b4763c7af7052d022685862ff70b4bbff621f,False,False,
mjul00.htm,July 2000,page,Dragonlords or unrelated content,retain,No identified Queen’s Own or Velgarth evidence in this page.,,,3346,be5ae76218610b87a14910036e4e3411507f20bb7d0cd2ccb74c78df2036892a,False,False,
mjul98.htm,July 1998,page,Dragonlords or unrelated content,retain,No identified Queen’s Own or Velgarth evidence in this page.,,,4870,9f5459e8a4b658126c3a3967bac5f92975158ae464009a62a15827b8b60202ad,False,False,
mjul99.htm,July 1999,page,Dragonlords or unrelated content,retain,No identified Queen’s Own or Velgarth evidence in this page.,,,5114,a1c046f04d3ddc188ee27a6d99825ed1023f582544438211a6ff0a94aa9da45f,False,False,
mjun00.htm,June 2000,page,Dragonlords or unrelated content,retain,No identified Queen’s Own or Velgarth evidence in this page.,,,1949,4ad17bbd1323524fcf8cf2443e9a9132567eaa0730fb2b1e5def179339b20e4a,False,False,
mjun98.htm,June 1998,page,Dragonlords or unrelated content,retain,No identified Queen’s Own or Velgarth evidence in this page.,,,9890,24b417c75c1f7f67423103d494dac71d7201fe0e183b35c507400feb2d12726a,False,False,
mjun99.htm,June 1999,page,Dragonlords or unrelated content,retain,No identified Queen’s Own or Velgarth evidence in this page.,,,2884,16ee8cffbbf8536c8e0b7a1df596800dceb3d44ab5d82d32f6d0514eb8da5578,False,False,
mk0102whv_hp100_03.gif,,asset,,retain,,,,6870,e778afaed2ee3b6dc17a93a7900ef759886f3ff28ba9f20906887c73adee166e,False,False,
ml1.gif,,asset,,dependency,,,,5955,a8d60de3c67d78a67a00946f06e4590774112403c55ccac8e859a80a9eb52e0b,True,True,danya.htm
ml10.gif,,asset,,shared_existing,,,,6899,b0ac201b25fe97cd7b46621ae218e3dfdce9681be05e2626eab1c42b72cfaaa8,True,True,
ml100.jpg,,asset,,retain,,,,1692,a40f7e050d76ee12e6ad7a4c3d703c55413b036408bbd675a3d57415e0b86907,False,False,
ml101.jpg,,asset,,retain,,,,5606,1b4dc7ba3478ec43ddb04b0206b624fce4f7ce87fe0231841a847347a861bd70,False,False,
ml102.jpg,,asset,,retain,,,,3610,c20b3d1f0dc2aef42333a5fa831ec1e45c9f88a4527f1499a231a802eb8f0166,False,False,
ml103.jpg,,asset,,retain,,,,3424,23e4f490f50755f7c04b1177329a99154143e60fbac7ed0ddb80c36d4d556708,False,False,
ml104.jpg,,asset,,retain,,,,9964,127f0a61259ea48a8e6431d9864c20e414c6d436055830ac874260e4943dc3e2,False,False,
ml105.jpg,,asset,,retain,,,,8840,09ca35c8a21f1a137d2328d339107778bb137dd8b0e8fea6763762d2f08da3e7,False,False,
ml106.jpg,,asset,,retain,,,,6957,221c882acbf97f2f51fa5a5321b18f7d573dc787006427c2854dfe353e521e9f,False,False,
ml107.jpg,,asset,,retain,,,,3077,a5b9ede72a5c8f5fb942d4b71518b293ef3bccaa276dbdf9feaa8a4c2533c34d,False,False,
ml108.jpg,,asset,,retain,,,,2111,a7922d5639da3f0966094cd8be3bf6211631075ea2d37bac8063ba8bb9dfe274,False,False,
ml109.jpg,,asset,,retain,,,,3878,5e7d8fc01e6a1f18407e2897abcfd00f24a7fdf1715f2694985555be962512b5,False,False,
ml11.gif,,asset,,dependency,,,,4063,a86daf3b541853f6a36fb22632e3b47d3320753976f24791ca861793c2d0a0f3,True,True,danya.htm
ml110.jpg,,asset,,retain,,,,2372,2b2649097e0e499d04d4b1ede3a8ac7615f78fd125b0a4adf4b77b3d38f266dc,False,False,
ml12.gif,,asset,,dependency,,,,3629,dcd29df6c9fd854637459b4ab7f850e1ba35a7719ad6b3b452ad143160298d55,True,True,danya.htm
ml13.gif,,asset,,dependency,,,,3857,8401aece03188b5f8040f6a74dc444fa9f8b10cf83ab7324cb337585053aee94,True,True,danya.htm
ml14.gif,,asset,,dependency,,,,3469,bd8e9881e1eb8fa89db88517668375d6c182049741a7e52135fef734aba2fe39,True,True,danya.htm
ml15.gif,,asset,,dependency,,,,3944,341cb714ca341609d4394bdf78c5461b77251f371ed103ef4e9698789b3e36a2,True,True,danya.htm
ml16.gif,,asset,,dependency,,,,4339,07cebf803084360b80f098155b82997901753684bf46ae0c8db858eac49a4a38,True,True,danya.htm
ml17.gif,,asset,,dependency,,,,3921,b1bf5aa04acd7cfaee3315278bfbfb0d012b45334c92d8b25fd88f28470f8032,True,True,danya.htm
ml18.gif,,asset,,dependency,,,,4652,18e5b3aa681402778e970847c69bf18ec2e55e041b173ee4ed34c10965352657,True,True,danya.htm
ml19.gif,,asset,,dependency,,,,4369,51b50bfc5fa1e75adeec70df31069ef0b0e875ef38c4602489234a5d094a21e4,True,True,danya.htm
ml2.gif,,asset,,dependency,,,,5318,bb4971dbff170edb1ac3a2f5e95648a263973fea1a8de63ab3341ebbf01262c9,True,True,danya.htm
ml20.gif,,asset,,dependency,,,,4752,6c227b085acad115d9de5ad89765ab6bec53bbe11fb662fb6355352425cf16c5,True,True,danya.htm
ml21.gif,,asset,,dependency,,,,7055,238935741f41581fbc37bc7bb1e224e19b15f22ef353db9bb1596077b9570bab,True,True,danya.htm
ml22.gif,,asset,,dependency,,,,7022,7afe2771972ac731f2543e3c9c38734d9f160eae4ded57b502838d49fce8d196,True,True,danya.htm
ml23.gif,,asset,,retain,,,,4119,b0c5bb5337ae8ef024ea8740e7ceb9c8e4a16aba7a17780d9259131af2676402,False,False,
ml24.gif,,asset,,retain,,,,3421,122e15e9c3bdb84ab29c7fb87886b72e6c9a3ec5ce143a350c6adb271b39f43e,False,False,
ml25.gif,,asset,,shared_existing,,,,4399,a4180d3cae6584077877ef3310f5fb237a39a4badde1c763fb22f967a1b14249,True,True,
ml26.gif,,asset,,shared_existing,,,,4917,e3b47849b2836a1029600a39af8594799d033801ae4adb64645e55be9f59ca0f,True,True,
ml27.gif,,asset,,retain,,,,5798,e7df19f23b8efe3b29d792fbca84361798d31648740bc65321d1f1721d9dac35,False,False,
ml28.gif,,asset,,retain,,,,3890,472edcf76cb5dfbc237743f41fcd279ef44447a7649c140de3e0417d2780354f,False,False,
ml29.gif,,asset,,retain,,,,3812,0c704ad4c8047dab8f3e63e2b67bb0d9e4b13a51380d4492d379f5448c4a8823,False,False,
ml3.gif,,asset,,dependency,,,,6069,d7ce953e94408e3afbed6dbab2b5068ea71d9d116f4d1334096384e7c37a8629,True,True,danya.htm
ml30.gif,,asset,,retain,,,,3414,10578e9d2df46523f4c1aee38dd79327771cc486d072deec7dd942dac0859b06,False,False,
ml31.gif,,asset,,retain,,,,4208,6d0fe685991b437825896ba9ad79ff39ae653baf4d91bcd8a0704a89e0cec046,False,False,
ml32.gif,,asset,,retain,,,,2945,9f70cdc3dbe30f6af293682c268879c0f27a07ed382c309fad7a114aa47a09be,False,False,
ml33.gif,,asset,,retain,,,,3732,4954c364a693d0ff26b5921ccbb352c8644767dc3d274328569dfe1762b5d3cb,False,False,
ml34.gif,,asset,,retain,,,,3646,86ce1c92296cf47385fc70e312156eb967fbe0995173397cd31309b43cfa1c90,False,False,
ml35.gif,,asset,,retain,,,,5560,74ad655aedab49ba70609ff570e75a33b8a92ae6e2c462233042c5dcb0b3b6d3,False,False,
ml36.gif,,asset,,retain,,,,3930,4ec4b1863cc6901459902e033631fa49845cb3001d3963f72c09a54c258ef11c,False,False,
ml37.gif,,asset,,retain,,,,6650,8d5e71c97ce0a6f3c51b78f91360bff3d505dcb04c546605ab009d890dedc49d,False,False,
ml38.gif,,asset,,retain,,,,5714,7def6c09d27714821f33787b73bc24b5bbd7402f4ede1fbe11cc02ddaa6b6f7e,False,False,
ml39.gif,,asset,,retain,,,,4147,bc3ff5eb4a450532b6e12c08062b9b1a816a7135580205a5df68c746b2154531,False,False,
ml39a.gif,,asset,,retain,,,,4155,1b45aa12a31735b658c7bf6175a9e0764eb0baa963b7c2bea7e3fccf5edf95fd,False,False,
ml4.gif,,asset,,dependency,,,,6197,bc4312dc862ec2e88655ae1102cb9a1a35ddad9e44f405d8f7584df8939873d5,True,True,danya.htm
ml40.gif,,asset,,retain,,,,6131,7ab0444654ba841e95ad1c9773036178881c4c0558df5b7717dad760ec3c3346,False,False,
ml41.gif,,asset,,shared_existing,,,,4502,e614602ef83a0dd6e5a39cd3ba5b411009a160bf87424c26c545dc7c19c01b2a,True,True,
ml42.gif,,asset,,retain,,,,4583,a93d82cd1e922a3327992cc40e14c3b0180b229b335a538ed07160191e40a3d6,False,False,
ml43.gif,,asset,,retain,,,,3521,bd19a423bc1d8945b874418999ecc632cdf774380691ae9d0ebd85544fc29fd6,False,False,
ml44.gif,,asset,,retain,,,,6695,0b8a072aa388e1458805bde4ef902312f039624a782a30dd4a23096986e6bc3f,False,False,
ml45.gif,,asset,,retain,,,,4599,a8698dd550d5a0dbcf3ca12fe3eb7dac33e1eff41037c3d6b929f6563b9c112a,False,False,
ml46.gif,,asset,,retain,,,,6262,02d8a6d19b1fcb7a5437009371bccb2e8847eb45056df61241b38305091f6eeb,False,False,
ml47.gif,,asset,,retain,,,,3770,b536cee5c45f5f98a140178925db0057deb83079342f35f61566dba6444d79cc,False,False,
ml48.gif,,asset,,retain,,,,4107,69df3d74c514eaaf71de8a1b16a17c2fad8524cacbd3276bd8f97c66fb8571a4,False,False,
ml49.gif,,asset,,retain,,,,5114,9e52cdec701ee2de206bc248cf5a4bf8d7724c65ff12c80d6db67aaea43d0f81,False,False,
ml5.gif,,asset,,dependency,,,,4042,26c8c14f46d0e9a6faf5c8f8e7188190a19891ba5f898f19e405e7de7f2225a1,True,True,danya.htm
ml50.gif,,asset,,retain,,,,3038,af6f89e65598f1c589df85c22c2a7788bf41f81f2aed3fc1a202d6cdbc84bd43,False,False,
ml51.gif,,asset,,retain,,,,3990,44b91b4c265344a063b8460de272e1355673f9c2bb4ef91fb53692161f0d4641,False,False,
ml52.gif,,asset,,dependency,,,,15409,f829244865ea6f2184d85a28217a90970997fd34761af4234b9802498cdda44f,True,True,danya.htm
ml53.gif,,asset,,retain,,,,10203,d596dc516e39bbd60bffccc9e72977fffcbee07cedc4c7e39e6ba49664e0f41e,False,False,
ml54.gif,,asset,,shared_existing,,,,13758,f0f47c6cc850f45c6bfebab57df57ad1149df564bc2006586f7a9e8b637452a3,True,True,
ml55.gif,,asset,,shared_existing,,,,12943,426c2e89a58c53fdc4840e3831b676b458de26e683c87f1e22c00774d14b99bf,True,True,
ml55.jpg,,asset,,dependency,,,,8088,3ed065a8247d19209648b158a5c551e142de05b6bfcd21e9661bfdaf1e55e351,True,True,crrev.htm; danya.htm
ml56.jpg,,asset,,shared_existing,,,,6643,b1f02622eecd78b16c2d5c6d87949eb81601c4710e86158d119093d6a5040b8e,True,True,
ml57.jpg,,asset,,shared_existing,,,,6720,e0ddfe4cc92f181675158b10f474e0ff64af856d525337c6b9404bac39dad1ee,True,True,
ml58.jpg,,asset,,dependency,,,,7227,020655e013eda81014c057323718f25cecceac23f53e809cbf94a715dca2fb2f,False,False,cr2rev.htm
ml59.jpg,,asset,,shared_existing,,,,6394,4e446fcb4a18f8eda35ce70cfda6a073aeae2291e74832ecdc0cf57bf0d9b8af,True,True,
ml6.gif,,asset,,dependency,,,,3479,fdc98a10fa92e9321afd9f74e214dd6c450ae5b208835abc3502e28b92c0b985,True,True,danya.htm
ml60.jpg,,asset,,dependency,,,,7243,ee20b8a27365364165d7a94394596639f8c7b5cd9083707076e917e095958546,True,True,danya.htm
ml61.jpg,,asset,,retain,,,,6890,6abec387d54db3dcc4059f11cbde72788cf1125914279bd0322bf30b59bc741f,False,False,
ml62.jpg,,asset,,retain,,,,10195,6869f0bdb95faea1a9ecdeaa4693634de67c724e6fb7a44341434dfee53595e2,False,False,
ml63.jpg,,asset,,retain,,,,6546,b60a42546128404153fa3a59a036c8911029f6660907143ce9ba731bcc50568d,False,False,
ml64.jpg,,asset,,retain,,,,7263,674ab40b226db3b7f1c24c5906bc25dc1061e0cf1ca4518cc0f2a03dd51fc97e,False,False,
ml65.jpg,,asset,,retain,,,,3376,b67ce0f0adda94b9aacb2f7c9ccd4d6cedc092d8e429141d4002f36360be1c2a,False,False,
ml66.jpg,,asset,,retain,,,,6011,688d8a60eb6ec6b96de50ae332ad5b134df8f62981d5a835f39ac87f4f823379,False,False,
ml67.jpg,,asset,,retain,,,,6819,d24881e2cf5594df7b4e4720fc351e72c8c096ee7c14eb4c001045cc93dfc697,False,False,
ml68.jpg,,asset,,retain,,,,7470,53f0dd4dd3cf6eae3358a54ef38466cd4384d57e0413058fe4dd9417036764e2,False,False,
ml69.jpg,,asset,,shared_existing,,,,3380,9a9d009db9e77ef408d113ba1848ca8539696814e4736776db8720c595fdda3a,True,True,
ml7.gif,,asset,,dependency,,,,4304,81a0e9425203222b46434afe05f1e720cd951e6caa80c3a5d421eeff77d687a1,True,True,danya.htm
ml70.jpg,,asset,,shared_existing,,,,3493,1d56d44495fb2644a2144abf62b924e3f93c7ffae2e5ffd3492d5175d3b97bc1,True,True,
ml71.jpg,,asset,,retain,,,,7066,9c5bcdc82ab9638a8f0e4aa926783fac9dc3bfda97f0cd550783aeff71de37a8,False,False,
ml72.jpg,,asset,,retain,,,,1895,256057e181d6e72e8fae3ac9dc0ef0338dcd1751a302945f117efabfca6a9013,False,False,
ml73.jpg,,asset,,retain,,,,7653,cae6d3e252a4db9502e24af3c9a5cbeb5aee110bf786a6de26e70fee1df27afe,False,False,
ml74.jpg,,asset,,retain,,,,1716,004b8b98ad384c78269d8c56900ecfd87388827935a8f4d7ea758e1f9953e5e4,False,False,
ml75.jpg,,asset,,retain,,,,3323,a78a0bac75c605e36b574d8f8c657d1fa5892c426231d8d373d6714710e39a44,False,False,
ml78.jpg,,asset,,retain,,,,3391,6633c74d6fe519c5b26451a7f15c4f7e06cf49752eb4dd0dd6645addc14dcdf3,False,False,
ml79.jpg,,asset,,retain,,,,3161,8c81ab56d44a4729355cb880e3908ec83566c3e446b9448193e08512365082ce,False,False,
ml8.gif,,asset,,dependency,,,,5847,58be150fa7fdd6fdced4fd8c7bb35e7d92a689b9140694a9a836a6b7944d8aa2,True,True,danya.htm
ml80.jpg,,asset,,retain,,,,3290,2946282dae884083dd1090625279b2086301a201180e697563e1bc0ad7fb9c86,False,False,
ml81.jpg,,asset,,retain,,,,2914,e7f9973b6b2a269486713c2be4f061a70efe1f9428e398b886a0e8fb785d0fbb,False,False,
ml82.jpg,,asset,,retain,,,,2830,236f9e4aa71becdcfa7bb016b41525d7559a81413398d6f066d45d76ef76d8a9,False,False,
ml83.jpg,,asset,,retain,,,,2905,f5f071a4d32cd80d57ed11b60a87b648bf7b03350cdcadeeccd9a79847fc411b,False,False,
ml84.jpg,,asset,,retain,,,,3402,76a2be54334a74a901bbb4b664f506a502e2db5f23a97b1ea42f3c53fab26c6a,False,False,
ml85.jpg,,asset,,retain,,,,7576,2282fd01b08b131a743ca0e9f307f255fce274a46696ac0333e3c86aa6ccb575,False,False,
ml86.jpg,,asset,,retain,,,,2579,02687c764eb017064a936e3eb82754d4d3578b716eeba3c99066c027b27783e4,False,False,
ml88.jpg,,asset,,retain,,,,2775,013e796748d285b3940280be0b9af16fa6528f5589f15361315fd88a4c66d7d1,False,False,
ml89.jpg,,asset,,retain,,,,3385,b0a5e842c99e629cafce1fa95af0743c59d2c1cd2ab173f92d29bda168f699ff,False,False,
ml9.gif,,asset,,dependency,,,,4226,7ce06dcda2e6b458b7313681da635aea89dcf283827ea6eee60e0d0deea00641,True,True,danya.htm
ml90.jpg,,asset,,retain,,,,3283,b62108c802b830f5ce3be43ebeaa51fe964d34da6e07c44e3075ed412cb375de,False,False,
ml91.jpg,,asset,,retain,,,,3400,b7637ff03e90b01b645e7b2f8b879a6bb45aad84da9de63633569b6395822efe,False,False,
ml92.jpg,,asset,,retain,,,,3530,ab31dd25f0905639f1e4221bc983d2297afcaf76452925d226da15520bb44c9f,False,False,
ml93.jpg,,asset,,retain,,,,3634,3e122994ccfc4433a17567b94ad71aef2c41df67521de8b7ab5a8486b53c7227,False,False,
ml94.jpg,,asset,,retain,,,,3506,2fe866fd41cc2a84ad0b3c41763e47d9f709d201d7598308de18c47d837f9d65,False,False,
ml95.jpg,,asset,,retain,,,,3419,a18e15b8543a6a9ffc0707b743a3bdc80c597151518fc78ed58310bdb297e133,False,False,
ml96.jpg,,asset,,retain,,,,3251,9466202f21378f753b442bef957dede9f4e95fa1af8e941405f592c7b1d71697,False,False,
ml97.jpg,,asset,,retain,,,,7171,b87f5d7c61475f21506054ad413b197487b7de5f510fe0dfe6432ede3e61f822,False,False,
ml98.jpg,,asset,,retain,,,,3137,24eec1ec44b1719bf340b33b8cdec5b2664c97b6798dca44e6956e32a3a67a61,False,False,
ml99.jpg,,asset,,retain,,,,3299,ee952913810df2d72ca4fa3cae94f0053039571b5a82c0716f0ba10964e94f37,False,False,
mlp1.jpg,,asset,,retain,,,,13705,5cfa40d36acec58881307dfdd77025bda2d0a850d2b6c581e6664a73d1396601,False,False,
mlp2.jpg,,asset,,retain,,,,13137,c891371ddd7ee7da98732bef501d2cd95b670e12cbef7ca77d5cc2aa6dd856e2,False,False,
mlp3.jpg,,asset,,retain,,,,13201,3fffbbfdd54b7d1ff015225798ae48aa048b58e906f5576ab8b70073aff6915a,False,False,
mlpapr00.htm,"Los Ranchos Chapter, April 2000",page,Dragonlords or unrelated content,retain,No identified Queen’s Own or Velgarth evidence in this page.,,,16131,4b1f0b13f8a238411b5d5992c13682e7c223e9a25029aa894e21c8b37888c5cd,False,False,
mlpaug00.htm,"Los Ranchos Chapter, August 2000",page,Dragonlords or unrelated content,retain,No identified Queen’s Own or Velgarth evidence in this page.,,,7673,d8b591f8933ae9624309f16efe83ef5082316fafa446cb0a34c082416eae80c6,False,False,
mlpdec99.htm,"Los Ranchos Chapter, December 1999",page,Dragonlords or unrelated content,retain,No identified Queen’s Own or Velgarth evidence in this page.,,,13132,857c73c439f3c69130b7254b606b6c4f44b5c46797bc0e7326d9f9a42fd97f66,False,False,
mlpfeb00.htm,"Los Ranchos Chapter, February 2000",page,Dragonlords or unrelated content,retain,No identified Queen’s Own or Velgarth evidence in this page.,,,14359,039a38cd140597b12b350b3bc0b2d709cda92e1fdad5eb77ca2d57efdaca0e4c,False,False,
mlpjan00.htm,"Los Ranchos Chapter, January 2000",page,Dragonlords or unrelated content,retain,No identified Queen’s Own or Velgarth evidence in this page.,,,13344,8c877af231e34764a53e8ca15b615a03f39e0f36280b07f2f5e3fbc5292e5c5e,False,False,
mlpjan01.htm,"Los Ranchos Chapter, January 2001",page,Dragonlords or unrelated content,retain,No identified Queen’s Own or Velgarth evidence in this page.,,,14935,29ab6097324b0308e1dc61cc2071fce9161c60d2c525ab14857f24b2ee96b44c,False,False,
mlpjul00.htm,"Los Ranchos Chapter, July 2000",page,Dragonlords or unrelated content,retain,No identified Queen’s Own or Velgarth evidence in this page.,,,11507,abd08685b5712f17a5169355e3e73ba7b38b37f6f6b71184c2577c05a88c0b40,False,False,
mlpjun00.htm,"Los Ranchos Chapter, June 2000",page,Dragonlords or unrelated content,retain,No identified Queen’s Own or Velgarth evidence in this page.,,,28473,8d33bec749ec8a744d3dfd7bf5aa1eefb950f71234e4b3ed039b88e051256274,False,False,
mlplaz01.htm,"More Light Presbyterians, Los Ranchos Chapter",page,Dragonlords or unrelated content,retain,No identified Queen’s Own or Velgarth evidence in this page.,,,2714,2b83d47557d0c237aaa7d95254e16c50d1f341cd684b41c2f40f2035f844ee0d,False,False,
mlplogo.jpg,,asset,,retain,,,,4289,f39f6533e09679b8c1d9f1723e6200692c9b0726a0443a3570dddf0f229a97d5,False,False,
mlpmar00.htm,"Los Ranchos Chapter, March 2000",page,Dragonlords or unrelated content,retain,No identified Queen’s Own or Velgarth evidence in this page.,,,12288,57460c80077770d513fefe75a674f6a82b717325736ef51338ecd145783994cf,False,False,
mlpmay00.htm,"Los Ranchos Chapter, May 2000",page,Dragonlords or unrelated content,retain,No identified Queen’s Own or Velgarth evidence in this page.,,,14840,370486c5e3b645bfce87e06244a4b233a6258b22c5392282e8f517afdfee6fa2,False,False,
mlpmom.htm,More Light Presbyterians Information,page,Dragonlords or unrelated content,retain,No identified Queen’s Own or Velgarth evidence in this page.,,,3929,e6785ae9e31331634481f1b8ce0c5ea37f111f223c85e0c4da37b710fb89a6e6,False,False,
mlpoc.htm,"More Light Presbyterians, Los Ranchos Chapter",page,Dragonlords or unrelated content,retain,No identified Queen’s Own or Velgarth evidence in this page.,,,12735,83538aa8577ed7b46d3a4905e5771c081302bce0681793b49acc113fa57f3c76,False,False,
mlpoct00.htm,"Los Ranchos Chapter, October 2000",page,Dragonlords or unrelated content,retain,No identified Queen’s Own or Velgarth evidence in this page.,,,4405,08f08cf469ffa9da158ad310d56ba48e85d77cce22849a9e87ecf6cf0915908a,False,False,
mlpsep00.htm,"Los Ranchos Chapter, September 2000",page,Dragonlords or unrelated content,retain,No identified Queen’s Own or Velgarth evidence in this page.,,,6665,b0ecc2728b1c33b0a47b2c857bc2a3e6feb04aefff71ff40640b1850e70f4f5c,False,False,
mlpsoul.htm,"Los Ranchos Chapter, Press Release",page,Dragonlords or unrelated content,retain,No identified Queen’s Own or Velgarth evidence in this page.,,,4852,593454b97c657359c8b1b1e806a1f883f14b57d199a9b1b6df17cb051f11d1a9,False,False,
mlrel3.zip,,asset,,retain,,,,2571,d4e60f81b5156f0ecdd92a2d07fb42003fc28139b47a6841157d066810d58856,False,False,
mlrelease.htm,Release Form for Mercedes Lackey,page,Shared club resources,migrate,"Dedicated club, chapter, publication, persona, or Velgarth material.",Valdemar,imported-pacific-northwest-collegium.md; imported-vanyel-fan-club--newsletter.md; qomlrel2.htm.md,7153,5d2965a5ff18f9559b5c7a4789e10cce2adb94101f814b7adb3833ec28f8cc25,False,False,
mmar00.htm,March 2000,page,Dragonlords or unrelated content,retain,No identified Queen’s Own or Velgarth evidence in this page.,,,2925,5bf60833e57caeb115964d39de4d525c64a5beb6b7abdacf1a065127e481e093,False,False,
mmar98.htm,March 1998,page,Dragonlords or unrelated content,retain,No identified Queen’s Own or Velgarth evidence in this page.,,,6601,ee682a66a6ce0672aedd1665a51a23b2ecb110086852f0da3d689803cdf3da4e,False,False,
mmar99.htm,March 1999,page,Dragonlords or unrelated content,retain,No identified Queen’s Own or Velgarth evidence in this page.,,,5830,d5bf1f103c7f03f74e7541c67f4f5bc1a0ee542caae3246bf3139cd66a18065c,False,False,
mmay00.htm,May 2000,page,Dragonlords or unrelated content,retain,No identified Queen’s Own or Velgarth evidence in this page.,,,2172,12363988c612cb9e0deced3475b053438fbd8ee7589755b8d3f876e7b3b84674,False,False,
mmay98.htm,May 1998,page,Dragonlords or unrelated content,retain,No identified Queen’s Own or Velgarth evidence in this page.,,,4740,a884e51ea26e3d290120dac0194163345a9ece0b61b12039486363554d5df719,False,False,
mmay99.htm,May 1999,page,Dragonlords or unrelated content,retain,No identified Queen’s Own or Velgarth evidence in this page.,,,3451,0c14a16fe67c0b8d174eac32529ff9f903eaabae03f9ff04f7173011e4200239,False,False,
mnov00.htm,November 2000,page,Dragonlords or unrelated content,retain,No identified Queen’s Own or Velgarth evidence in this page.,,,1710,ea8ea2ac172a63984d3b8e68c7688f88e7735a5802723122b8404d5c16176223,False,False,
mnov97.htm,November 1997,page,Dragonlords or unrelated content,retain,No identified Queen’s Own or Velgarth evidence in this page.,,,1597,c4eba41317bafc393e3495424d6d458791c05e56131cc6104ca4eb2c349747e5,False,False,
mnov98.htm,November 1998,page,Dragonlords or unrelated content,retain,No identified Queen’s Own or Velgarth evidence in this page.,,,9108,465035a987dcab6bce9796ee60785af55bb664660fdff72b083b073d753bf893,False,False,
mnov99.htm,November 1999,page,Dragonlords or unrelated content,retain,No identified Queen’s Own or Velgarth evidence in this page.,,,2671,7c1fab85f5dc77af722ba110ec4f111a11820764569473c38bb9ad77046ff6ac,False,False,
moct00.htm,October 2000,page,Dragonlords or unrelated content,retain,No identified Queen’s Own or Velgarth evidence in this page.,,,2784,738f89454aa6424aa55a7517817d1f5fcf9511ce9d1adff9996da779564aaf4d,False,False,
moct98.htm,October 1998,page,Dragonlords or unrelated content,retain,No identified Queen’s Own or Velgarth evidence in this page.,,,4631,3c9d086351908ea57226c879d1d9c9158c5ee7277a1b323123e663b51cfbfa1f,False,False,
moct99.htm,October 1999,page,Dragonlords or unrelated content,retain,No identified Queen’s Own or Velgarth evidence in this page.,,,4441,217559d94328883820f62f70dc4b5fdff457d6a7e84165c3ff23e681bf8dc7c5,False,False,
modum2.gif,,asset,,retain,,,,24149,05d2bbad945d17c7d97ee0c9f9979440855f301a2a960ee9921fed34deb507b0,False,False,
monster3.gif,,asset,,retain,,,,11303,8cd00ebbafc17a964c00ac50633c9f575ed67149726bffad2d164a7d22f1cd9f,False,False,
moonstar1.jpg,,asset,,shared_existing,,,,5907,8e8d879e45d0d096f54b8e56398751388395873ba52f8ced214d10579f243374,True,True,
mother.gif,,asset,,retain,,,,12231,f43abbb0bfdd5d91e6952eede3c933920b00e47a76634e1636d5f683c13cee56,False,False,
movie.gif,,asset,,retain,,,,7879,7273b1d32ad1801d99b60a9ba831e1b80cd9e206147109fedc98567825fbf896,False,False,
mpants.gif,,asset,,retain,,,,2908,dbec4470a301c9a4d8ee72b61730bf6a25d279e483416b98999d7cf472679065,False,False,
mpw.jpg,,asset,,retain,,,,22271,14fce3d5c8a5037d9bdc1d692218e356e139948902bf3d3fe2e870c3f5a50329,False,False,
mribbon.gif,,asset,,retain,,,,3263,eec317841f2dcfe5f49dc1ed67e37345dc1ae6a534894dba2a51f0bb11abd933,False,False,
msep00.htm,September 2000,page,Dragonlords or unrelated content,retain,No identified Queen’s Own or Velgarth evidence in this page.,,,2584,82ce24cafc028c1345139ba5d51e8902672b0ce7a7147a47f73dee829b748f48,False,False,
msep98.htm,September 1998,page,Dragonlords or unrelated content,retain,No identified Queen’s Own or Velgarth evidence in this page.,,,6089,290d9d9de15625b02a20bd29da1d06ab226032cdd5a851a1f6da7945db416482,False,False,
msep99.htm,September 1999,page,Dragonlords or unrelated content,retain,No identified Queen’s Own or Velgarth evidence in this page.,,,1493,b13b773bfd52c269b636971817053886a4219844bfc8da0f5c6edc9eb2ebf607,False,False,
mth1.jpg,,asset,,retain,,,,2883,ecf665f8ccc7db7ede8dd09f927a0406b796823f1ea83e0f6938d88615f9d03c,False,False,
mth10.jpg,,asset,,retain,,,,7046,2166c5b34aaad87a57618986c716e5ae5de849e3ae97d7fac52220aad1369016,False,False,
mth10a.jpg,,asset,,retain,,,,3316,ca8bc3fc66c333fa0773cc97beef63c70493ad7d6e1bcf8f9d3ae7f2e618e5fb,False,False,
mth11.jpg,,asset,,retain,,,,8694,d0c6d85ebc6e7cdd607e09d94256b0edd625c59583cd34a792cc206e2a68ffc0,False,False,
mth12.jpg,,asset,,retain,,,,3060,eae982fcc959b82a52a224a11aa5a97870bc42dcf89824462ffc668865e9101c,False,False,
mth13.jpg,,asset,,retain,,,,7991,93b911ef98b94818f00985077cae130aa3c82736929c421a8c1c84e4961e4565,False,False,
mth14.jpg,,asset,,retain,,,,3250,507429e4f2f79f62cac9c4696c8fda64384a766d31feb8cae14c388612b3450b,False,False,
mth15.jpg,,asset,,retain,,,,7403,daf282eeef9ccf1463a3818d70dd8324c3abf42ee403af2d1f9f8b4c95c4ec8a,False,False,
mth16.jpg,,asset,,retain,,,,3277,80a980cc467797031366e29542dafedf95a22c01c85c2fc524a9b595fe7c71d4,False,False,
mth17.jpg,,asset,,retain,,,,4134,72abec273458d0aad860e9f4af7cd3477e8441c62c364f1c952a9dd9c5b3aabb,False,False,
mth18.jpg,,asset,,retain,,,,3044,bd8acb2ee31e845c32b7b404d382e232790133c6f928a3488e51eebcafc047eb,False,False,
mth19.jpg,,asset,,retain,,,,2929,16e660cf8a8a2c216fd78218ac44e9573bfb90d0256ffc384e3e1145259310f4,False,False,
mth2.jpg,,asset,,retain,,,,5892,658f57bf39bd658830d546ff9f50114b00432aa37f35bd1a2cd7cc8f56a0daf4,False,False,
mth20.jpg,,asset,,retain,,,,3693,ca3c6c3fa2decd9467ca51f4ea10de93415439423323167dcb66ee5a9219469a,False,False,
mth21.jpg,,asset,,retain,,,,3434,63bdbc9287ad7d77449e906303d4613fd28f351f1eb9858175bd40fa5d8249a4,False,False,
mth22.jpg,,asset,,retain,,,,3225,b3b000dfc62c5e4c8f881bbea4c6a0f21be67ecba53191f4831552fb7e45a966,False,False,
mth23.jpg,,asset,,retain,,,,2972,2d6ea34bfce459e49a856f8e55383fe0a7bee53c9b51e7e43ed041e5a162dbdf,False,False,
mth24.jpg,,asset,,retain,,,,3287,252a4875a70d4907ac8078a85034e7dacc218b3500f810793e0106bfb0ef6ea5,False,False,
mth25.jpg,,asset,,retain,,,,3578,f02449f5eb88786b7528bdeebc45175e036d7e59cb3ae64f427bac555aa40b0c,False,False,
mth26.jpg,,asset,,retain,,,,3483,c4534bf1b01798e5053c4cc03306998aca283b3176432f4639de72dc044af8d2,False,False,
mth27.jpg,,asset,,retain,,,,2956,f07bbb5782b53d9a18bc92699ba0af78320a921090ad7c54a3cba4153374a896,False,False,
mth28.jpg,,asset,,retain,,,,2736,c0f3adc94676fada805e46cd16a2773b858b469021184ec9cc0a5c839775a8c5,False,False,
mth29.jpg,,asset,,retain,,,,3229,50cb8e98882d37f16fadd2b4f95a3f45b6d08d8a4606f836eb8b665f8ec2f360,False,False,
mth3.jpg,,asset,,retain,,,,2856,367f3db61101998f125e1172df10042851fc5ad9148e89a256f34f40743d41eb,False,False,
mth30.jpg,,asset,,retain,,,,3205,fe9c6f7c56d4788d2b02c8ced5e23cbeae35764af40542c4961d2d0991322354,False,False,
mth31.jpg,,asset,,retain,,,,3421,f9b9398b90f6374e49e7e6c627776a6c21ac31d77325b6efd83a543429c9ab3b,False,False,
mth32.jpg,,asset,,retain,,,,3334,c65308e02a36ec3751ae5753553557050db2d3cfaca03bc63d35eb575533df96,False,False,
mth33.jpg,,asset,,retain,,,,2896,6cbd9417033bfb956d2d14c2b45482df97ae9af60a305e1699dcf3600a4a43d4,False,False,
mth34.jpg,,asset,,retain,,,,3316,4ad8dfddfd2c41fe151e2bec5a3467765a6de80cc9cc6320a90415c0a544a640,False,False,
mth35.jpg,,asset,,retain,,,,3470,692dc9b16cad210d70d3e9231078ecf833bc803f2ed31b2ed5806fc74002a4ff,False,False,
mth36.jpg,,asset,,retain,,,,3743,a01dfdebdb2406368d3a05f5bcc482f80141404eb17dfe2b8dc09eb0dee590d7,False,False,
mth37.jpg,,asset,,retain,,,,2983,dff4681ce06f26ec6fff30e28887cb00f0c85a7dad5d2f6ca58843fe5f7984bd,False,False,
mth38.jpg,,asset,,retain,,,,3550,63cffa91dc076052f4342db2a6ae1bee30a971e666e69b24e8d51f1f61644066,False,False,
mth39.jpg,,asset,,retain,,,,3384,96c5035a402d05e3e374f408274238e7d3c6a5bdc57eb1ed5fcb13c341ce15bd,False,False,
mth4.jpg,,asset,,retain,,,,2749,968c864366a6619bcadd8b45e3384dbdaff4d80363ed397b80f47746830030eb,False,False,
mth40.jpg,,asset,,retain,,,,3311,621f5846dd38d140a62a7d3a6bf66d69cafd842f14b29bcb5114829d55da2819,False,False,
mth41.jpg,,asset,,retain,,,,3395,14965b96b2dc9db87979d9abbf371b0c9c7bca7f9a90c6c952bc0688af991af9,False,False,
mth43.jpg,,asset,,retain,,,,3508,b36ee57fb703f9a15f635bdb35fa79eb354ae20904b25cae21c52c0a4e1d940d,False,False,
mth44.jpg,,asset,,retain,,,,3459,e9433660669ee6090b3e17f941676d99c13d35a3eaebf2d3e9733b2c34f8506d,False,False,
mth45.jpg,,asset,,retain,,,,3174,14dd3a27e5ebe798068a9ac6d68d4c5a6448c89b54b08526a04d1eb92ee21c1d,False,False,
mth46.jpg,,asset,,retain,,,,3228,bd395a9470770cad6cbec3f32b2137fabaa1da8a4fd7973c52d7ced89d68ea5b,False,False,
mth47.jpg,,asset,,retain,,,,3191,467f1e5d983b1e888c5e11624f64844cece37acd66fe5d03894b26f75db8826f,False,False,
mth48.jpg,,asset,,retain,,,,3093,ed74336607667867fe84817a0d93dcaee5ef6174026a7b9224c38962faecc099,False,False,
mth5.jpg,,asset,,retain,,,,3158,fee40624a330d36819a47babe66873d918469acd09d51130b970b7c91aedab33,False,False,
mth50.jpg,,asset,,retain,,,,5815,bfda1315c278ac56ec87e54ccaa56e24805449b08d32ddee0b618abbfce34b51,False,False,
mth51.jpg,,asset,,retain,,,,7688,15db1a3fade4a582ecdfd4e88acc8c5839ad4168b0dc58f8c1bfbfaadf0c96cc,False,False,
mth52.jpg,,asset,,retain,,,,3419,7a1c3353704ea23dbe63a11d621a21c5366df7f823c50f99c441b3a978ea180e,False,False,
mth53.jpg,,asset,,retain,,,,2460,59a659cce26bbaf6ae832e1de2ae78fd1769c5f5422c7388c7849df7d77e5c33,False,False,
mth54.jpg,,asset,,retain,,,,2760,b3e5e4fafe34675846228c196dee2626a5fef73555dc1dde5c1abb7f6b1684d3,False,False,
mth55.jpg,,asset,,retain,,,,2811,fe2fbec6cd67a78c7cc3a8e82f1f6b5bd3148b7a132e7e4f0378e1d9b01e0d71,False,False,
mth56.jpg,,asset,,retain,,,,1896,5a1015819cfb97fbcbe02d8416684b2afdf3d4ad7eb3158f3dc53cb785328b40,False,False,
mth57.jpg,,asset,,retain,,,,2755,5a61747960c9125ea697613a5910cde16685c3f687af72d80479256d030acc07,False,False,
mth6.jpg,,asset,,retain,,,,2874,916958ab6805d5744f70487a2923efde9f2ca75f1248c06493ec4b7333ff7db8,False,False,
mth7.jpg,,asset,,retain,,,,3612,1b193e13b44d2a67c8b0b6cb1aa8f09d7125d866fe7d03aeae2d9020bd696a2c,False,False,
mth8.jpg,,asset,,retain,,,,2986,400732b1ea3007256fece7b990fc47a0e9d182082632ad854efd2bbf925fe418,False,False,
mth9.jpg,,asset,,retain,,,,2917,41726e7364e0001cc22b8b63cecc3bce4731680a834a371b789f5ce810ea7165,False,False,
mtitle.gif,,asset,,retain,,,,21010,b58bbb7444dc95ecadc6713e0abe4466a5cc33e7d9fc5dde454be84b987b0507,False,False,
mvepiper.gif,,asset,,retain,,,,6718,ea7e8bfa159cbd9177c683312036b9eeabae045b915255a033de7b98217f154b,False,False,
mvest.gif,,asset,,retain,,,,4768,cd41608a88d3aa1c212557f634dfb3765006fafd20bfc6fb04016d23ba0511c6,False,False,
my1.gif,,asset,,retain,,,,47343,6965115f2aca1f2fcf122be3579f67f584d4448958803f67d0241b6f9590e3ec,False,False,
my2.gif,,asset,,retain,,,,32737,805af6e6fa0ada808d65f1535b7544ca383fd48347f55e9ecd9f185d1fe45a1d,False,False,
my3.gif,,asset,,retain,,,,58733,bcf14120a6b1554f477f10f76aca427f6b6b416c0228a27296a5dd2e4566f7cd,False,False,
napr00.htm,April 2000 Newsletter,page,Dragonlords or unrelated content,retain,No identified Queen’s Own or Velgarth evidence in this page.,,,26102,e92be3b658b7111a31fbdf1ea0e7cd52d2f7567280a857e49243aa91b1bc0e12,False,False,
napr98.htm,April Newsletter,page,Mixed or incidental references,review,"Related terms appear, but this may be mixed content, a generic resource, or an incidental reference.",Valdemar,,15023,08b67b10de9306426edababcbc27ad76fc9229b3f10514780ea33e18872a5c57,False,False,
napr99.htm,April 1999 Newsletter,page,Dragonlords or unrelated content,retain,No identified Queen’s Own or Velgarth evidence in this page.,,,29308,d72e3933633d356f51eb2e2c55c58712f0c9f65c1b63c63a7f2589366fe9c1d7,False,False,
naug00.htm,August 2000 Newsletter,page,Mixed or incidental references,review,"Related terms appear, but this may be mixed content, a generic resource, or an incidental reference.",Queen's Own,,30543,44173ec5ece14e5b9576f9af8dee6ae1f38474d49325fe9189f3f6669c82b010,False,False,
naug98.htm,August Newsletter,page,Dragonlords or unrelated content,retain,No identified Queen’s Own or Velgarth evidence in this page.,,,20747,8b9d107c99767e7f45e914d7a3c50cb32e787e6b12c74233023d2caf53393688,False,False,
naug99.htm,August 1999 Newsletter,page,Dragonlords or unrelated content,retain,No identified Queen’s Own or Velgarth evidence in this page.,,,39430,82606d89b6f3c53312442fe1f0c92dfd6cc79e954b698ba8b693765a60ef4ece,False,False,
navbar.gif,,asset,,retain,,,,5135,6ab1ce46357e48d6ee77de4d41cd3d36b3bba66f6dba9d8947253938612ac0d6,False,False,
nc-find120x90.gif,,asset,,retain,,,,3154,0250dc5e78c1fb0d8fbfb839bf7cde7c85a9e0affb61b8fb1474185509407ff3,False,False,
ndec98.htm,December 1998 Newsletter,page,Dragonlords or unrelated content,retain,No identified Queen’s Own or Velgarth evidence in this page.,,,15176,b1280c9c19f9994347c064aec2a68a6146bfc3ec9a886c98a5dae35b26144c45,False,False,
ndec99.htm,December 1999 Newsletter,page,Dragonlords or unrelated content,retain,No identified Queen’s Own or Velgarth evidence in this page.,,,26277,7b19a70d18b92818582f89ee5324b93f8889607f8230b11c24c96f1c5661bf26,False,False,
newaward.gif,,asset,,retain,,,,5210,b89166e1fbc7a3a48f1ea29f53283e0f338242e21bde286d6e469112d10656b9,False,False,
news.htm,NEWSLETTER SUBMISSION GUIDELINES,page,Dragonlords or unrelated content,retain,No identified Queen’s Own or Velgarth evidence in this page.,,,6187,eccde7b750da545333646722ad0abcf5808ed08dee966e0f4b494d22216c56d1,False,False,
newsdrgn.gif,,asset,,retain,,,,15712,8aaf643f663e389ad43ec1ccfd899cb867419ed1620428cda9d5543e253690e4,False,False,
next1.jpg,,asset,,retain,,,,2755,b8b6458d23cdd6c656233c61e97c8acfc1ac3579ce0264aa7fef912c9a7a33df,False,False,
nfeb00.htm,February 2000 Newsletter,page,Dragonlords or unrelated content,retain,No identified Queen’s Own or Velgarth evidence in this page.,,,28180,ce0ef386d4cb0c40f33452d493b70d0a2a7c9ec13ea7b7a0bc37f5b3f4b89d49,False,False,
nfeb98.htm,February Newsletter,page,Dragonlords or unrelated content,retain,No identified Queen’s Own or Velgarth evidence in this page.,,,15539,b3076032eade1ac27d03fe530749015c68e3f738ad29bbad5ab5ad08d56fd824,False,False,
nfeb99.htm,February 1999 Newsletter,page,Dragonlords or unrelated content,retain,No identified Queen’s Own or Velgarth evidence in this page.,,,28192,b796d559e7fb9298c78b8e187e31ff9b4e75a04d44202518e832c83c09d8bccd,False,False,
night.gif,,asset,,retain,,,,14392,96f77e4d89559a8aa356cc7f7602a539ee8dc9ccf71fb608e01ebf13f7a0fc63,False,False,
njan00.htm,January 2000 Newsletter,page,Dragonlords or unrelated content,retain,No identified Queen’s Own or Velgarth evidence in this page.,,,24937,f2901d7cf50f906206f6a207f0780914043cb76bd08859fbff1ce28fe0136db5,False,False,
njan98.htm,January Newsletter,page,Dragonlords or unrelated content,retain,No identified Queen’s Own or Velgarth evidence in this page.,,,13671,243d501388405e11161ddb74474f5fdebfe23690d4a6b3ab4846e75d7b6010ef,False,False,
njan99.htm,January 1999 Newsletter,page,Dragonlords or unrelated content,retain,No identified Queen’s Own or Velgarth evidence in this page.,,,35155,cba3cf388bbebf662b93c18767f33dad252c7b7d423bd323ad6c88634e9b3753,False,False,
njul00.htm,July 2000 Newsletter,page,Mixed or incidental references,review,"Related terms appear, but this may be mixed content, a generic resource, or an incidental reference.",Queen's Own,,25884,0a61624652bfcb773e812e10bcaf99c4b7cc15ee7d5b643274a4b8023f23b79d,False,False,
njul98.htm,July Newsletter,page,Dragonlords or unrelated content,retain,No identified Queen’s Own or Velgarth evidence in this page.,,,22886,5a9f0f0397befeae4e98c199ab378aadc44083576f7b84ed334c7ee8bd823e19,False,False,
njul99.htm,July 1999 Newsletter,page,Dragonlords or unrelated content,retain,No identified Queen’s Own or Velgarth evidence in this page.,,,25795,2b0a941ca0efd7bb755190e1b448ad48dd5b250eac685b28e9d6e447c6afa891,False,False,
njun00.htm,June 2000 Newsletter,page,Mixed or incidental references,review,"Related terms appear, but this may be mixed content, a generic resource, or an incidental reference.",Queen's Own,,25910,2e9e51b35217d61877553ab27cbc0202b98ec157b5e1c4a4a97465f84c958e74,False,False,
njun98.htm,June Newsletter,page,Dragonlords or unrelated content,retain,No identified Queen’s Own or Velgarth evidence in this page.,,,16968,ca1856c4cb45bdde1a6762167dc8358ac30ed452c64c91e951f915e9913e7337,False,False,
njun99.htm,June 1999 Newsletter,page,Dragonlords or unrelated content,retain,No identified Queen’s Own or Velgarth evidence in this page.,,,36051,1704e6be7bd52df9b5ff806d8cbde11e4f574703de3cad7f5786cfb423b37605,False,False,
nmar00.htm,March 2000 Newsletter,page,Dragonlords or unrelated content,retain,No identified Queen’s Own or Velgarth evidence in this page.,,,27216,b301a330abdb6fefff0b09dbb18f1555b2d26a0ec00ec12f9cc1a5de513bedf5,False,False,
nmar98.htm,March Newsletter,page,Dragonlords or unrelated content,retain,No identified Queen’s Own or Velgarth evidence in this page.,,,13479,32057c890838f64e6572cb3bfe1882ef5f4ef177250c5c471fc73cf90e7c6694,False,False,
nmar99.htm,March 1999 Newsletter,page,Dragonlords or unrelated content,retain,No identified Queen’s Own or Velgarth evidence in this page.,,,25869,79c76e88b125b8d54075c3a54da74823bcb4f775c09a5cd5b40b1ff597006fb0,False,False,
nmay00.htm,May 2000 Newsletter,page,Mixed or incidental references,review,"Related terms appear, but this may be mixed content, a generic resource, or an incidental reference.",Queen's Own,,29743,319b1bf4f970fd9085ad004496ad8ab32b62710b1a89c6de3574527e35ef02cd,False,False,
nmay98.htm,May Newsletter,page,Dragonlords or unrelated content,retain,No identified Queen’s Own or Velgarth evidence in this page.,,,17455,1f7dc7a1b7d83d01cd0228fa58d3285709a1541c73c665c92ad1fdb8acd7e984,False,False,
nmay99.htm,May 1999 Newsletter,page,Dragonlords or unrelated content,retain,No identified Queen’s Own or Velgarth evidence in this page.,,,26794,085dc4a211da87930e0009ee30d8aa4d157871a66290288e9f510f505cd934a5,False,False,
nnov98.htm,November 1998 Newsletter,page,Dragonlords or unrelated content,retain,No identified Queen’s Own or Velgarth evidence in this page.,,,40789,0bf315a5dd66b4a1c6f1034ff3c0c506e2edfb075da3f551f8ed1cd0a049a197,False,False,
nnov99.htm,November 1999 Newsletter,page,Dragonlords or unrelated content,retain,No identified Queen’s Own or Velgarth evidence in this page.,,,26255,06168f3109d200478ffa4d4dc7919a884625e6459ea5f4328e845c34bcdcda1e,False,False,
no_no.htm,No-No List,page,Dragonlords or unrelated content,retain,No identified Queen’s Own or Velgarth evidence in this page.,,,35467,9b6944c4a3da2cb841f933abeb671aca7133e878166a9760e87843bd68867e64,False,False,
noble.htm,Noble Kit,page,Dragonlords or unrelated content,retain,No identified Queen’s Own or Velgarth evidence in this page.,,,4036,0b4b813e1a508a926689dd63818e929cf989f00427b6e6777e3286fb0fae084b,False,False,
noct00.htm,October 2000 Newsletter,page,Dragonlords or unrelated content,retain,No identified Queen’s Own or Velgarth evidence in this page.,,,24225,55d1ffa4bc950bd06e9aacecb491f2b9d48d13dd8b1f386732e1ba8c2c5e7f34,False,False,
noct98.htm,October Newsletter,page,Dragonlords or unrelated content,retain,No identified Queen’s Own or Velgarth evidence in this page.,,,18762,9d249aa19ee16480ba9d187e352d3dc6577ea7f0789822cf49b2296017d0d5a8,False,False,
noct99.htm,October 1999 Newsletter,page,Dragonlords or unrelated content,retain,No identified Queen’s Own or Velgarth evidence in this page.,,,32574,bb2c9bb4c339c2df823a18841c6b509c21ad3669f987da34a29c78d06b197c79,False,False,
nonoclub.htm,Club Generated No-No Names,page,Dragonlords or unrelated content,retain,No identified Queen’s Own or Velgarth evidence in this page.,,,18255,12e25e9db49f01ebb84ca8ce4757534553894ecef3b56b838a90c136ca405a9b,False,False,
npcpak.htm,NPC Pak,page,Dragonlords or unrelated content,retain,No identified Queen’s Own or Velgarth evidence in this page.,,,4707,0dcf8f13f448a231b7aa690acad5311f9e8b141e9565c036fd46803f4b52bda6,False,False,
npr.htm,MLP/OC: NPR Information,page,Dragonlords or unrelated content,retain,No identified Queen’s Own or Velgarth evidence in this page.,,,2092,ffb74c3a6db9c70d6ed9cee4ca6258f9b65f5828ed5a23d6dc6ca5599c7ee9b4,False,False,
nreport.htm,Noble Report Kit,page,Dragonlords or unrelated content,retain,No identified Queen’s Own or Velgarth evidence in this page.,,,2212,844a4700181ab1a580a40026192d8d827622188195bd7a71c3c624aa003e43dc,False,False,
nsep00.htm,September 2000 Newsletter,page,Dragonlords or unrelated content,retain,No identified Queen’s Own or Velgarth evidence in this page.,,,23523,47a266a567dac46859286c57b6d2500a2381b8bf24b39efc440899a3097ab108,False,False,
nsep98.htm,September Newsletter,page,Dragonlords or unrelated content,retain,No identified Queen’s Own or Velgarth evidence in this page.,,,19723,ca7fab6864747f0c1e75e5a06f57e969a5f2023bf8824ce1eebdf166e7082495,False,False,
nsep99.htm,September 1999 Newsletter,page,Dragonlords or unrelated content,retain,No identified Queen’s Own or Velgarth evidence in this page.,,,32965,4a9a31c9ec060635998f2c585456d0d79d846d96efc4cab358dde40ef9d4758a,False,False,
oaths.htm,Oaths,page,Dragonlords or unrelated content,retain,No identified Queen’s Own or Velgarth evidence in this page.,,,7383,4aede64aa4734f4649173f3cc34a4c3b27f001e2d8040d9769e762528116a558,False,False,
ocbc1.gif,,asset,,retain,,,,16557,5426cb81fadbd85dea510e6c11a9175c4e4405d4bdb1f60586ed4fa9b9a8fd92,False,False,
ocbc1.htm,*Krin's Base Camp*,page,Dragonlords or unrelated content,retain,No identified Queen’s Own or Velgarth evidence in this page.,,,25947,df77ac681b3467645fbcb3a5ebfe99f334fc2d9351ef85047d2b308f7401245a,False,False,
ocbc1a.gif,,asset,,shared_existing,,,,25957,ae8ba512220e562dd81cf3d166dfe06d8dc4a881756a2e6875ce97e22692a168,True,True,
ocbc1a.htm,*Timber's Base Camp*,page,Dragonlords or unrelated content,retain,No identified Queen’s Own or Velgarth evidence in this page.,,,24338,621020a4168f78b9afe648c40c5b85d4138b19efe5815096ff6ed3beb3c7d99b,False,False,
ocbc1a.jpg,,asset,,retain,,,,101830,4925e5d22a96f67dc2b0d9163a91570ac13ac9e1ddc5d2682394e84fcdd80d04,False,False,
ocbc1b.htm,*Western Base Camp*,page,Dragonlords or unrelated content,retain,No identified Queen’s Own or Velgarth evidence in this page.,,,22794,5677097224615b9f1dd963e0c28fc6cc2ef5b3ccfbac793f131083cdc7140ce8,False,False,
ocbc1c.gif,,asset,,retain,,,,3245,ef6eb077926b704d377b377fdecedf9db23ae224e93d5a1787e60204b5c1a837,False,False,
ocbc1d.gif,,asset,,retain,,,,5923,5ae0655510c0b4b653e56bbe094f5ce5c43c0efeb2841d2efafc146584ec0cb6,False,False,
ocbc1e.gif,,asset,,retain,,,,8406,e027e304e12891aecb9eec1c635dae9a7a301007b0cd112e6d0ed7d3b4990937,False,False,
ocoat.gif,,asset,,retain,,,,5599,83dcef5b29cde28764f3f71fd75d93a3cd63fe50d292d4f127b77ed0c2412096,False,False,
official-pwotw-ring-seal.gif,,asset,,retain,,,,2730,65651ece1ecb56eb63fce2760aaa7b80e92c4427ca82dab50f60338399e312a0,False,False,
oscarparty2020sm.jpg,,asset,,retain,,,,107465,0d604a41b1748d353d9003f5b2fc9fac3958d27c30f8bf976be0c9acabb53ca1,False,False,
other.htm,Other Kit,page,Dragonlords or unrelated content,retain,No identified Queen’s Own or Velgarth evidence in this page.,,,3980,103a1c1343a154fc93dc043d9761712e9ad4728fd45966c4b77f8af0f6e59879,False,False,
outpres.htm,Presbyterians for GLBT Concerns,page,Dragonlords or unrelated content,retain,No identified Queen’s Own or Velgarth evidence in this page.,,,11031,7a4b08a89d07655d7d471a91fac2cfa577219567a0d10072a26bce7d84fb54cb,False,False,
owl.gif,,asset,,retain,,,,10792,2825f72473c0ff3b040080c3b35d0fe51b36975b132acd7344cd6b4bda1a4714,False,False,
palm.gif,,asset,,retain,,,,1484,6d01210af3b1c2a9aca1b5e6c3c605b165b4fce799f77464b9b42e357dfa2eb5,False,False,
paper.gif,,asset,,dependency,,,,3253,4d0bf4e5787972ae64e8c07f23a11485d104297f7f9a794769b5c95d0a384830,True,True,cr2ddl.htm; cr2ddl1.htm; cr2le.htm; cr2rev.htm; cr2sim.htm; cr2sim1.htm; cr2tat.htm; cr2tat1.htm; cr2toc.htm; crbi.htm; crbi1.htm; crc.htm; crc1.htm; crfrm.htm; crfrm1.htm; crle.htm; crrev.htm; crsos.htm; crtoc.htm
pcpak.htm,Persona Pak,page,Mixed or incidental references,review,"Related terms appear, but this may be mixed content, a generic resource, or an incidental reference.",Vanyel,,36646,c84631eeea13e1bba6424c34eeda2e6f08bbd9815a307031e366bc476d380394,False,False,
pdaward.jpg,,asset,,retain,,,,13664,f5c87c32c183e0ff54af5df5b9ac0aa71496e1237dd46afc88d89716b92e9b91,False,False,
pe.jpg,,asset,,retain,,,,9992,3de75bf2c2fb814a3bcdbb8fb3295e58b7b5bfef0fff017b20777dc6bf988e7c,False,False,
peaceawd.gif,,asset,,retain,,,,6647,42f7a21d151f0564721387094f8e0cc3f18fb6fd29568bf88aa0d85a50b1b5b1,False,False,
pegasus.gif,,asset,,dependency,,,,12152,b4fe1799e361994e8729189b56efcbdc017399926ef7057df6ba4c061c4f55c2,True,True,danyacc.htm; danyasc.htm
people.gif,,asset,,retain,,,,3490,71814adbaeb6fd17afc313e1eefea0d03277ffa8ca7448bba1a232f7f3aeb9a5,False,False,
peoples.htm,Races,page,Dragonlords or unrelated content,retain,No identified Queen’s Own or Velgarth evidence in this page.,,,27656,b39923d38dc28a66ab3a7211279b2611a16507ba4e95e21a74e9f336191402f3,False,False,
pets.htm,Pets Kit,page,Dragonlords or unrelated content,retain,No identified Queen’s Own or Velgarth evidence in this page.,,,6000,d0334ca387481f79f3a4408106f65794c0dee669b6c198d22ab4a410e6848f3e,False,False,
phenom.gif,,asset,,retain,,,,7679,5323494b581d6df4a5b25d7f292713514be424934ff695b856de79e00c842d5b,False,False,
pieraw~1.gif,,asset,,retain,,,,8706,0cdf341baeb5100bfb4ee24b24c1b06ef5afbe404c1bb2ef5da2901e44cf18c5,False,False,
pipermail/qopending_dragonlordsnet.com/2003-April/000165.html,[QOPending] Apologies,page,Mailing-list archives and services,review,Related mailing-list archive or service; decide its archival scope and static replacement separately.,,,1870,29a4a30f8e186a5e87b1f553e6d88dda3310005485fd54d18ead5270a2e7bca9,False,False,
pipermail/qopending_dragonlordsnet.com/2003-April/000166.html,[QOPending] Apologies,page,Mailing-list archives and services,review,Related mailing-list archive or service; decide its archival scope and static replacement separately.,,,3203,c67f6f8406249793ee00bc2f057547eaef51cc91ac0f73a2058b83ec129f6662,False,False,
pipermail/qopending_dragonlordsnet.com/2003-April/000167.html,[QOPending] Apologies,page,Mailing-list archives and services,review,Related mailing-list archive or service; decide its archival scope and static replacement separately.,,,2459,0dc40d7d72cce30dc4568fd7f93d7d13be59b1db0d741b70c72d1149921a3d67,False,False,
pipermail/qopending_dragonlordsnet.com/2003-April/000169.html,[QOPending] Apologies,page,Mailing-list archives and services,review,Related mailing-list archive or service; decide its archival scope and static replacement separately.,,,2762,c531151d360a5133acecccb30a597953429a110b04b1d5df352b47e558c704e4,False,False,
pipermail/qopending_dragonlordsnet.com/2003-April/000170.html,[QOPending] Apologies,page,Mailing-list archives and services,review,Related mailing-list archive or service; decide its archival scope and static replacement separately.,,,2294,582e7f60c627dc97df2ea18096fe5976d1d2229d74cce0abef3bfc9070117ddf,False,False,
pipermail/qopending_dragonlordsnet.com/2003-April/subject.html,The Qopending 2003-April Archive by Subject,page,Mailing-list archives and services,review,Related mailing-list archive or service; decide its archival scope and static replacement separately.,,,2128,c6d9e653780159a28dd459d1ca26204b2323a1c5dcdb233993592fd8cbe82ffc,False,False,
pipermail/qopending_dragonlordsnet.com/2003-April/thread.html,The Qopending 2003-April Archive by Thread,page,Mailing-list archives and services,review,Related mailing-list archive or service; decide its archival scope and static replacement separately.,,,2291,8715c463b6e660f0b2764dcb760dd4f91bf6dfbd8b3f3b083d11a9d79b120fa3,False,False,
pipermail/qopending_dragonlordsnet.com/2003-February/000039.html,[QOPending] Newbie has several questions.  :D,page,Mailing-list archives and services,review,Related mailing-list archive or service; decide its archival scope and static replacement separately.,Valdemar; Vanyel; Tayledras,,4425,b0d00e932c48193df7efc2be324087823ce10257a3b07d41e367a21d350d02df,False,False,
pipermail/qopending_dragonlordsnet.com/2003-February/000041.html,[QOPending] Newbie has several questions. :D,page,Mailing-list archives and services,review,Related mailing-list archive or service; decide its archival scope and static replacement separately.,Valdemar; Vanyel; Tayledras,,5410,35af410cad51b21d77e935aec650c3bbf74917be1aa83a42bdbd507d4f24fe30,False,False,
pipermail/qopending_dragonlordsnet.com/2003-February/000042.html,[QOPending] Newbie has several questions. :D,page,Mailing-list archives and services,review,Related mailing-list archive or service; decide its archival scope and static replacement separately.,Tayledras,,4219,6c2fea2e7fdf7c00a76b8a87e8eb61d9b7a7df330d6bd32553cc6a76bd624973,False,False,
pipermail/qopending_dragonlordsnet.com/2003-February/000045.html,[QOPending] Release form question,page,Mailing-list archives and services,review,Related mailing-list archive or service; decide its archival scope and static replacement separately.,,,2514,fb02442db0b2734364e1814f4d8376ac4cb0f4c0fa81962071b8747fb5c2b826,False,False,
pipermail/qopending_dragonlordsnet.com/2003-February/000049.html,[QOPending] Questions on the Collegia setup,page,Mailing-list archives and services,review,Related mailing-list archive or service; decide its archival scope and static replacement separately.,Valdemar,,2956,004df62663a752cdf6dd3f1192f699b3bd7454e100cb7ec9a72ac1ffbae706a5,False,False,
pipermail/qopending_dragonlordsnet.com/2003-February/000051.html,[QOPending] bio paper size,page,Mailing-list archives and services,review,Related mailing-list archive or service; decide its archival scope and static replacement separately.,Valdemar,,7098,516e1fc697a8207a5d2893224a9255d77616d000107ab00a26811a55e10eebd0,False,False,
pipermail/qopending_dragonlordsnet.com/2003-February/000053.html,[QOPending] Tayledras masks...,page,Mailing-list archives and services,review,Related mailing-list archive or service; decide its archival scope and static replacement separately.,Tayledras,,2395,d0bb5df909f3d53e3de75fb23e216708ea714b31bb34485f04ad6c9b17d7ffbf,False,False,
pipermail/qopending_dragonlordsnet.com/2003-February/000055.html,[QOPending] another question...,page,Mailing-list archives and services,review,Related mailing-list archive or service; decide its archival scope and static replacement separately.,Valdemar; Tayledras,,2692,79be94d9e2410766666fe25f99c36da1aaef8622ca15109489ccd1908b2aba3c,False,False,
pipermail/qopending_dragonlordsnet.com/2003-February/000056.html,[QOPending] another question...,page,Mailing-list archives and services,review,Related mailing-list archive or service; decide its archival scope and static replacement separately.,Valdemar,,4109,5caf5999377d7bcd2778863dd7f51bac0e6fb9c0da31e820feca7d71259b61d8,False,False,
pipermail/qopending_dragonlordsnet.com/2003-February/000057.html,[QOPending] just checking,page,Mailing-list archives and services,review,Related mailing-list archive or service; decide its archival scope and static replacement separately.,,,2309,69aeb9143c880a2c7e8fe17284fc110596e9f2be01fa7c1f393b81f43e0f96ac,False,False,
pipermail/qopending_dragonlordsnet.com/2003-February/000059.html,[QOPending] just checking,page,Mailing-list archives and services,review,Related mailing-list archive or service; decide its archival scope and static replacement separately.,Tayledras,,2303,39c2af9d881d833afe0a4a5ebc8f4b2e048d8d5393f253fb2973f37031c03c7a,False,False,
pipermail/qopending_dragonlordsnet.com/2003-February/000060.html,[QOPending] Re: Heralds,page,Mailing-list archives and services,review,Related mailing-list archive or service; decide its archival scope and static replacement separately.,,,2375,31b1a5d8ad69d321a79311584cd59ce9915530844a688e5b601c4eb0bbdbc20d,False,False,
pipermail/qopending_dragonlordsnet.com/2003-February/000061.html,[QOPending] Questions on the Collegia setup,page,Mailing-list archives and services,review,Related mailing-list archive or service; decide its archival scope and static replacement separately.,Valdemar,,7454,e6b8089f8f6c128329bf52895563e1de685144ef5d923aeb5b35d847a745cb3f,False,False,
pipermail/qopending_dragonlordsnet.com/2003-February/000062.html,[QOPending] Re: Heralds,page,Mailing-list archives and services,review,Related mailing-list archive or service; decide its archival scope and static replacement separately.,,,3754,69a0ac85d45920583049d07d498e92d65b89cc10d863700ac87aed1344441a41,False,False,
pipermail/qopending_dragonlordsnet.com/2003-February/000064.html,[QOPending] just checking,page,Mailing-list archives and services,review,Related mailing-list archive or service; decide its archival scope and static replacement separately.,,,7469,592268fcc48d19a54348fd230e2ffbd918cb9e6f39d1ffde99062023b0318ed5,False,False,
pipermail/qopending_dragonlordsnet.com/2003-February/000065.html,[QOPending] Herald Kris,page,Mailing-list archives and services,review,Related mailing-list archive or service; decide its archival scope and static replacement separately.,Queen's Own,,2119,c70d65afa1af4da34c8e3189e0a948e0f025a557fe16b73729d160bf8c617431,False,False,
pipermail/qopending_dragonlordsnet.com/2003-February/000067.html,[QOPending] Questions on the Collegia setup,page,Mailing-list archives and services,review,Related mailing-list archive or service; decide its archival scope and static replacement separately.,Valdemar; Vanyel,,8279,89157cee0ae4d8b1e9349f0f5955f307051440c9ab880759f9e3f5379efe2fc1,False,False,
pipermail/qopending_dragonlordsnet.com/2003-February/000068.html,[QOPending] another question...,page,Mailing-list archives and services,review,Related mailing-list archive or service; decide its archival scope and static replacement separately.,Valdemar,,3454,fc2fd872e23a6175bd6585ab02ea74a8dc4fa87b4362a461d6bb5590011aa419,False,False,
pipermail/qopending_dragonlordsnet.com/2003-February/000069.html,[QOPending] Herald Kris,page,Mailing-list archives and services,review,Related mailing-list archive or service; decide its archival scope and static replacement separately.,Queen's Own,,2987,9ff5f47ed1a4dd06e4d744017d6695372e34e832d0b83eb227b52627b8b0b01c,False,False,
pipermail/qopending_dragonlordsnet.com/2003-February/000070.html,[QOPending] Questions on the Collegia setup,page,Mailing-list archives and services,review,Related mailing-list archive or service; decide its archival scope and static replacement separately.,Vanyel,,5721,3629ee246ecc8cea9ab2d9723b0cd5b9d4fca0af41a42c3b260569fd10af8383,False,False,
pipermail/qopending_dragonlordsnet.com/2003-February/000072.html,[QOPending] Questions on the Collegia setup,page,Mailing-list archives and services,review,Related mailing-list archive or service; decide its archival scope and static replacement separately.,Valdemar,,7302,745f077b338daf24bf1110f19e7af0886b58503d75c7c5b489a09d8d077d5cee,False,False,
pipermail/qopending_dragonlordsnet.com/2003-February/000073.html,[QOPending] herald personae question,page,Mailing-list archives and services,review,Related mailing-list archive or service; decide its archival scope and static replacement separately.,,,3514,340b87638742035bc70cd2b4b79bb5622c04744e6973eaeb0c5e41a5dbb3139d,False,False,
pipermail/qopending_dragonlordsnet.com/2003-February/000075.html,[QOPending] Questions on the Collegia setup,page,Mailing-list archives and services,review,Related mailing-list archive or service; decide its archival scope and static replacement separately.,,,2262,6928e9da50e9e8991ec301a60c175125ab8e8c8bd265376986352ef46bf81b68,False,False,
pipermail/qopending_dragonlordsnet.com/2003-February/000077.html,[QOPending] Question...,page,Mailing-list archives and services,review,Related mailing-list archive or service; decide its archival scope and static replacement separately.,Valdemar,,2254,f3b5f583b21f1e5018e90139e87d71c9b5539f565fd45a9312609f84905039b9,False,False,
pipermail/qopending_dragonlordsnet.com/2003-February/000078.html,[QOPending] Test,page,Mailing-list archives and services,review,Related mailing-list archive or service; decide its archival scope and static replacement separately.,,,1766,50e4a2fe7344301e0a821748d03ca1d9f98095a6273f79027e5200e0415a66f4,False,False,
pipermail/qopending_dragonlordsnet.com/2003-February/000079.html,[QOPending] Newbie question.,page,Mailing-list archives and services,review,Related mailing-list archive or service; decide its archival scope and static replacement separately.,,,2924,6aeaf2ddfcaa6acd9ab80741b69034855b98fc324851c1feb28535835c111705,False,False,
pipermail/qopending_dragonlordsnet.com/2003-February/000080.html,[QOPending] Newbie question #2,page,Mailing-list archives and services,review,Related mailing-list archive or service; decide its archival scope and static replacement separately.,,,3694,8e74f24b53d879444b28d5f44b703bbcb68960fe4dd4eaaa9d621dbc0cec0169,False,False,
pipermail/qopending_dragonlordsnet.com/2003-February/000081.html,[QOPending] Where are the poster maps ????????????????,page,Mailing-list archives and services,review,Related mailing-list archive or service; decide its archival scope and static replacement separately.,Valdemar,,3498,3af3835d5b3a0eec6ea50f07880f598483891820375d036260adec8172a6418a,False,False,
pipermail/qopending_dragonlordsnet.com/2003-February/000083.html,[QOPending] herald personae question,page,Mailing-list archives and services,review,Related mailing-list archive or service; decide its archival scope and static replacement separately.,,,3304,20d11017d0f888ce579cb3f23b6ea01ef1a516aaf2660bb42303811851f39965,False,False,
pipermail/qopending_dragonlordsnet.com/2003-February/000085.html,[QOPending] Newbie question #2,page,Mailing-list archives and services,review,Related mailing-list archive or service; decide its archival scope and static replacement separately.,,,4003,46bcd240b2647d22faf2ec2addfd5f6016a6b97b790701e6f4b06eb1c457cd4d,False,False,
pipermail/qopending_dragonlordsnet.com/2003-February/000087.html,[QOPending] journeyman mages,page,Mailing-list archives and services,review,Related mailing-list archive or service; decide its archival scope and static replacement separately.,Valdemar,,3669,2c255b81dca6f0d8311d3b4e640328ea90b893df8df113a0917584c7fc3588c4,False,False,
pipermail/qopending_dragonlordsnet.com/2003-February/000091.html,[QOPending] Herald question...,page,Mailing-list archives and services,review,Related mailing-list archive or service; decide its archival scope and static replacement separately.,,,2563,03c5e97be4c14642ec05ace1f7517daa2afbb5cb2a2112c83e67398cec4ff202,False,False,
pipermail/qopending_dragonlordsnet.com/2003-January/000003.html,[QOPending] Herald without an e-mail . . .,page,Mailing-list archives and services,review,Related mailing-list archive or service; decide its archival scope and static replacement separately.,,,1966,0330b088075e05ebb6b6d7bea142f5b3bcd9f4b8224725022f1b22cc98faa94b,False,False,
pipermail/qopending_dragonlordsnet.com/2003-January/000005.html,[QOPending] A Number of Questions,page,Mailing-list archives and services,review,Related mailing-list archive or service; decide its archival scope and static replacement separately.,Herald-Mage,,4006,78201818f954a179d3ac06110acdaedf28a67a605ff0e34dea5f2b4f9debfe3c,False,False,
pipermail/qopending_dragonlordsnet.com/2003-January/000007.html,[QOPending] Persona Submission . . .,page,Mailing-list archives and services,review,Related mailing-list archive or service; decide its archival scope and static replacement separately.,,,1952,f56720619f99d9a813272993c63d9f264aaaff509bc416bf203e971a1fa8aee3,False,False,
pipermail/qopending_dragonlordsnet.com/2003-January/000011.html,[QOPending] Persona Tracking,page,Mailing-list archives and services,review,Related mailing-list archive or service; decide its archival scope and static replacement separately.,Tayledras,,2222,92cf5513ea511cc1edde8a4e5b985af5f245cf6c0fd7ff324a1d3024d099cba4,False,False,
pipermail/qopending_dragonlordsnet.com/2003-January/000013.html,[QOPending] (no subject),page,Mailing-list archives and services,review,Related mailing-list archive or service; decide its archival scope and static replacement separately.,,,5674,ca340593050f0111f44d4ce8bc61545ebba3bf015ff0965c16736e77378192fc,False,False,
pipermail/qopending_dragonlordsnet.com/2003-January/000015.html,[QOPending] Helpful Tip,page,Mailing-list archives and services,review,Related mailing-list archive or service; decide its archival scope and static replacement separately.,,,3218,65623813f1cd39e7301743725f2aa53083af47bb7339734208d5d8fd1a2ea4a8,False,False,
pipermail/qopending_dragonlordsnet.com/2003-January/000017.html,[QOPending] [QOPending],page,Mailing-list archives and services,review,Related mailing-list archive or service; decide its archival scope and static replacement separately.,Valdemar; Tayledras,,3119,f452be5ea486d31d9a64db79be50c61062f73c7793454f04ad6fa75f690188f4,False,False,
pipermail/qopending_dragonlordsnet.com/2003-January/000025.html,[QOPending] Changechild herald? Changechild ANYTHING?,page,Mailing-list archives and services,review,Related mailing-list archive or service; decide its archival scope and static replacement separately.,Valdemar,,5516,e36943db02c4566403162d875728ae27fee817b5d251d91f4aabf1d622818a10,False,False,
pipermail/qopending_dragonlordsnet.com/2003-January/000030.html,"[QOPending] Re: Qopending digest, Vol 1 #8 - 7 msgs",page,Mailing-list archives and services,review,Related mailing-list archive or service; decide its archival scope and static replacement separately.,Queen's Own,,2572,2ad5046558ae6a158c1026584d91183701ca62251eac54d40d63efdbd79e777f,False,False,
pipermail/qopending_dragonlordsnet.com/2003-January/000032.html,[QOPending] (no subject),page,Mailing-list archives and services,review,Related mailing-list archive or service; decide its archival scope and static replacement separately.,,,4573,34fd0c51afcc9b3b5807d71aef286b5bb5cbbdc97b018a07000a3b0cf0557d5a,False,False,
pipermail/qopending_dragonlordsnet.com/2003-January/000034.html,[QOPending] Nameless persona . . .,page,Mailing-list archives and services,review,Related mailing-list archive or service; decide its archival scope and static replacement separately.,,,2225,5072391e720a6e8659dce92760e7d58564eade2551e126a7f96c62884eba3ea3,False,False,
pipermail/qopending_dragonlordsnet.com/2003-January/author.html,The Qopending 2003-January Archive by Author,page,Mailing-list archives and services,review,Related mailing-list archive or service; decide its archival scope and static replacement separately.,Tayledras,,6268,6d5b8a48e11686c46b381d6e2058c51ddb59c3d1f842b8ac796d31913eba1366,False,False,
pipermail/qopending_dragonlordsnet.com/2003-January/date.html,The Qopending 2003-January Archive by Date,page,Mailing-list archives and services,review,Related mailing-list archive or service; decide its archival scope and static replacement separately.,Tayledras,,6272,b29c09de6bdd31c4335a9c506f976dc2882fa5ed6192a3ce3d9c9716d66e964c,False,False,
pipermail/qopending_dragonlordsnet.com/2003-January/subject.html,The Qopending 2003-January Archive by Subject,page,Mailing-list archives and services,review,Related mailing-list archive or service; decide its archival scope and static replacement separately.,Tayledras,,6266,904b3dfad4f2e7a6705137cb58f374db84a73d98995accf81459d2611b18f21d,False,False,
pipermail/qopending_dragonlordsnet.com/2003-January/thread.html,The Qopending 2003-January Archive by Thread,page,Mailing-list archives and services,review,Related mailing-list archive or service; decide its archival scope and static replacement separately.,Tayledras,,7822,c75916082b1bdc133a21d026823a5c7cde085802fabc20839d43383b436e28d2,False,False,
pipermail/qopending_dragonlordsnet.com/2003-June/000237.html,[QOPending] submission questions,page,Mailing-list archives and services,review,Related mailing-list archive or service; decide its archival scope and static replacement separately.,,,1909,9c6df3db334cb06ce090bfb9a6850047e8ce161e4d831830d984c74df8dab08b,False,False,
pipermail/qopending_dragonlordsnet.com/2003-June/000239.html,[QOPending] Sun Priests,page,Mailing-list archives and services,review,Related mailing-list archive or service; decide its archival scope and static replacement separately.,,,2046,8bec526f4aeccdfb5d3594f058652fc675d67ee5549d8b3db4796725fa76e113,False,False,
pipermail/qopending_dragonlordsnet.com/2003-June/000241.html,[QOPending] Sun Priests,page,Mailing-list archives and services,review,Related mailing-list archive or service; decide its archival scope and static replacement separately.,Valdemar,,2349,84dc16d5777ffa4c0f3f8f91fed3e53ce53a6fab0449790b673eec4dc3c89c7b,False,False,
pipermail/qopending_dragonlordsnet.com/2003-June/000245.html,[QOPending] Sun Priests,page,Mailing-list archives and services,review,Related mailing-list archive or service; decide its archival scope and static replacement separately.,Valdemar,,3252,a84ec6177a9010827b27eb15ec912aad4522306a4c5b27648a19909b730e07ab,False,False,
pipermail/qopending_dragonlordsnet.com/2003-June/000247.html,[QOPending] submission questions,page,Mailing-list archives and services,review,Related mailing-list archive or service; decide its archival scope and static replacement separately.,,,3387,57464a9de55a9c5bab1c834df1976e5acf3f624f02e0991b4221ace2e3e95ee2,False,False,
pipermail/qopending_dragonlordsnet.com/2003-June/000249.html,[QOPending] submission questions,page,Mailing-list archives and services,review,Related mailing-list archive or service; decide its archival scope and static replacement separately.,,,2568,2d53a071afbd94e6c48bd23d14a97975ba366f99fe706afc08bcf3f0e70dbed5,False,False,
pipermail/qopending_dragonlordsnet.com/2003-June/000251.html,[QOPending] submission questions,page,Mailing-list archives and services,review,Related mailing-list archive or service; decide its archival scope and static replacement separately.,,,3803,6115030462a44b00964e7299840863aed1383dc044eb257a497f4dbb50116aef,False,False,
pipermail/qopending_dragonlordsnet.com/2003-June/000253.html,[QOPending] submission questions,page,Mailing-list archives and services,review,Related mailing-list archive or service; decide its archival scope and static replacement separately.,,,2176,80aa8aacfdd835eb1f6bde6bf625d88e9fbd128169ab4022dfc3946357ef766a,False,False,
pipermail/qopending_dragonlordsnet.com/2003-June/000255.html,[QOPending] gift limits,page,Mailing-list archives and services,review,Related mailing-list archive or service; decide its archival scope and static replacement separately.,,,2689,9f38c9e195671123193e69db636b90a25c110546de9387876a185bcbe42d8a3d,False,False,
pipermail/qopending_dragonlordsnet.com/2003-June/000256.html,[QOPending] submission questions,page,Mailing-list archives and services,review,Related mailing-list archive or service; decide its archival scope and static replacement separately.,,,2420,aca0b7a588187841a48823fd2862001b973e76843f1eef0fd5d8875f1261ae2b,False,False,
pipermail/qopending_dragonlordsnet.com/2003-June/000257.html,[QOPending] gift limits,page,Mailing-list archives and services,review,Related mailing-list archive or service; decide its archival scope and static replacement separately.,,,3951,853c56d4786633c68864bab32ff98058b3942dfd0e1617f0859115fa8b51c92c,False,False,
pipermail/qopending_dragonlordsnet.com/2003-June/000258.html,[QOPending] gift limits,page,Mailing-list archives and services,review,Related mailing-list archive or service; decide its archival scope and static replacement separately.,,,3819,96cecc4a624e492ff4e3996618fa44103ce0f3e2348ff1abdbcaf99d1f7b5213,False,False,
pipermail/qopending_dragonlordsnet.com/2003-June/000259.html,[QOPending] gift limits,page,Mailing-list archives and services,review,Related mailing-list archive or service; decide its archival scope and static replacement separately.,,,3896,72b454b748d36eef6d7634699044289b63f31e59a785054a1294fa3b35aed9c4,False,False,
pipermail/qopending_dragonlordsnet.com/2003-June/000260.html,[QOPending] gift limits,page,Mailing-list archives and services,review,Related mailing-list archive or service; decide its archival scope and static replacement separately.,,,2714,1733fdf5d5254fbcba4c825ad9741302766c9a67e94c02c0be0c2fb3789e0994,False,False,
pipermail/qopending_dragonlordsnet.com/2003-June/000262.html,[QOPending] gift limits,page,Mailing-list archives and services,review,Related mailing-list archive or service; decide its archival scope and static replacement separately.,,,2256,b9195bf798a90c464c112095e296763bf05a550496c8dbdf5398ed11b247ea66,False,False,
pipermail/qopending_dragonlordsnet.com/2003-June/000263.html,[QOPending] gift limits,page,Mailing-list archives and services,review,Related mailing-list archive or service; decide its archival scope and static replacement separately.,,,2331,58fc20242a476a508fb461ae9426b824c04372dedb50725c85a7d5730050dc69,False,False,
pipermail/qopending_dragonlordsnet.com/2003-June/000265.html,[QOPending] gift limits,page,Mailing-list archives and services,review,Related mailing-list archive or service; decide its archival scope and static replacement separately.,,,3392,c64ea86591f67506bb668b365cf44d2b82fb5535e3e720908c688d5cbceb5f46,False,False,
pipermail/qopending_dragonlordsnet.com/2003-June/000266.html,[QOPending] I was wondering...,page,Mailing-list archives and services,review,Related mailing-list archive or service; decide its archival scope and static replacement separately.,,,3471,abe059883a59126516a05676b1374d7c05b2ee896a0f7546b38a40bbb7fa86aa,False,False,
pipermail/qopending_dragonlordsnet.com/2003-June/000268.html,[QOPending] I was wondering...,page,Mailing-list archives and services,review,Related mailing-list archive or service; decide its archival scope and static replacement separately.,Valdemar,,3499,f8e7e1f521daca043ff8a775c6bede540037adaf44cf8f220699a04c037abc0d,False,False,
pipermail/qopending_dragonlordsnet.com/2003-June/000270.html,[QOPending] accomidation,page,Mailing-list archives and services,review,Related mailing-list archive or service; decide its archival scope and static replacement separately.,Queen's Own; Vanyel,,3580,d9387121008b289d1e081d8133053e9b3d742f8c04a008121d3c358913fb87b4,False,False,
pipermail/qopending_dragonlordsnet.com/2003-June/000272.html,[QOPending] extra credit,page,Mailing-list archives and services,review,Related mailing-list archive or service; decide its archival scope and static replacement separately.,,,2155,87a6ce6260cdcd2c0ec9c59f8890e0ba21aa69d08605478cea7497b761c732d2,False,False,
pipermail/qopending_dragonlordsnet.com/2003-June/000273.html,[QOPending] paper size,page,Mailing-list archives and services,review,Related mailing-list archive or service; decide its archival scope and static replacement separately.,,,1933,1641e1336372c22f88c50e671d1f7b23b5dcea93936a5113b398ddeb3bf5c655,False,False,
pipermail/qopending_dragonlordsnet.com/2003-June/000274.html,[QOPending] trainee journeys,page,Mailing-list archives and services,review,Related mailing-list archive or service; decide its archival scope and static replacement separately.,Valdemar,,4486,28e46bd36d008135f2f7cbe8fbe16215b696710e23c0281053378d115b7e81e8,False,False,
pipermail/qopending_dragonlordsnet.com/2003-June/000276.html,[QOPending] paper size,page,Mailing-list archives and services,review,Related mailing-list archive or service; decide its archival scope and static replacement separately.,,,3123,86726d93726140832977dde14514329d4aba12be5a95d8d1658b49b3e692dc30,False,False,
pipermail/qopending_dragonlordsnet.com/2003-June/000278.html,[QOPending] extra credit,page,Mailing-list archives and services,review,Related mailing-list archive or service; decide its archival scope and static replacement separately.,,,2742,f7db6723c1acdd891037b14ee5a058e8e89d347e1f9729d5ddf63b34001224af,False,False,
pipermail/qopending_dragonlordsnet.com/2003-June/000279.html,[QOPending] extra credit,page,Mailing-list archives and services,review,Related mailing-list archive or service; decide its archival scope and static replacement separately.,,,2581,094d748a7ee215d002d9fa2e674c1773ca8679f972a73548b6a64e495158fd17,False,False,
pipermail/qopending_dragonlordsnet.com/2003-June/000283.html,[QOPending] extra credit,page,Mailing-list archives and services,review,Related mailing-list archive or service; decide its archival scope and static replacement separately.,,,3793,732814b9a52fcc1aa22b151de4c8c78fd541d7db8c04ba49fdcb12adcb72b673,False,False,
pipermail/qopending_dragonlordsnet.com/2003-June/000284.html,[QOPending] Blue Persona idea and lots of ??,page,Mailing-list archives and services,review,Related mailing-list archive or service; decide its archival scope and static replacement separately.,Tayledras; Shin'a'in,,3114,5583c823aaa6be487ade3b84d5946c25357a3d1a7f9f8028de9d202647ab1149,False,False,
pipermail/qopending_dragonlordsnet.com/2003-June/000285.html,[QOPending] Blue Persona idea and lots of ??,page,Mailing-list archives and services,review,Related mailing-list archive or service; decide its archival scope and static replacement separately.,Tayledras; Shin'a'in,,4732,3a5a242a151077051243f8c580502891b49b07f1858c49169b31813aa246ccc0,False,False,
pipermail/qopending_dragonlordsnet.com/2003-June/000287.html,[QOPending] where do I send submissions,page,Mailing-list archives and services,review,Related mailing-list archive or service; decide its archival scope and static replacement separately.,,,2052,b86554f77e5851d1f0ec6ff70acb95412d3ffd8731242ae4c0d2370292b570dd,False,False,
pipermail/qopending_dragonlordsnet.com/2003-June/000288.html,[QOPending] where do I send submissions,page,Mailing-list archives and services,review,Related mailing-list archive or service; decide its archival scope and static replacement separately.,,,2398,badc29a66569c4ebccbccad950efb4ce5d23a52122ca1f0984e6b6609f2f71b5,False,False,
pipermail/qopending_dragonlordsnet.com/2003-June/000289.html,[QOPending] Merc Character Questions...,page,Mailing-list archives and services,review,Related mailing-list archive or service; decide its archival scope and static replacement separately.,,,3944,030cd35010a0c0e084356dc25ec8f93ceb73f8861202b182fcb676fe6772aaf0,False,False,
pipermail/qopending_dragonlordsnet.com/2003-June/000291.html,[QOPending] (no subject),page,Mailing-list archives and services,review,Related mailing-list archive or service; decide its archival scope and static replacement separately.,,,3172,3bc3b8df72ee06733995a212b5202c58f51d0cec78554347223a887417aa0c75,False,False,
pipermail/qopending_dragonlordsnet.com/2003-June/000293.html,[QOPending] (no subject),page,Mailing-list archives and services,review,Related mailing-list archive or service; decide its archival scope and static replacement separately.,,,2482,043a5953019cabed90a946b5d448ee94d95c784f9388a21136b4737c729c41d8,False,False,
pipermail/qopending_dragonlordsnet.com/2003-June/000294.html,[QOPending] (no subject),page,Mailing-list archives and services,review,Related mailing-list archive or service; decide its archival scope and static replacement separately.,,,2692,84176afbd0d23652384ef40bc7eaca9ff16e39071a9277573b760f5eab24165d,False,False,
pipermail/qopending_dragonlordsnet.com/2003-June/author.html,The Qopending 2003-June Archive by Author,page,Mailing-list archives and services,review,Related mailing-list archive or service; decide its archival scope and static replacement separately.,,,8555,60e336cb90b8b125d9c74117d8bcd47a6d6366b2de95de9ee762087749b47f49,False,False,
pipermail/qopending_dragonlordsnet.com/2003-June/date.html,The Qopending 2003-June Archive by Date,page,Mailing-list archives and services,review,Related mailing-list archive or service; decide its archival scope and static replacement separately.,,,8559,efcc18f55f852064e81a38212318163ca19937e47dbd21a097fb3364fb59fe06,False,False,
pipermail/qopending_dragonlordsnet.com/2003-June/thread.html,The Qopending 2003-June Archive by Thread,page,Mailing-list archives and services,review,Related mailing-list archive or service; decide its archival scope and static replacement separately.,,,11047,355ec7bba4a4946c10ed1122502056eac60a85326ee3d295151ab7b34988d5be,False,False,
pipermail/qopending_dragonlordsnet.com/2003-March/000089.html,[QOPending] journeyman mages,page,Mailing-list archives and services,review,Related mailing-list archive or service; decide its archival scope and static replacement separately.,Valdemar,,3819,0121c0394a2d5057610fcd3f465098567167b3b7e00f10e7f8b99ab8c3dc6885,False,False,
pipermail/qopending_dragonlordsnet.com/2003-March/000092.html,[QOPending] journeyman mages,page,Mailing-list archives and services,review,Related mailing-list archive or service; decide its archival scope and static replacement separately.,Valdemar,,3624,5c8e6dfa776e13830b7811780798d79f57fd19ecd450e4fb7e931d3a865b08da,False,False,
pipermail/qopending_dragonlordsnet.com/2003-March/000093.html,[QOPending] Herald question...,page,Mailing-list archives and services,review,Related mailing-list archive or service; decide its archival scope and static replacement separately.,,,2922,38fcd2e475381e98daf9b93dc8094b22e46127a981311f5b5a2a23621245053c,False,False,
pipermail/qopending_dragonlordsnet.com/2003-March/000094.html,[QOPending] Split skirt,page,Mailing-list archives and services,review,Related mailing-list archive or service; decide its archival scope and static replacement separately.,,,2903,1d7a552a6415da843c417494181376b786b723d9a5d80aa6e392805e9f138dac,False,False,
pipermail/qopending_dragonlordsnet.com/2003-March/000095.html,[QOPending] Split skirt,page,Mailing-list archives and services,review,Related mailing-list archive or service; decide its archival scope and static replacement separately.,,,3118,73480f7c8ecfa4e492527f2eb8ae794c7bfcf0c9b8bc29b171c43453a8e5bd20,False,False,
pipermail/qopending_dragonlordsnet.com/2003-March/000096.html,[QOPending] Journeymen mages and more,page,Mailing-list archives and services,review,Related mailing-list archive or service; decide its archival scope and static replacement separately.,Valdemar; Herald-Mage,,4354,3d628876cf3d08354118b70505946b6b05188bada2a3891db3e2319634b455ef,False,False,
pipermail/qopending_dragonlordsnet.com/2003-March/000097.html,[QOPending] Journeymen mages and more,page,Mailing-list archives and services,review,Related mailing-list archive or service; decide its archival scope and static replacement separately.,Herald-Mage,,3317,d425914c63c9b9558e6575d272856058333a2bca5ce3dbe97b6003f5b751daeb,False,False,
pipermail/qopending_dragonlordsnet.com/2003-March/000098.html,[QOPending] Split skirt,page,Mailing-list archives and services,review,Related mailing-list archive or service; decide its archival scope and static replacement separately.,,,4810,c86428f53e2d6374f8deabeaa12d2fb76d2eac98a1b3bbb6d75341ef5f832830,False,False,
pipermail/qopending_dragonlordsnet.com/2003-March/000099.html,[QOPending] journeyman mages,page,Mailing-list archives and services,review,Related mailing-list archive or service; decide its archival scope and static replacement separately.,Valdemar; Vanyel,,9678,3924848e1338df27335cd11509dbeffd7207783529fb7745ba0d76703933ace3,False,False,
pipermail/qopending_dragonlordsnet.com/2003-March/000101.html,[QOPending] Journeymen mages and more,page,Mailing-list archives and services,review,Related mailing-list archive or service; decide its archival scope and static replacement separately.,,,4489,8a453dd66d741ac5bad54b237d1472cd8d595a66bdbb72e8b6a66c7dd60ac9af,False,False,
pipermail/qopending_dragonlordsnet.com/2003-March/000102.html,[QOPending] Journeymen mages and more,page,Mailing-list archives and services,review,Related mailing-list archive or service; decide its archival scope and static replacement separately.,Vanyel,,5040,83c6a31a6fa7b546d7f0ec647867b18e6e9b998208ed46d9a1dbbc4d046a7f3f,False,False,
pipermail/qopending_dragonlordsnet.com/2003-March/000103.html,[QOPending] Journeymen mages and more,page,Mailing-list archives and services,review,Related mailing-list archive or service; decide its archival scope and static replacement separately.,Vanyel; Herald-Mage,,7175,3673e3b1b41aed7ddc9199e67dc936d9a5f60e1afb298fb72c00fb5939131076,False,False,
pipermail/qopending_dragonlordsnet.com/2003-March/000104.html,[QOPending] Journeymen mages and more,page,Mailing-list archives and services,review,Related mailing-list archive or service; decide its archival scope and static replacement separately.,Vanyel; Herald-Mage,,3398,ff644e5e7a70084e78cb8d62b462965cc34ec3adae962fa02515b0b846c0b6bd,False,False,
pipermail/qopending_dragonlordsnet.com/2003-March/000105.html,[QOPending] Journeymen mages and more,page,Mailing-list archives and services,review,Related mailing-list archive or service; decide its archival scope and static replacement separately.,,,9492,d9ec31a48d017fe3c99f1175994793da074975e526ad51ab5b17be9ac4b0fa4d,False,False,
pipermail/qopending_dragonlordsnet.com/2003-March/000106.html,[QOPending] Journeymen mages and more,page,Mailing-list archives and services,review,Related mailing-list archive or service; decide its archival scope and static replacement separately.,,,3031,b619449e7eeffb0088fa43a4b7482ec574cd27526eff9cdf6d1a32fcd2edd8a3,False,False,
pipermail/qopending_dragonlordsnet.com/2003-March/000107.html,[QOPending] Nail Polish,page,Mailing-list archives and services,review,Related mailing-list archive or service; decide its archival scope and static replacement separately.,Valdemar,,3416,884a2c574f020868805c57c4d095399e010af3020f3e18c7d2256e547ac19128,False,False,
pipermail/qopending_dragonlordsnet.com/2003-March/000108.html,[QOPending] Nail Polish,page,Mailing-list archives and services,review,Related mailing-list archive or service; decide its archival scope and static replacement separately.,Valdemar,,4133,a0ab854da9c1587eda33994877e26429c223718e433d7002540b80cec2cfdd47,False,False,
pipermail/qopending_dragonlordsnet.com/2003-March/000110.html,[QOPending] Nail Polish,page,Mailing-list archives and services,review,Related mailing-list archive or service; decide its archival scope and static replacement separately.,,,3143,f0deb59756369b5d2b5247e3e57ff2a2387a633a1d44be11d884618fe72dbea5,False,False,
pipermail/qopending_dragonlordsnet.com/2003-March/000111.html,[QOPending] Nail Polish,page,Mailing-list archives and services,review,Related mailing-list archive or service; decide its archival scope and static replacement separately.,,,2068,dc4e02fae4519c6395cd4a2178ee7c766a9873aef62e920a977fa584d23d95a6,False,False,
pipermail/qopending_dragonlordsnet.com/2003-March/000112.html,[QOPending] Undecided on persona type,page,Mailing-list archives and services,review,Related mailing-list archive or service; decide its archival scope and static replacement separately.,Velgarth; Tayledras; Shin'a'in,,6449,5475fcd509f43f2f5bdf2c4c9f2ed0ef820a34a46afb751fdcf815817a9e9237,False,False,
pipermail/qopending_dragonlordsnet.com/2003-March/000113.html,[QOPending] Undecided on persona type,page,Mailing-list archives and services,review,Related mailing-list archive or service; decide its archival scope and static replacement separately.,Velgarth; Valdemar,,7208,bbcfa28411ac82690729b73af6bb6d10d37d61168a5deaea9ece98e3012cff74,False,False,
pipermail/qopending_dragonlordsnet.com/2003-March/000116.html,[QOPending] Re: [QO Pending],page,Mailing-list archives and services,review,Related mailing-list archive or service; decide its archival scope and static replacement separately.,,,2125,96e831b368efc69310b58d2dd67e9098ff5d2b01b7732ba3c01bfc0bd93a3a4a,False,False,
pipermail/qopending_dragonlordsnet.com/2003-March/000117.html,[QOPending] [QO Pending] Culture questions,page,Mailing-list archives and services,review,Related mailing-list archive or service; decide its archival scope and static replacement separately.,Valdemar,,3721,38aa18f1b21d926c7b9d0ecce3fa94437f910d55350f55fa2e5a96502ffe5f3f,False,False,
pipermail/qopending_dragonlordsnet.com/2003-March/000118.html,[QOPending] [QO Pending] Culture questions,page,Mailing-list archives and services,review,Related mailing-list archive or service; decide its archival scope and static replacement separately.,Valdemar,,3463,dc1b146ecb46498932b07327fd2f0d772106b30a9b63e680384a7cfd0ef3d200,False,False,
pipermail/qopending_dragonlordsnet.com/2003-March/000119.html,[QOPending] [QO Pending] Culture questions,page,Mailing-list archives and services,review,Related mailing-list archive or service; decide its archival scope and static replacement separately.,Valdemar,,4384,337a18224918778adbef6fcc1108b486b6bc402782ce273018da7041b2ed2200,False,False,
pipermail/qopending_dragonlordsnet.com/2003-March/000120.html,[QOPending] [QO Pending] Culture questions,page,Mailing-list archives and services,review,Related mailing-list archive or service; decide its archival scope and static replacement separately.,Valdemar; Queen's Own,,8147,2b4dbc01934f8ca153db7a92740d78bc618bdc16dc3b15e68df361bfdd7fac70,False,False,
pipermail/qopending_dragonlordsnet.com/2003-March/000121.html,[QOPending] [QO Pending] Culture questions,page,Mailing-list archives and services,review,Related mailing-list archive or service; decide its archival scope and static replacement separately.,Valdemar; Queen's Own,,11988,76f8337e341bb58f8d2ac013b57fda33d87ba5c1bac3b94bf5023f0cf93e00ca,False,False,
pipermail/qopending_dragonlordsnet.com/2003-March/000122.html,[QOPending] [QO Pending] Culture questions,page,Mailing-list archives and services,review,Related mailing-list archive or service; decide its archival scope and static replacement separately.,,,4596,ba8d8c4b186f2418d52ea8997b45bffdf42e1b3d4e4a8a3913e0cd8e98bdffc8,False,False,
pipermail/qopending_dragonlordsnet.com/2003-March/000123.html,[QOPending] [QO Pending] Culture questions,page,Mailing-list archives and services,review,Related mailing-list archive or service; decide its archival scope and static replacement separately.,Valdemar; Queen's Own,,14462,f30371099d542e4d83906db99f9905e2be9c37838bcff44b1ea3e60d7ac064b9,False,False,
pipermail/qopending_dragonlordsnet.com/2003-March/000124.html,[QOPending] [QO Pending] Culture questions,page,Mailing-list archives and services,review,Related mailing-list archive or service; decide its archival scope and static replacement separately.,Valdemar; Queen's Own,,7921,354cf38595e178866f49860d6c802f9041aa9e10ae8ff9ff84364efc1e4c19fd,False,False,
pipermail/qopending_dragonlordsnet.com/2003-March/000125.html,[QOPending] taleydras q's,page,Mailing-list archives and services,review,Related mailing-list archive or service; decide its archival scope and static replacement separately.,Valdemar; Queen's Own,,13391,182a0cabf63aef8c4ecb47339042ac5f9e852d7e18f8a68b7b9f3ccca47963ea,False,False,
pipermail/qopending_dragonlordsnet.com/2003-March/000126.html,[QOPending] heraldic gifts,page,Mailing-list archives and services,review,Related mailing-list archive or service; decide its archival scope and static replacement separately.,,,2480,5a310517b321b918d9050493ffd7077d81e48ec9f5c38f854ed929a3be680ec1,False,False,
pipermail/qopending_dragonlordsnet.com/2003-March/000129.html,[QOPending] heraldic gifts,page,Mailing-list archives and services,review,Related mailing-list archive or service; decide its archival scope and static replacement separately.,Velgarth; Valdemar,,5911,ffd73bad4eee32e2e12ff2e913004c04f151815af4ebb607bc6108e4e3c491dd,False,False,
pipermail/qopending_dragonlordsnet.com/2003-March/000130.html,[QOPending] Age,page,Mailing-list archives and services,review,Related mailing-list archive or service; decide its archival scope and static replacement separately.,Valdemar,,2297,c6362b38b08099877bf13da90e3038ae99786b60cd0ff9734e4e94de03cfdfbc,False,False,
pipermail/qopending_dragonlordsnet.com/2003-March/000131.html,[QOPending] taleydras q's,page,Mailing-list archives and services,review,Related mailing-list archive or service; decide its archival scope and static replacement separately.,Valdemar; Tayledras,,4652,32e3337a733348735a7f46bab797bd142cf07df647177027a44521bcc1097cb2,False,False,
pipermail/qopending_dragonlordsnet.com/2003-March/000135.html,[QOPending] taleydras q's,page,Mailing-list archives and services,review,Related mailing-list archive or service; decide its archival scope and static replacement separately.,,,4721,acb067f95ab2c762e6f835e5edfae54347965554b20fdd7bb3a5e4df0ccf9f47,False,False,
pipermail/qopending_dragonlordsnet.com/2003-March/000136.html,[QOPending] taleydras q's,page,Mailing-list archives and services,review,Related mailing-list archive or service; decide its archival scope and static replacement separately.,Valdemar; Tayledras,,6612,29bfbfff20f2cd532de878014362d2c3b05efd95d5d5f3d6504a494e0c91645b,False,False,
pipermail/qopending_dragonlordsnet.com/2003-March/000138.html,[QOPending] taleydras q's,page,Mailing-list archives and services,review,Related mailing-list archive or service; decide its archival scope and static replacement separately.,Valdemar; Tayledras,,17266,e0d692532e9030894cd4a64b0bc344bf23894071a800b9a63fdb4aead6c0fea9,False,False,
pipermail/qopending_dragonlordsnet.com/2003-March/000139.html,[QOPending] (no subject),page,Mailing-list archives and services,review,Related mailing-list archive or service; decide its archival scope and static replacement separately.,,,3184,7c60dcc33a7fccb9f6eaae34f1cb07e6f270606bb214644072cf4a1019d0e2cf,False,False,
pipermail/qopending_dragonlordsnet.com/2003-March/000142.html,[QOPending] (no subject),page,Mailing-list archives and services,review,Related mailing-list archive or service; decide its archival scope and static replacement separately.,,,1871,4126833a126d3dfe9e3fa048a3516fdd6a95cec88cb91123eec4c54979445321,False,False,
pipermail/qopending_dragonlordsnet.com/2003-March/000144.html,[QOPending] more taleydras q's,page,Mailing-list archives and services,review,Related mailing-list archive or service; decide its archival scope and static replacement separately.,,,2632,7704ff881e915c2206b284d8042d7003a1ed33111056452af1fed062b27d7f95,False,False,
pipermail/qopending_dragonlordsnet.com/2003-March/000146.html,[QOPending] more taleydras q's,page,Mailing-list archives and services,review,Related mailing-list archive or service; decide its archival scope and static replacement separately.,Tayledras,,5082,453e9516d265bc90040a50719a4ba2c2893821970a9e8179719dd11c3a679d60,False,False,
pipermail/qopending_dragonlordsnet.com/2003-March/000147.html,[QOPending] more taleydras q's,page,Mailing-list archives and services,review,Related mailing-list archive or service; decide its archival scope and static replacement separately.,Valdemar,,2806,cbdece274fe1d03642f337fc329da1ee3f05593951ee5f1321453a97fd9ff459,False,False,
pipermail/qopending_dragonlordsnet.com/2003-March/000148.html,[QOPending] more taleydras q's,page,Mailing-list archives and services,review,Related mailing-list archive or service; decide its archival scope and static replacement separately.,Valdemar,,5237,062a91d2ec1075f8f32fbec4c245564bd01d7e160e9fa132b7fa9f7be5c6da70,False,False,
pipermail/qopending_dragonlordsnet.com/2003-March/000149.html,[QOPending] Healer gifts,page,Mailing-list archives and services,review,Related mailing-list archive or service; decide its archival scope and static replacement separately.,,,2509,c98f5d287d5bc581bdfa293c668f896cfde22432b2d25a701c7a7e3e1ac17aab,False,False,
pipermail/qopending_dragonlordsnet.com/2003-March/000150.html,[QOPending] Healer gifts,page,Mailing-list archives and services,review,Related mailing-list archive or service; decide its archival scope and static replacement separately.,Valdemar,,2982,acce4e7952eb9172a5476d6fcf32610470fabeab29a66c5b4ccb6cd811290cad,False,False,
pipermail/qopending_dragonlordsnet.com/2003-March/000151.html,[QOPending] more taleydras q's,page,Mailing-list archives and services,review,Related mailing-list archive or service; decide its archival scope and static replacement separately.,,,2892,fd3d3ee9be23d59c21cf60491f3e15be1a6b79c13595b9df942eb797b7e9f674,False,False,
pipermail/qopending_dragonlordsnet.com/2003-March/000152.html,[QOPending] more taleydras q's,page,Mailing-list archives and services,review,Related mailing-list archive or service; decide its archival scope and static replacement separately.,,,2482,dd9852b9506055d51f32286f0a67c1d09ff0a280f72524c63063337f25d807f5,False,False,
pipermail/qopending_dragonlordsnet.com/2003-March/000153.html,[QOPending] more taleydras q's,page,Mailing-list archives and services,review,Related mailing-list archive or service; decide its archival scope and static replacement separately.,Tayledras,,10145,b97cbf935176a388676d3d32a0a5d9820e5351ecb195ebe4ed9eb3a6abfcc5ac,False,False,
pipermail/qopending_dragonlordsnet.com/2003-March/000154.html,[QOPending] more taleydras q's,page,Mailing-list archives and services,review,Related mailing-list archive or service; decide its archival scope and static replacement separately.,,,8647,799562310c211df2bddd6bc10f08d0e90721e9a678c6427d9d21275496195398,False,False,
pipermail/qopending_dragonlordsnet.com/2003-March/000155.html,[QOPending] more taleydras q's,page,Mailing-list archives and services,review,Related mailing-list archive or service; decide its archival scope and static replacement separately.,Tayledras,,4053,3d187f2046256294146815d6e855b7a69a138b3ec87915e530305eba8461891a,False,False,
pipermail/qopending_dragonlordsnet.com/2003-March/000156.html,[QOPending] more taleydras q's,page,Mailing-list archives and services,review,Related mailing-list archive or service; decide its archival scope and static replacement separately.,Tayledras,,6847,bf1a45023a6dab8a11499c966122c71ee95b4c840d19ab577c01b511a85c4ae1,False,False,
pipermail/qopending_dragonlordsnet.com/2003-March/000157.html,[QOPending] more taleydras q's,page,Mailing-list archives and services,review,Related mailing-list archive or service; decide its archival scope and static replacement separately.,Tayledras,,4201,5185c0375f5efe7017a24df6491c95765d58b1fbec6d326a36be415af34467a3,False,False,
pipermail/qopending_dragonlordsnet.com/2003-March/000159.html,[QOPending] more taleydras q's,page,Mailing-list archives and services,review,Related mailing-list archive or service; decide its archival scope and static replacement separately.,,,2449,46a75d3d1f4708756531613aac13ad66365f26c39d6bc7a0801cc256efa42a41,False,False,
pipermail/qopending_dragonlordsnet.com/2003-March/000160.html,[QOPending] more taleydras q's,page,Mailing-list archives and services,review,Related mailing-list archive or service; decide its archival scope and static replacement separately.,,,4573,c19baec648347148cb0fda45956e5314e9a1de8cabf18c30179708f5a0d2c63b,False,False,
pipermail/qopending_dragonlordsnet.com/2003-March/000161.html,[QOPending] more taleydras q's,page,Mailing-list archives and services,review,Related mailing-list archive or service; decide its archival scope and static replacement separately.,,,2061,f2be6cb57aa97c641ada44bfe5f22c9fc4f16faac04362f47a71d3441963f572,False,False,
pipermail/qopending_dragonlordsnet.com/2003-March/000163.html,[QOPending] (no subject),page,Mailing-list archives and services,review,Related mailing-list archive or service; decide its archival scope and static replacement separately.,,,2505,b66505af3f4ab31656ca46347902cfaac9ddcf58ec9b9f3536c7cc8a080fde93,False,False,
pipermail/qopending_dragonlordsnet.com/2003-March/000164.html,[QOPending] (no subject),page,Mailing-list archives and services,review,Related mailing-list archive or service; decide its archival scope and static replacement separately.,,,3411,c850f408749f88386e2b44a8337e62083e1db841ebe1f9c7b75db67282b651bf,False,False,
pipermail/qopending_dragonlordsnet.com/2003-March/date.html,The Qopending 2003-March Archive by Date,page,Mailing-list archives and services,review,Related mailing-list archive or service; decide its archival scope and static replacement separately.,,,10614,70b3c86ea9485814d87584ab94ac525973d07243744fe2b1589720ca7e837736,False,False,
pipermail/qopending_dragonlordsnet.com/2003-May/000172.html,[QOPending] so close to finishing,page,Mailing-list archives and services,review,Related mailing-list archive or service; decide its archival scope and static replacement separately.,,,2529,e7fc0c71e2de09225d36b1a8ab59e171cebdca5c5ef43b7f313f361f81ece77e,False,False,
pipermail/qopending_dragonlordsnet.com/2003-May/000173.html,[QOPending] (no subject),page,Mailing-list archives and services,review,Related mailing-list archive or service; decide its archival scope and static replacement separately.,,,2844,e51e07f3aa20f169b0756bfc570e79b79827defcdab8522c022999609f169cc2,False,False,
pipermail/qopending_dragonlordsnet.com/2003-May/000176.html,[QOPending] Questions about requirements,page,Mailing-list archives and services,review,Related mailing-list archive or service; decide its archival scope and static replacement separately.,,,2370,a089fbd068c9f4e1b027a3c752c375d365e668e2fbe76aa06e1a2891fc8221cc,False,False,
pipermail/qopending_dragonlordsnet.com/2003-May/000177.html,[QOPending] Questions about requirements,page,Mailing-list archives and services,review,Related mailing-list archive or service; decide its archival scope and static replacement separately.,Valdemar; Herald-Mage,,3587,1f3881f5356d3daa3a68174cd222ef3852ad98e7af333108d0114e0c645b1fe3,False,False,
pipermail/qopending_dragonlordsnet.com/2003-May/000178.html,[QOPending] Questions about requirements,page,Mailing-list archives and services,review,Related mailing-list archive or service; decide its archival scope and static replacement separately.,Valdemar; Herald-Mage,,5015,24dae283b0e8eba1b469a7f2de94843fa1ad5378dafaa7066a505aa81a3b4034,False,False,
pipermail/qopending_dragonlordsnet.com/2003-May/000179.html,[QOPending] Questions about requirements,page,Mailing-list archives and services,review,Related mailing-list archive or service; decide its archival scope and static replacement separately.,,,2166,aeb6b29f9c5d0b520098410c46d34dc568f0838c38a7a1aefeef847993243871,False,False,
pipermail/qopending_dragonlordsnet.com/2003-May/000180.html,[QOPending] Self-intro and a question,page,Mailing-list archives and services,review,Related mailing-list archive or service; decide its archival scope and static replacement separately.,,,2560,76049ec22234e5605aecccd175645ee52ca2dfd151c820112941bfdc30dceef2,False,False,
pipermail/qopending_dragonlordsnet.com/2003-May/000181.html,[QOPending] Self-intro and a question,page,Mailing-list archives and services,review,Related mailing-list archive or service; decide its archival scope and static replacement separately.,,,2613,6d45c6d5ec6f6b0ccea14a10c653b6ce74e0f687d07f4c84e76e57b160d45254,False,False,
pipermail/qopending_dragonlordsnet.com/2003-May/000182.html,[QOPending] persona,page,Mailing-list archives and services,review,Related mailing-list archive or service; decide its archival scope and static replacement separately.,,,2034,ff2b283dc2bceacf215b2d35565554260919dec848aa73cd5c68dc21d17ecc80,False,False,
pipermail/qopending_dragonlordsnet.com/2003-May/000183.html,[QOPending] persona,page,Mailing-list archives and services,review,Related mailing-list archive or service; decide its archival scope and static replacement separately.,,,2222,b4bb96a04ff9d0a51d81f8a956e5dfab1e9aee9c87c59b2d822098be8601997a,False,False,
pipermail/qopending_dragonlordsnet.com/2003-May/000184.html,[QOPending] persona,page,Mailing-list archives and services,review,Related mailing-list archive or service; decide its archival scope and static replacement separately.,,,3086,2dfa54c993d23f0e247a442021087f64eb425f9988e1819c18ead67112cd7e15,False,False,
pipermail/qopending_dragonlordsnet.com/2003-May/000187.html,[QOPending] taleydras (again),page,Mailing-list archives and services,review,Related mailing-list archive or service; decide its archival scope and static replacement separately.,,,2726,62e53183b12c9024eef78e7e46e89bd69402d6416f09ab43573ef80a7e9e3f3e,False,False,
pipermail/qopending_dragonlordsnet.com/2003-May/000188.html,[QOPending] taleydras (again),page,Mailing-list archives and services,review,Related mailing-list archive or service; decide its archival scope and static replacement separately.,,,5109,5a80f7736e0ecb7924e6aac8838c8d4a8e73130d47cb7f49cf175a28eb035baa,False,False,
pipermail/qopending_dragonlordsnet.com/2003-May/000189.html,[QOPending] taleydras (again),page,Mailing-list archives and services,review,Related mailing-list archive or service; decide its archival scope and static replacement separately.,Valdemar; Tayledras,,4177,2b6ec3c2169fc05fa9f8cd51cb75ad7dbf754e68135f3d5271bb17ce757becc9,False,False,
pipermail/qopending_dragonlordsnet.com/2003-May/000190.html,[QOPending] taleydras (again),page,Mailing-list archives and services,review,Related mailing-list archive or service; decide its archival scope and static replacement separately.,Valdemar; Tayledras,,8430,fb07abb4d75eb4ac440ceff56053d2ebc7ca3f2161a04bb2c69c579464857d01,False,False,
pipermail/qopending_dragonlordsnet.com/2003-May/000192.html,"[QOPending] Hello, and a question",page,Mailing-list archives and services,review,Related mailing-list archive or service; decide its archival scope and static replacement separately.,Valdemar; Herald-Mage,,4395,8a41fca2915cd25ee125a7fbb7e6133c6b335b499b2a0888334000871ed0ca59,False,False,
pipermail/qopending_dragonlordsnet.com/2003-May/000193.html,[QOPending] Personae inquiry,page,Mailing-list archives and services,review,Related mailing-list archive or service; decide its archival scope and static replacement separately.,,,2669,74c9af7a9d9df0dcc691f171369b82c093a3d27896aea1f15235e3323f0ca6ee,False,False,
pipermail/qopending_dragonlordsnet.com/2003-May/000194.html,[QOPending] Personae inquiry,page,Mailing-list archives and services,review,Related mailing-list archive or service; decide its archival scope and static replacement separately.,,,3880,2910182490a512d70b6e24e36f9dfb09ec9cde3d18d3adb7e394ed715510be84,False,False,
pipermail/qopending_dragonlordsnet.com/2003-May/000195.html,[QOPending] Personae inquiry,page,Mailing-list archives and services,review,Related mailing-list archive or service; decide its archival scope and static replacement separately.,,,2153,df3884b2f7e715459dc052dc22f65698db9998899805cbd90f9bc98c70b9a1b0,False,False,
pipermail/qopending_dragonlordsnet.com/2003-May/000196.html,[QOPending] Personae inquiry,page,Mailing-list archives and services,review,Related mailing-list archive or service; decide its archival scope and static replacement separately.,,,2634,d2d337e04fae5734b5962c3a6186716de6bb7f1c9002dde9088085b92c02ed11,False,False,
pipermail/qopending_dragonlordsnet.com/2003-May/000197.html,[QOPending] Personae inquiry,page,Mailing-list archives and services,review,Related mailing-list archive or service; decide its archival scope and static replacement separately.,,,2196,b813b65849453297d4f2c122f735bca9cd3515848c04f75ef0758116c0041c01,False,False,
pipermail/qopending_dragonlordsnet.com/2003-May/000199.html,[QOPending] A question of colours,page,Mailing-list archives and services,review,Related mailing-list archive or service; decide its archival scope and static replacement separately.,,,2288,6f76683acbf5b9487dd3fddcb5af3fd326a5862507b25a3210931e61fd2a8261,False,False,
pipermail/qopending_dragonlordsnet.com/2003-May/000200.html,[QOPending] A question of colours,page,Mailing-list archives and services,review,Related mailing-list archive or service; decide its archival scope and static replacement separately.,,,4444,dede79eee4a4b3240f713101237bc37ae8d5220c3c4767cd39458c44048c963c,False,False,
pipermail/qopending_dragonlordsnet.com/2003-May/000202.html,[QOPending] One more thing...,page,Mailing-list archives and services,review,Related mailing-list archive or service; decide its archival scope and static replacement separately.,,,2899,687cbb3552048b5e36d84159bb9994e1f85d244e8911ed14525a265a57dbbaf0,False,False,
pipermail/qopending_dragonlordsnet.com/2003-May/000203.html,[QOPending] New--Question or two...,page,Mailing-list archives and services,review,Related mailing-list archive or service; decide its archival scope and static replacement separately.,Tayledras,,9031,e4fd18b87efd4a5d2cc425e8a3b6c929f99164005ca64fcabd6a7f3c58e7241a,False,False,
pipermail/qopending_dragonlordsnet.com/2003-May/000205.html,[QOPending] another question or two,page,Mailing-list archives and services,review,Related mailing-list archive or service; decide its archival scope and static replacement separately.,,,2247,8fadd23dc76aa7c8eb663fcd97d7ab814589153c1f3e4224a157c2041790076e,False,False,
pipermail/qopending_dragonlordsnet.com/2003-May/000206.html,[QOPending] another question or two,page,Mailing-list archives and services,review,Related mailing-list archive or service; decide its archival scope and static replacement separately.,,,2924,24204f1f751e6cd1c2f370f60ca9db51e7924ddd8a14fe8c238d081d38ecc68c,False,False,
pipermail/qopending_dragonlordsnet.com/2003-May/000208.html,[QOPending] another question or two,page,Mailing-list archives and services,review,Related mailing-list archive or service; decide its archival scope and static replacement separately.,Tayledras,,2639,2468341d209eef7354f254a761e9e2b312ef3a9fd36a01f94f9e7d762e4984b7,False,False,
pipermail/qopending_dragonlordsnet.com/2003-May/000209.html,[QOPending] another question or two,page,Mailing-list archives and services,review,Related mailing-list archive or service; decide its archival scope and static replacement separately.,,,2131,5c360b317a965af7e0d999bb5f4e4bcdc1aaf9abd085ae1ac8b3657f343bc796,False,False,
pipermail/qopending_dragonlordsnet.com/2003-May/000210.html,[QOPending] another question or two,page,Mailing-list archives and services,review,Related mailing-list archive or service; decide its archival scope and static replacement separately.,,,7515,a48ba3e42be8a5debdde32a82072e946ed895272324385647ad51005ae23d241,False,False,
pipermail/qopending_dragonlordsnet.com/2003-May/000211.html,[QOPending] another question or two,page,Mailing-list archives and services,review,Related mailing-list archive or service; decide its archival scope and static replacement separately.,,,2947,313bf171ad8530dc7218f8e51f047e7faa4ec308a56a62f5dfa5aa2abdb4ac44,False,False,
pipermail/qopending_dragonlordsnet.com/2003-May/000213.html,[QOPending] time zones,page,Mailing-list archives and services,review,Related mailing-list archive or service; decide its archival scope and static replacement separately.,,,2087,41fa898bb23c2418bb0c7449628aa5fbab323d301dee2c4b13cde36e49ad9737,False,False,
pipermail/qopending_dragonlordsnet.com/2003-May/000214.html,[QOPending] time zones,page,Mailing-list archives and services,review,Related mailing-list archive or service; decide its archival scope and static replacement separately.,,,2284,0dd452d18c3d027a9afb905d3fac9bce260d6ca6130578f1f11cee7599fa4aff,False,False,
pipermail/qopending_dragonlordsnet.com/2003-May/000216.html,[QOPending] time zones,page,Mailing-list archives and services,review,Related mailing-list archive or service; decide its archival scope and static replacement separately.,Queen's Own,,3426,c5a3d2f8dc14462e157000379dfa92f27447a5cb725dfeed0df7e8b4d584abae,False,False,
pipermail/qopending_dragonlordsnet.com/2003-May/000217.html,[QOPending] time zones/submission,page,Mailing-list archives and services,review,Related mailing-list archive or service; decide its archival scope and static replacement separately.,Queen's Own,,5421,9cf8d8563794463ba1ffc4e7652f1711da54265efd9b884e6a7025376ccfaa87,False,False,
pipermail/qopending_dragonlordsnet.com/2003-May/000219.html,[QOPending] time zones/submission,page,Mailing-list archives and services,review,Related mailing-list archive or service; decide its archival scope and static replacement separately.,,,2648,4fe5d13452aa8e5bcb1d20fd19f5b016b87c01f96f7db8d3f94df74dc90063b4,False,False,
pipermail/qopending_dragonlordsnet.com/2003-May/000220.html,[QOPending] another question or two,page,Mailing-list archives and services,review,Related mailing-list archive or service; decide its archival scope and static replacement separately.,Valdemar,,3090,524fc0e6418231f6c45216f0ac16a9220c01b123dbbaffb5946279cd01bf8629,False,False,
pipermail/qopending_dragonlordsnet.com/2003-May/000221.html,[QOPending] time zones/submission,page,Mailing-list archives and services,review,Related mailing-list archive or service; decide its archival scope and static replacement separately.,,,2888,b962d55f69c986fb8716a2b6eefeda9cfd0ede10a42f451d6bdb5b0556099ce9,False,False,
pipermail/qopending_dragonlordsnet.com/2003-May/000222.html,[QOPending] another question or two,page,Mailing-list archives and services,review,Related mailing-list archive or service; decide its archival scope and static replacement separately.,Valdemar,,4303,362c19cf9b41c8b9e0603675b4e111ffe03a4d6a70b45cd1c01ccbd890503be2,False,False,
pipermail/qopending_dragonlordsnet.com/2003-May/000223.html,"[QOPending] Re: Qopending digest, Vol 1 #58 - 5 msgs",page,Mailing-list archives and services,review,Related mailing-list archive or service; decide its archival scope and static replacement separately.,,,4315,5cf9d26f1982540ac73f9ff6730df4c987de95d86fab1e5c289e4927c7da3661,False,False,
pipermail/qopending_dragonlordsnet.com/2003-May/000224.html,[QOPending] Dates and Times,page,Mailing-list archives and services,review,Related mailing-list archive or service; decide its archival scope and static replacement separately.,Valdemar,,3094,b405a03e3a7bc5a0b26d31189ffad8932d4fb300998c73fee4882b8cb02ac559,False,False,
pipermail/qopending_dragonlordsnet.com/2003-May/000225.html,[QOPending] Dates and Times,page,Mailing-list archives and services,review,Related mailing-list archive or service; decide its archival scope and static replacement separately.,,,2455,2f6c4303f60afeb6403da88e25244dd574ffab62a2ef032857c464f7f0fd5707,False,False,
pipermail/qopending_dragonlordsnet.com/2003-May/000227.html,[QOPending] another question or two,page,Mailing-list archives and services,review,Related mailing-list archive or service; decide its archival scope and static replacement separately.,,,3809,fb784ea124ef89233cffaca1a19c09c99ef16fba3c2d9d0e4b09b4446128d35d,False,False,
pipermail/qopending_dragonlordsnet.com/2003-May/000230.html,[QOPending] Trainee ages,page,Mailing-list archives and services,review,Related mailing-list archive or service; decide its archival scope and static replacement separately.,,,7456,fa06cbb8775341630f118d610e32f2b271d91aeffc96d32f0e20dd53875e1207,False,False,
pipermail/qopending_dragonlordsnet.com/2003-May/000231.html,[QOPending] Dates and Times,page,Mailing-list archives and services,review,Related mailing-list archive or service; decide its archival scope and static replacement separately.,Valdemar,,6455,681072011ca73c2c70adbe24aff01349f82c7a94efaa40ba12a864706bccd049,False,False,
pipermail/qopending_dragonlordsnet.com/2003-May/author.html,The Qopending 2003-May Archive by Author,page,Mailing-list archives and services,review,Related mailing-list archive or service; decide its archival scope and static replacement separately.,,,9441,eafd1845aae8e569d12f6fbba05b95550457870af67f22b3b44f36e02fc8fee5,False,False,
pipermail/qopending_dragonlordsnet.com/2003-May/date.html,The Qopending 2003-May Archive by Date,page,Mailing-list archives and services,review,Related mailing-list archive or service; decide its archival scope and static replacement separately.,,,9445,8b4b81fef52872bee452c5771a5c7abd570c1b51733b7fae022319228d88fafd,False,False,
pipermail/qopending_dragonlordsnet.com/2003-May/subject.html,The Qopending 2003-May Archive by Subject,page,Mailing-list archives and services,review,Related mailing-list archive or service; decide its archival scope and static replacement separately.,,,9439,a1efdef8e3b865486db40595a35aa5cc6ba167de01b97f30fda6f6e5fb61dfad,False,False,
pipermail/qopending_dragonlordsnet.com/2003-May/thread.html,The Qopending 2003-May Archive by Thread,page,Mailing-list archives and services,review,Related mailing-list archive or service; decide its archival scope and static replacement separately.,,,12094,8bbbca2493de9ab4876d0e172580495c29c0b06209fe622736d8c86cbeb08019,False,False,
pipermail/qopending_dragonlordsnet.com/2004-April/000000.html,[Qopending] Pending List,page,Mailing-list archives and services,review,Related mailing-list archive or service; decide its archival scope and static replacement separately.,Queen's Own,,1857,33541b657ccdddc0f03dc3b2e387c8909de90c9612ff8838974f5c301ae4f7d4,False,False,
pipermail/qopending_dragonlordsnet.com/2004-April/000001.html,[Qopending] Pending List,page,Mailing-list archives and services,review,Related mailing-list archive or service; decide its archival scope and static replacement separately.,,,2409,999265461df9e5d69104c792de9d18057341ac6bb61d70f819b035700021ff5f,False,False,
pipermail/qopending_dragonlordsnet.com/2004-April/000002.html,[Qopending] Heyla!,page,Mailing-list archives and services,review,Related mailing-list archive or service; decide its archival scope and static replacement separately.,,,2370,139ae218404e9386ff4f449ce32ad640c6066d80d78eb334343342d114c5c3a9,False,False,
pipermail/qopending_dragonlordsnet.com/2004-April/000003.html,[Qopending] Pending List,page,Mailing-list archives and services,review,Related mailing-list archive or service; decide its archival scope and static replacement separately.,,,3924,b32929883a2bc524edaeaaac3ed5e4c8eb4b5b0960b319e21bebe5e97103712f,False,False,
pipermail/qopending_dragonlordsnet.com/2004-April/000004.html,[Qopending] Happy,page,Mailing-list archives and services,review,Related mailing-list archive or service; decide its archival scope and static replacement separately.,,,2325,05bc798fc1bd1ac9c38122996a48adf3eec399c1ac2a9e1721dcd316adfb9b7f,False,False,
pipermail/qopending_dragonlordsnet.com/2004-April/000005.html,[Qopending] persona,page,Mailing-list archives and services,review,Related mailing-list archive or service; decide its archival scope and static replacement separately.,,,2818,b4f51c7e01313f7a21a0405a02c50c70777a01189c11d5ca8807531d1f40d48f,False,False,
pipermail/qopending_dragonlordsnet.com/2004-April/000006.html,[Qopending] persona,page,Mailing-list archives and services,review,Related mailing-list archive or service; decide its archival scope and static replacement separately.,Velgarth,,3489,8770585899ae10be5c510dfe4ec080da29ec2b9e1bfe9e3ac61fe3ff6a53609c,False,False,
pipermail/qopending_dragonlordsnet.com/2004-April/000008.html,[Qopending] Taleydras persona...general question,page,Mailing-list archives and services,review,Related mailing-list archive or service; decide its archival scope and static replacement separately.,,,3829,4ddb9402ddc25ccb1e0477b1455483a6fcf602cb4fd5bf3d4855037a60723bf7,False,False,
pipermail/qopending_dragonlordsnet.com/2004-April/000009.html,[Qopending] QO Pending List,page,Mailing-list archives and services,review,Related mailing-list archive or service; decide its archival scope and static replacement separately.,,,2550,a998c6d6e43c4a3a4f26d07845561229007840815a8a08586e3d0a67c5326c66,False,False,
pipermail/qopending_dragonlordsnet.com/2004-April/000010.html,[Qopending] Taleydras persona...general question,page,Mailing-list archives and services,review,Related mailing-list archive or service; decide its archival scope and static replacement separately.,,,2625,3da7bbbc8295f0f44c10309e868db73773c38ef2cdbb2df2591e1b6ec4b2bfb2,False,False,
pipermail/qopending_dragonlordsnet.com/2004-April/000011.html,[Qopending] Taleydras persona...general question,page,Mailing-list archives and services,review,Related mailing-list archive or service; decide its archival scope and static replacement separately.,Tayledras,,3958,e36d208b336bc6178590040a49b445382aca9432c06a77d1b94f5c850ffd427d,False,False,
pipermail/qopending_dragonlordsnet.com/2004-April/000012.html,[Qopending] Tayledras language,page,Mailing-list archives and services,review,Related mailing-list archive or service; decide its archival scope and static replacement separately.,Valdemar; Vanyel; Tayledras; Shin'a'in,,4803,931443482630f097bed41b60e459e63d5707eba5554f164a56339a995c9b864f,False,False,
pipermail/qopending_dragonlordsnet.com/2004-April/000013.html,[Qopending] Taleydras question,page,Mailing-list archives and services,review,Related mailing-list archive or service; decide its archival scope and static replacement separately.,Tayledras,,2517,b969d86f420bebd92002a78b98f875f115abf634e16ea26a851c6dc4d600af17,False,False,
pipermail/qopending_dragonlordsnet.com/2004-April/000014.html,[Qopending] Taleydras question,page,Mailing-list archives and services,review,Related mailing-list archive or service; decide its archival scope and static replacement separately.,,,2711,ca378c13189b65fecb3d684a84205b429c7c66d0062e10a1a6e724c5837e6243,False,False,
pipermail/qopending_dragonlordsnet.com/2004-April/000015.html,[Qopending] Taleydras question,page,Mailing-list archives and services,review,Related mailing-list archive or service; decide its archival scope and static replacement separately.,Tayledras,,2967,d2e479b390ce6fcca26399e74ab8256930555b13f6892090ae9f634a8b49ceaa,False,False,
pipermail/qopending_dragonlordsnet.com/2004-April/000016.html,[Qopending] Taleydras question,page,Mailing-list archives and services,review,Related mailing-list archive or service; decide its archival scope and static replacement separately.,Tayledras,,3464,2b801ef95dcbc9922585b6f1ab49d8499938bc92221bda321d49f81fa351c79f,False,False,
pipermail/qopending_dragonlordsnet.com/2004-April/000017.html,[Qopending] Taleydras question,page,Mailing-list archives and services,review,Related mailing-list archive or service; decide its archival scope and static replacement separately.,,,2662,8c9a6480dc96013ff5a8f615ced5ae71d9546f1c1c0fb0b01a8009e48398a399,False,False,
pipermail/qopending_dragonlordsnet.com/2004-April/000018.html,[Qopending] Taleydras question,page,Mailing-list archives and services,review,Related mailing-list archive or service; decide its archival scope and static replacement separately.,Valdemar,,3530,c7cb431ad7fda7800311790c8922465d8f4fb167a091df51f2c0acebc2cc96fb,False,False,
pipermail/qopending_dragonlordsnet.com/2004-April/000019.html,[Qopending] Taleydras question,page,Mailing-list archives and services,review,Related mailing-list archive or service; decide its archival scope and static replacement separately.,Valdemar,,3308,278dbdd79cce534b26a5a9686d3a4ef808ef0728c8cd68ff3b980b84046df4d5,False,False,
pipermail/qopending_dragonlordsnet.com/2004-April/000020.html,[Qopending] Taleydras question,page,Mailing-list archives and services,review,Related mailing-list archive or service; decide its archival scope and static replacement separately.,Valdemar; Tayledras,,4471,e7e9884eddb1ae4866d28a3bebf4573818a405851bd52e43084e67dd7975cea9,False,False,
pipermail/qopending_dragonlordsnet.com/2004-April/000021.html,[Qopending] Taleydras question,page,Mailing-list archives and services,review,Related mailing-list archive or service; decide its archival scope and static replacement separately.,,,2435,1c91bf9613d1819706b5e38bc5fcfae531e3d4c1ec3c3fe718315939f16bc2ae,False,False,
pipermail/qopending_dragonlordsnet.com/2004-April/000022.html,[Qopending] Persona submission questions,page,Mailing-list archives and services,review,Related mailing-list archive or service; decide its archival scope and static replacement separately.,,,2832,7970a3cc4ccc50ef1920063911b64e9cf6344546e3f6a5191ad10b45f79f7140,False,False,
pipermail/qopending_dragonlordsnet.com/2004-April/000023.html,[Qopending] Persona submission questions,page,Mailing-list archives and services,review,Related mailing-list archive or service; decide its archival scope and static replacement separately.,,,2775,68fd3c693514f5729f2badc4ba42cd9f36efc684b10a916416c4ab2fd0485f19,False,False,
pipermail/qopending_dragonlordsnet.com/2004-April/000024.html,[Qopending] Persona submission questions,page,Mailing-list archives and services,review,Related mailing-list archive or service; decide its archival scope and static replacement separately.,,,4162,fde47030752f0ccffe969457f43f4854d9b770667254a97742c86cf9fe9f6a13,False,False,
pipermail/qopending_dragonlordsnet.com/2004-April/000025.html,[Qopending] Taleydras question,page,Mailing-list archives and services,review,Related mailing-list archive or service; decide its archival scope and static replacement separately.,,,2716,bed1eed0a290dfcbce5c19b5a4afdee994f06a07a381eb7980c9f92cc2100624,False,False,
pipermail/qopending_dragonlordsnet.com/2004-April/000026.html,[Qopending] Taleydras question,page,Mailing-list archives and services,review,Related mailing-list archive or service; decide its archival scope and static replacement separately.,,,2525,f4e584afcb2b226c57a10274c0b2a031a87cab044e0632e285124a036a6117fa,False,False,
pipermail/qopending_dragonlordsnet.com/2004-April/000027.html,[Qopending] Taleydras question,page,Mailing-list archives and services,review,Related mailing-list archive or service; decide its archival scope and static replacement separately.,,,4142,f1daada781ae89ccfecb16cf33eba1ee4fcdf5373b672d2b6cc418501b26760b,False,False,
pipermail/qopending_dragonlordsnet.com/2004-April/000028.html,[Qopending] Taleydras question,page,Mailing-list archives and services,review,Related mailing-list archive or service; decide its archival scope and static replacement separately.,Tayledras,,3927,fc3c629ecd113e608715466e6ded40844b29bd9d0f24fa9f78783b46a11dd54f,False,False,
pipermail/qopending_dragonlordsnet.com/2004-April/000029.html,[Qopending] Taleydras question,page,Mailing-list archives and services,review,Related mailing-list archive or service; decide its archival scope and static replacement separately.,,,2495,612631249b0d2239aa6cffef0b1d803f28e32c42675f6f20512df3617136aab4,False,False,
pipermail/qopending_dragonlordsnet.com/2004-April/000030.html,[Qopending] Taleydras question,page,Mailing-list archives and services,review,Related mailing-list archive or service; decide its archival scope and static replacement separately.,,,3896,488912ebc21561dc6d4a1b6aafc5fe9c8d6a47834edcd3020db6ff7bda8241eb,False,False,
pipermail/qopending_dragonlordsnet.com/2004-April/000031.html,[Qopending] Taleydras question,page,Mailing-list archives and services,review,Related mailing-list archive or service; decide its archival scope and static replacement separately.,Tayledras,,3199,6e7307a02c7f3381fe247c3cc1197ba059604b529b57b3750302df2889600fde,False,False,
pipermail/qopending_dragonlordsnet.com/2004-April/000032.html,[Qopending] Taleydras question,page,Mailing-list archives and services,review,Related mailing-list archive or service; decide its archival scope and static replacement separately.,,,2542,3bf9dc89389246efa1cc18a476122acca999604f1b462895f7c1e574af2be019,False,False,
pipermail/qopending_dragonlordsnet.com/2004-April/000033.html,[Qopending] Mailing list problems,page,Mailing-list archives and services,review,Related mailing-list archive or service; decide its archival scope and static replacement separately.,,,3486,05f2faf87a3b89693e92dd8898effe9127dd1d1fb774a5c9111e12a0ecc67f79,False,False,
pipermail/qopending_dragonlordsnet.com/2004-April/000035.html,[Qopending] Submission question,page,Mailing-list archives and services,review,Related mailing-list archive or service; decide its archival scope and static replacement separately.,,,2491,a21bb66fb09f167f4f7fb1ef911c3f3effb50dae176a8bbd36225502795e3fd1,False,False,
pipermail/qopending_dragonlordsnet.com/2004-April/000036.html,[Qopending] Submission question,page,Mailing-list archives and services,review,Related mailing-list archive or service; decide its archival scope and static replacement separately.,,,3563,f415418ccaa94759237fbab794d44eb6aa297802742f4ced0b121b73f83faaec,False,False,
pipermail/qopending_dragonlordsnet.com/2004-April/000037.html,[Qopending] Velgarth Accents,page,Mailing-list archives and services,review,Related mailing-list archive or service; decide its archival scope and static replacement separately.,Velgarth,,2629,f899e0a5044c0637694acb0db7016819ba83cf6464a8ec8ecdc8b3b336837f93,False,False,
pipermail/qopending_dragonlordsnet.com/2004-April/000038.html,[Qopending] Submission question,page,Mailing-list archives and services,review,Related mailing-list archive or service; decide its archival scope and static replacement separately.,Velgarth,,2788,1a6619829f1af3a5e39d60a6d5e278d7114a8696509e61196acab51b235d90d0,False,False,
pipermail/qopending_dragonlordsnet.com/2004-April/000039.html,[Qopending] This is a test,page,Mailing-list archives and services,review,Related mailing-list archive or service; decide its archival scope and static replacement separately.,,,2355,979baab9525bc446d9f1f8d6dc0e6995a29fdf8c7e4c8d4beb42a2cb0de6b331,False,False,
pipermail/qopending_dragonlordsnet.com/2004-April/000040.html,[Qopending] This is a test,page,Mailing-list archives and services,review,Related mailing-list archive or service; decide its archival scope and static replacement separately.,Velgarth,,2346,a88649a109a752bfc72efa10d0b9a2dd9f1a738512fbffe5b9b86f5eeaf4798a,False,False,
pipermail/qopending_dragonlordsnet.com/2004-April/000041.html,[Qopending] This is a test,page,Mailing-list archives and services,review,Related mailing-list archive or service; decide its archival scope and static replacement separately.,,,3474,eae6674473545cfc71fbfdf7f26fca407bf46ea2393d1ebb3bfa7808caa2f9ac,False,False,
pipermail/qopending_dragonlordsnet.com/2004-April/000042.html,[Qopending] This is a test,page,Mailing-list archives and services,review,Related mailing-list archive or service; decide its archival scope and static replacement separately.,,,2451,12762241a6c3d427bacab59fad73f2d434d14b07761ec91ac91f13fc6ecc1391,False,False,
pipermail/qopending_dragonlordsnet.com/2004-April/000043.html,[Qopending] This is a test,page,Mailing-list archives and services,review,Related mailing-list archive or service; decide its archival scope and static replacement separately.,,,3663,a8432808ee6fcba4da721ba6721b5021c2caac0d57d1dbc0c7ff542833754142,False,False,
pipermail/qopending_dragonlordsnet.com/2004-April/000044.html,[Qopending] This is a test,page,Mailing-list archives and services,review,Related mailing-list archive or service; decide its archival scope and static replacement separately.,,,2646,7c4e1146507c77e068ac0ea08ab03e48dd78d7d7c1cd08e48b5e13597b0e004e,False,False,
pipermail/qopending_dragonlordsnet.com/2004-April/000045.html,[Qopending] This is a test,page,Mailing-list archives and services,review,Related mailing-list archive or service; decide its archival scope and static replacement separately.,,,3778,c2407ab79a1d5c3122f882084d07d2424a7d1d0862841610bce8951ecbadc427,False,False,
pipermail/qopending_dragonlordsnet.com/2004-April/000046.html,[Qopending] This is a test,page,Mailing-list archives and services,review,Related mailing-list archive or service; decide its archival scope and static replacement separately.,,,2615,a12963837f93a4ff835b781e8a096302eda8c30cd95eeef843fc1558bac1c8f4,False,False,
pipermail/qopending_dragonlordsnet.com/2004-April/000047.html,[Qopending] This is a test,page,Mailing-list archives and services,review,Related mailing-list archive or service; decide its archival scope and static replacement separately.,,,2243,0a11691655d3c2dce67d0f12cf5695a20816049b5303057618ec563edd5ae2df,False,False,
pipermail/qopending_dragonlordsnet.com/2004-April/author.html,The Qopending April 2004 Archive by author,page,Mailing-list archives and services,review,Related mailing-list archive or service; decide its archival scope and static replacement separately.,Velgarth; Tayledras,,7442,1a79ea7fdfd002bcc3cbec0b25e2d237df21c4da9934494f7e7aa20e01a985ed,False,False,
pipermail/qopending_dragonlordsnet.com/2004-April/date.html,The Qopending April 2004 Archive by date,page,Mailing-list archives and services,review,Related mailing-list archive or service; decide its archival scope and static replacement separately.,Velgarth; Tayledras,,7446,5d5954ef34229d856a0bb32f05677dbb1be80419b06755e8b683da89c932b148,False,False,
pipermail/qopending_dragonlordsnet.com/2004-April/subject.html,The Qopending April 2004 Archive by subject,page,Mailing-list archives and services,review,Related mailing-list archive or service; decide its archival scope and static replacement separately.,Velgarth; Tayledras,,7440,577f0246b9ac8074b512a92b364ef2fe5dde49a6954c878e76b4f76ad387d36b,False,False,
pipermail/qopending_dragonlordsnet.com/2004-April/thread.html,The Qopending April 2004 Archive by thread,page,Mailing-list archives and services,review,Related mailing-list archive or service; decide its archival scope and static replacement separately.,Velgarth; Tayledras,,9143,f293582e0771b49db5c286bc1b9cf5cdec87093531848ba3beb4cbf2f5b39dae,False,False,
pipermail/qopending_dragonlordsnet.com/2004-August/000094.html,[Qopending] Persona Review,page,Mailing-list archives and services,review,Related mailing-list archive or service; decide its archival scope and static replacement separately.,,,2077,aca2ed90ebc696e7ddfd4471b5ddc35aebdbb58c441aa9f197858d46083bc0a8,False,False,
pipermail/qopending_dragonlordsnet.com/2004-August/000095.html,[Qopending] filk song writing for credit,page,Mailing-list archives and services,review,Related mailing-list archive or service; decide its archival scope and static replacement separately.,,,2636,e07a3d462b31038d109b1dc0c74d679020ec0117c2e7f1dd873e59e970ab3263,False,False,
pipermail/qopending_dragonlordsnet.com/2004-August/000096.html,[Qopending] Submissions?,page,Mailing-list archives and services,review,Related mailing-list archive or service; decide its archival scope and static replacement separately.,,,2257,1d59d724fb0e739911c8d5c68e6748bff0b8638fc16b57986d2ab1e34d7f9d35,False,False,
pipermail/qopending_dragonlordsnet.com/2004-August/000097.html,[Qopending] Submissions?,page,Mailing-list archives and services,review,Related mailing-list archive or service; decide its archival scope and static replacement separately.,,,2921,6597ca652c8d59050f15737532514e4bc37900627700130bdccba7d4a0a5c40c,False,False,
pipermail/qopending_dragonlordsnet.com/2004-August/000098.html,[Qopending] Submissions?,page,Mailing-list archives and services,review,Related mailing-list archive or service; decide its archival scope and static replacement separately.,Valdemar; Herald-Mage; Tayledras; Shin'a'in,,5805,74f90ec40ec0bd9d764ff97bf342da79e6f9331d169366e9ae62f05150efbc06,False,False,
pipermail/qopending_dragonlordsnet.com/2004-August/000099.html,[Qopending] Submissions?,page,Mailing-list archives and services,review,Related mailing-list archive or service; decide its archival scope and static replacement separately.,Valdemar; Herald-Mage; Tayledras; Shin'a'in,,7091,18a1a0a39fb7b5b1cab0456a0682c7e2bf6c9dd2e6378903f08625709b629210,False,False,
pipermail/qopending_dragonlordsnet.com/2004-August/000100.html,[Qopending] developing my persona -early stages,page,Mailing-list archives and services,review,Related mailing-list archive or service; decide its archival scope and static replacement separately.,Tayledras,,2802,be6f570b57dd899bf784450e447ef844a8a9af3dc10d9df6bdb25808335c0492,False,False,
pipermail/qopending_dragonlordsnet.com/2004-August/000101.html,[Qopending] developing my persona -early stages,page,Mailing-list archives and services,review,Related mailing-list archive or service; decide its archival scope and static replacement separately.,Valdemar; Tayledras,,3454,a02456530e1284be655db93fffb2b26711295f04b115411ca940509aa2d9d2e4,False,False,
pipermail/qopending_dragonlordsnet.com/2004-August/000102.html,[Qopending] Yet another question :),page,Mailing-list archives and services,review,Related mailing-list archive or service; decide its archival scope and static replacement separately.,,,2987,bdad12e3af8258150ecb633c8070f94968ccac93ce4b01d364b491310a43b8a7,False,False,
pipermail/qopending_dragonlordsnet.com/2004-August/000103.html,[Qopending] Yet another question :),page,Mailing-list archives and services,review,Related mailing-list archive or service; decide its archival scope and static replacement separately.,,,4530,f85b85a2b95f4dc6dfdd3ee2a269de8b28de5f3c0b9078283ee48eab0d4c7b6d,False,False,
pipermail/qopending_dragonlordsnet.com/2004-August/000104.html,[Qopending] Administrative Stuff,page,Mailing-list archives and services,review,Related mailing-list archive or service; decide its archival scope and static replacement separately.,,,3053,334196c4093b1c4889cdd37f9eafe9bdf1e212f5b799eed9dc29bb0edbab74a0,False,False,
pipermail/qopending_dragonlordsnet.com/2004-August/000105.html,[Qopending] Yet another question :),page,Mailing-list archives and services,review,Related mailing-list archive or service; decide its archival scope and static replacement separately.,Velgarth,,4722,a6dfb1833599e61ec1f6c80c5bc7e17a888b07506fd6178664bb120a5d680ff2,False,False,
pipermail/qopending_dragonlordsnet.com/2004-August/000106.html,[Qopending] Yet another question :),page,Mailing-list archives and services,review,Related mailing-list archive or service; decide its archival scope and static replacement separately.,,,3538,9bc8a69f16aec959dedaab61bef6a5bbd9f746c89155ca50b954dd3558cfc83c,False,False,
pipermail/qopending_dragonlordsnet.com/2004-August/000107.html,[Qopending] Yet another question :),page,Mailing-list archives and services,review,Related mailing-list archive or service; decide its archival scope and static replacement separately.,Velgarth,,6169,396b3ef09638f05460583ef8802f8dce6bcb1899cbdc6dbbf9252790309ea615,False,False,
pipermail/qopending_dragonlordsnet.com/2004-August/000108.html,[Qopending] Yet another question :),page,Mailing-list archives and services,review,Related mailing-list archive or service; decide its archival scope and static replacement separately.,,,2960,6a705effbd960ebfa069bd4271e380f696cf4bdcea590e9a7d55de7bcdd94e36,False,False,
pipermail/qopending_dragonlordsnet.com/2004-August/000109.html,[Qopending] Yet another question :),page,Mailing-list archives and services,review,Related mailing-list archive or service; decide its archival scope and static replacement separately.,Velgarth,,7439,11850d4b149e413e69ff736e27e4bac7b58e6641552466eadd97bec8088c1635,False,False,
pipermail/qopending_dragonlordsnet.com/2004-August/000110.html,[Qopending] question ?,page,Mailing-list archives and services,review,Related mailing-list archive or service; decide its archival scope and static replacement separately.,,,2949,bb313efba5bd3fda938d52a99692114238067a1ee19ecbbac911ed36d4653027,False,False,
pipermail/qopending_dragonlordsnet.com/2004-August/000111.html,[Qopending] Reminder . . .,page,Mailing-list archives and services,review,Related mailing-list archive or service; decide its archival scope and static replacement separately.,,,2581,aa05fd9aa7d56dd11d55d862932b2c6ba03648d7f09d16f152848b1387cdfefe,False,False,
pipermail/qopending_dragonlordsnet.com/2004-August/author.html,The Qopending August 2004 Archive by author,page,Mailing-list archives and services,review,Related mailing-list archive or service; decide its archival scope and static replacement separately.,,,3851,0592693a974cbbd105ca2e8e8a4e0ffe3e7928423e4cc3392e43c38abc918b72,False,False,
pipermail/qopending_dragonlordsnet.com/2004-August/date.html,The Qopending August 2004 Archive by date,page,Mailing-list archives and services,review,Related mailing-list archive or service; decide its archival scope and static replacement separately.,,,3855,3ab04c0d9420c840b94fb4dd33e140c5f63dd6c4c9f085245130f815e85eec49,False,False,
pipermail/qopending_dragonlordsnet.com/2004-August/subject.html,The Qopending August 2004 Archive by subject,page,Mailing-list archives and services,review,Related mailing-list archive or service; decide its archival scope and static replacement separately.,,,3849,d4b242e9ec4260858173aa5c2512a321a875fba6656271bd9a25b50c70e430c7,False,False,
pipermail/qopending_dragonlordsnet.com/2004-August/thread.html,The Qopending August 2004 Archive by thread,page,Mailing-list archives and services,review,Related mailing-list archive or service; decide its archival scope and static replacement separately.,,,4811,40b9996ebec38733c855c7ba53850fe2e1010551ab2f8f91d4e00e01a6a7b727,False,False,
pipermail/qopending_dragonlordsnet.com/2004-July/000070.html,[Qopending] QOpending mailing list + Questions,page,Mailing-list archives and services,review,Related mailing-list archive or service; decide its archival scope and static replacement separately.,Queen's Own,,2638,8a496a7c7e9679e1da5e7a22bedc886eb93ff50f252c3bff9833c520998a6bcf,False,False,
pipermail/qopending_dragonlordsnet.com/2004-July/000071.html,[Qopending] QOpending mailing list + Questions,page,Mailing-list archives and services,review,Related mailing-list archive or service; decide its archival scope and static replacement separately.,Queen's Own,,3974,f488579664d5e685d457924209614ce62bdfabadf2e69a55a66b5693c682c147,False,False,
pipermail/qopending_dragonlordsnet.com/2004-July/000072.html,[Qopending] Word processors,page,Mailing-list archives and services,review,Related mailing-list archive or service; decide its archival scope and static replacement separately.,,,2695,6fd5210a8a8af2a143691f9054f24e16889bac8bbca6fefe621707e4c97777a6,False,False,
pipermail/qopending_dragonlordsnet.com/2004-July/000073.html,[Qopending] Word processors,page,Mailing-list archives and services,review,Related mailing-list archive or service; decide its archival scope and static replacement separately.,Queen's Own,,3654,f1ff82e6c03dc2d142e2cb919a988c8904352109be16a0428d849ec944870a5d,False,False,
pipermail/qopending_dragonlordsnet.com/2004-July/000074.html,[Qopending] Word processors,page,Mailing-list archives and services,review,Related mailing-list archive or service; decide its archival scope and static replacement separately.,,,2725,8142affd9aefc2504a4f7f47826649ac1b0b6d30484e59ac5f53d1647ebec343,False,False,
pipermail/qopending_dragonlordsnet.com/2004-July/000075.html,[Qopending] Word processors,page,Mailing-list archives and services,review,Related mailing-list archive or service; decide its archival scope and static replacement separately.,,,2992,7ecba87645a968e4277a543bd364edd1e45f1c4879c20f1973a45eb97eecfe8d,False,False,
pipermail/qopending_dragonlordsnet.com/2004-July/000076.html,"[Qopending] Re: Qopending Digest, Vol 4, Issue 1",page,Mailing-list archives and services,review,Related mailing-list archive or service; decide its archival scope and static replacement separately.,,,3324,f312d13c8487a1511e625207041161fd70b581f055daaa8b2c05cd2ec4e9f5c4,False,False,
pipermail/qopending_dragonlordsnet.com/2004-July/000077.html,[Qopending] Limits on Using 'Real Characters'?,page,Mailing-list archives and services,review,Related mailing-list archive or service; decide its archival scope and static replacement separately.,Valdemar,,3877,526aaf6bdb1becfd244cb2f588e8bf7bb793a1d103087b0aceaf5e8ebfed08e5,False,False,
pipermail/qopending_dragonlordsnet.com/2004-July/000078.html,[Qopending] QO:  King Arthur,page,Mailing-list archives and services,review,Related mailing-list archive or service; decide its archival scope and static replacement separately.,,,2515,f33a90db365a7114f63c5f9819088ad44ecd12a67a9e82f8bd4411de77c7bf52,False,False,
pipermail/qopending_dragonlordsnet.com/2004-July/000079.html,[Qopending] QO:  King Arthur,page,Mailing-list archives and services,review,Related mailing-list archive or service; decide its archival scope and static replacement separately.,,,2409,300a6f8c0510f95c204e1859b481105ae51090ab3cf27f7e7923e0b634d11dfa,False,False,
pipermail/qopending_dragonlordsnet.com/2004-July/000080.html,[Qopending] QO:  King Arthur,page,Mailing-list archives and services,review,Related mailing-list archive or service; decide its archival scope and static replacement separately.,,,4594,e178df5baf9eeff725c3f8ce4c73502377453f0598c55d56fd1a9b921f7d8525,False,False,
pipermail/qopending_dragonlordsnet.com/2004-July/000081.html,[Qopending] Question about Persona Creation,page,Mailing-list archives and services,review,Related mailing-list archive or service; decide its archival scope and static replacement separately.,,,2973,b70b846bd484133e2fceebd0774d848408d47f6e583eed3ab2300c71559711fc,False,False,
pipermail/qopending_dragonlordsnet.com/2004-July/000082.html,[Qopending] Question about Persona Creation,page,Mailing-list archives and services,review,Related mailing-list archive or service; decide its archival scope and static replacement separately.,,,2755,5e78f946d5f1af76895c8a0e6aed77038c6bc9f4175009f99e5619c978813e4e,False,False,
pipermail/qopending_dragonlordsnet.com/2004-July/000083.html,[Qopending] Question about Persona Creation,page,Mailing-list archives and services,review,Related mailing-list archive or service; decide its archival scope and static replacement separately.,,,3838,ec4687aab7b7a02b4ba000c1bfe860e0a26cb6f9d174f1adb7e36fad648833f9,False,False,
pipermail/qopending_dragonlordsnet.com/2004-July/000084.html,[Qopending] Persona submission material questions,page,Mailing-list archives and services,review,Related mailing-list archive or service; decide its archival scope and static replacement separately.,,,2497,bf9c5c533f5db440f28f187f803b856a90867f7f8fac1e954ea1bb6136ce229f,False,False,
pipermail/qopending_dragonlordsnet.com/2004-July/000085.html,[Qopending] Persona submission material questions,page,Mailing-list archives and services,review,Related mailing-list archive or service; decide its archival scope and static replacement separately.,Queen's Own,,4649,55c6ca5b6e12fafafe68e619122593316c74386e772663b40cef32f530e7950c,False,False,
pipermail/qopending_dragonlordsnet.com/2004-July/000086.html,[Qopending] Bioqoestion,page,Mailing-list archives and services,review,Related mailing-list archive or service; decide its archival scope and static replacement separately.,,,2572,bbc9c6e0cf2e18c8bf99c935d7eeadb1fc486d23445e176b2211de7261e60cce,False,False,
pipermail/qopending_dragonlordsnet.com/2004-July/000087.html,[Qopending] YOUR EMAIL ADDRESS HAS BEEN ADDED TO MY WHITE LIST,page,Mailing-list archives and services,review,Related mailing-list archive or service; decide its archival scope and static replacement separately.,,,3276,43e4e14619313ec5bf8192ad21aa2bcb9c0363440055007089337b8d17cf5945,False,False,
pipermail/qopending_dragonlordsnet.com/2004-July/000088.html,[Qopending] Bioqoestion,page,Mailing-list archives and services,review,Related mailing-list archive or service; decide its archival scope and static replacement separately.,Valdemar,,3320,41020f68d6fe9a50e52fb1e62cec1fd4464360a34e852641a5c65916d29304f4,False,False,
pipermail/qopending_dragonlordsnet.com/2004-July/author.html,The Qopending July 2004 Archive by author,page,Mailing-list archives and services,review,Related mailing-list archive or service; decide its archival scope and static replacement separately.,,,4784,f592b3d1039e938fb4724be7f0c3fb6705a1ab6d505ab969cf5bccc97463272e,False,False,
pipermail/qopending_dragonlordsnet.com/2004-July/date.html,The Qopending July 2004 Archive by date,page,Mailing-list archives and services,review,Related mailing-list archive or service; decide its archival scope and static replacement separately.,,,4788,715c4f890c9f46324d0dc13ea35f267417b40ca2118460b9cdf7f74765c59338,False,False,
pipermail/qopending_dragonlordsnet.com/2004-July/subject.html,The Qopending July 2004 Archive by subject,page,Mailing-list archives and services,review,Related mailing-list archive or service; decide its archival scope and static replacement separately.,,,4782,f4831b0c7179ff8ea6ec05836901bae9ba2f3e4585d6795e6c10d4d17bf8d2c8,False,False,
pipermail/qopending_dragonlordsnet.com/2004-July/thread.html,The Qopending July 2004 Archive by thread,page,Mailing-list archives and services,review,Related mailing-list archive or service; decide its archival scope and static replacement separately.,,,5567,1f2eefd4c8aaad13b7c6ae7c3cc435d05d83ac093e8916957c6e96ac37e0f973,False,False,
pipermail/qopending_dragonlordsnet.com/2004-June/author.html,The Qopending June 2004 Archive by author,page,Mailing-list archives and services,review,Related mailing-list archive or service; decide its archival scope and static replacement separately.,,,3210,2ab8f2861de6578e2ff56a43afc62ad914b8f30efff5c7d38f19edd49ab761a6,False,False,
pipermail/qopending_dragonlordsnet.com/2004-June/date.html,The Qopending June 2004 Archive by date,page,Mailing-list archives and services,review,Related mailing-list archive or service; decide its archival scope and static replacement separately.,,,3214,4388a5d4ce2ac2318f860a4559b67ccc8456c33bfc04f6db3e2e0f611ef01094,False,False,
pipermail/qopending_dragonlordsnet.com/2004-June/subject.html,The Qopending June 2004 Archive by subject,page,Mailing-list archives and services,review,Related mailing-list archive or service; decide its archival scope and static replacement separately.,,,3208,990f2d9bf72967a31edc89df9dd800afe29d4b65b2c1d30c8d19a8bbc02bc39f,False,False,
pipermail/qopending_dragonlordsnet.com/2004-June/thread.html,The Qopending June 2004 Archive by thread,page,Mailing-list archives and services,review,Related mailing-list archive or service; decide its archival scope and static replacement separately.,,,3601,46e6c98a7a162431ae82fa7ba8f280202b921e3c0efb2cd15f9491d08b65f304,False,False,
pipermail/qopending_dragonlordsnet.com/2004-May/author.html,The Qopending May 2004 Archive by author,page,Mailing-list archives and services,review,Related mailing-list archive or service; decide its archival scope and static replacement separately.,,,2631,7f00e2aea0ae019cab013822ca36118cb33903e87ed157d4296dc8f613f8c638,False,False,
pipermail/qopending_dragonlordsnet.com/2004-May/date.html,The Qopending May 2004 Archive by date,page,Mailing-list archives and services,review,Related mailing-list archive or service; decide its archival scope and static replacement separately.,,,2635,2c3e808d3bb6b6fd2ecbca334f4ef4578d9881922e051333732bfc2868ca0b21,False,False,
pipermail/qopending_dragonlordsnet.com/2004-May/subject.html,The Qopending May 2004 Archive by subject,page,Mailing-list archives and services,review,Related mailing-list archive or service; decide its archival scope and static replacement separately.,,,2629,07b5b9343e5ce24fc26a1028ad8ce23c1c5053d330ae4ca6c3293b87a8cd6fb7,False,False,
pipermail/qopending_dragonlordsnet.com/2004-May/thread.html,The Qopending May 2004 Archive by thread,page,Mailing-list archives and services,review,Related mailing-list archive or service; decide its archival scope and static replacement separately.,,,2930,e4aa29f15b7583d35f717c7e11998b591fc51004440ed8957d5daea292f714c9,False,False,
pipermail/qopending_dragonlordsnet.com/2004-September/author.html,The Qopending September 2004 Archive by author,page,Mailing-list archives and services,review,Related mailing-list archive or service; decide its archival scope and static replacement separately.,,,2505,562dea5cd6a3efe86a2b0251becc834c71e44d4727c662875068b151da915e06,False,False,
pipermail/qopending_dragonlordsnet.com/2004-September/date.html,The Qopending September 2004 Archive by date,page,Mailing-list archives and services,review,Related mailing-list archive or service; decide its archival scope and static replacement separately.,,,2509,e1f51d33925408bdd22d0402d870d9020c42fe8586787509685eafc4fcbf25da,False,False,
pipermail/qopending_dragonlordsnet.com/2004-September/subject.html,The Qopending September 2004 Archive by subject,page,Mailing-list archives and services,review,Related mailing-list archive or service; decide its archival scope and static replacement separately.,,,2503,0ac565dadee6a47963e9a194127bae316379f79f46b7d413319922f733159e31,False,False,
pipermail/qopending_dragonlordsnet.com/2004-September/thread.html,The Qopending September 2004 Archive by thread,page,Mailing-list archives and services,review,Related mailing-list archive or service; decide its archival scope and static replacement separately.,,,2840,662822680f5357efb1355d14a75ca91794c31383fc52ed7684a5292bcdc65332,False,False,
pipermail/qopending_dragonlordsnet.com/index.html,The Qopending Archives,page,Mailing-list archives and services,review,Related mailing-list archive or service; decide its archival scope and static replacement separately.,,,4885,c2a15b93e3484aa3fca29686880a4783f96c89a985eae3f63569a09547d6150f,False,False,
pipermail/vanyelfanclub_dragonlordsnet.com/2003-February/000129.html,[VanyelFanClub] OT...lotr trading cards,page,Mailing-list archives and services,review,Related mailing-list archive or service; decide its archival scope and static replacement separately.,,,7082,69064bb70e9ef5a2b03d900ea2e7660f9661bb6cb6e3d56995fd164f19bc919a,False,False,
pipermail/vanyelfanclub_dragonlordsnet.com/2004-April/author.html,The Vanyelfanclub April 2004 Archive by author,page,Mailing-list archives and services,review,Related mailing-list archive or service; decide its archival scope and static replacement separately.,Vanyel,,2705,d6ba679b9c3695eb9f9ee2a3f60a5076d0d7bdc68d4ea569611bf5cc71a36aac,False,False,
pipermail/vanyelfanclub_dragonlordsnet.com/2004-April/date.html,The Vanyelfanclub April 2004 Archive by date,page,Mailing-list archives and services,review,Related mailing-list archive or service; decide its archival scope and static replacement separately.,Vanyel,,2709,910946aec8c48ca93519cb2e78bd2a0e49b3c10b1d58d246cb63804f704a2c2c,False,False,
pipermail/vanyelfanclub_dragonlordsnet.com/2004-April/subject.html,The Vanyelfanclub April 2004 Archive by subject,page,Mailing-list archives and services,review,Related mailing-list archive or service; decide its archival scope and static replacement separately.,Vanyel,,2703,94a0b84f0cc512a83a6555f2a4cf5b02bf132af2f8cba2618675a3ccf74a398e,False,False,
pipermail/vanyelfanclub_dragonlordsnet.com/2004-April/thread.html,The Vanyelfanclub April 2004 Archive by thread,page,Mailing-list archives and services,review,Related mailing-list archive or service; decide its archival scope and static replacement separately.,Vanyel,,2970,c10de4cc3fb07397c99b5d63259cc68f5bcebf2a4c7ca1fddc3160b0debdbd3b,False,False,
pipermail/vanyelfanclub_dragonlordsnet.com/2004-August/author.html,The Vanyelfanclub August 2004 Archive by author,page,Mailing-list archives and services,review,Related mailing-list archive or service; decide its archival scope and static replacement separately.,,,2210,29c137c6b2e30e0314c6a238db021409a3c2689697baa8c5ee650eaa39838c74,False,False,
pipermail/vanyelfanclub_dragonlordsnet.com/2004-August/date.html,The Vanyelfanclub August 2004 Archive by date,page,Mailing-list archives and services,review,Related mailing-list archive or service; decide its archival scope and static replacement separately.,,,2214,db942eb1e01351d78f4d15c745ffbc466598925bb4b9fe7048fe816902b15193,False,False,
pipermail/vanyelfanclub_dragonlordsnet.com/2004-August/subject.html,The Vanyelfanclub August 2004 Archive by subject,page,Mailing-list archives and services,review,Related mailing-list archive or service; decide its archival scope and static replacement separately.,,,2208,d2f33cbdc0bedbca1fe7014c6dfbd5410ad5f2ab5ac622e13f404301eae7dc19,False,False,
pipermail/vanyelfanclub_dragonlordsnet.com/2004-August/thread.html,The Vanyelfanclub August 2004 Archive by thread,page,Mailing-list archives and services,review,Related mailing-list archive or service; decide its archival scope and static replacement separately.,,,2383,8c43b7b601ac582a978c34550a08096a7a34b2e5e6f6802f0c5c35e6272f6b93,False,False,
pipermail/vanyelfanclub_dragonlordsnet.com/2004-July/author.html,The Vanyelfanclub July 2004 Archive by author,page,Mailing-list archives and services,review,Related mailing-list archive or service; decide its archival scope and static replacement separately.,,,4867,97f2139749afc164e98b5d1d98782402272ef1a6f50c26dfc25051d75ad1cb87,False,False,
pipermail/vanyelfanclub_dragonlordsnet.com/2004-July/date.html,The Vanyelfanclub July 2004 Archive by date,page,Mailing-list archives and services,review,Related mailing-list archive or service; decide its archival scope and static replacement separately.,,,4871,9f24f1ccf4a7e7a8ae855ceec90bd81c06edf2b34c38d46688abfa92be41d67f,False,False,
pipermail/vanyelfanclub_dragonlordsnet.com/2004-July/subject.html,The Vanyelfanclub July 2004 Archive by subject,page,Mailing-list archives and services,review,Related mailing-list archive or service; decide its archival scope and static replacement separately.,,,4865,7f5f7c4431eb1cfd9d3250f9492cf61ea8457e8dfcc2bac27a8ee05a9b7f23c5,False,False,
pipermail/vanyelfanclub_dragonlordsnet.com/2004-July/thread.html,The Vanyelfanclub July 2004 Archive by thread,page,Mailing-list archives and services,review,Related mailing-list archive or service; decide its archival scope and static replacement separately.,,,5661,3d313005bf9e4006d5bc324da693d179e91987e1b33e514a7cddfd62a757f1d4,False,False,
pipermail/vanyelfanclub_dragonlordsnet.com/2004-June/author.html,The Vanyelfanclub June 2004 Archive by author,page,Mailing-list archives and services,review,Related mailing-list archive or service; decide its archival scope and static replacement separately.,,,3938,3eec36a0bad3fbc95b64cc72cfb349f7ca7585c282af0d252c12fade2db619bf,False,False,
pipermail/vanyelfanclub_dragonlordsnet.com/2004-June/date.html,The Vanyelfanclub June 2004 Archive by date,page,Mailing-list archives and services,review,Related mailing-list archive or service; decide its archival scope and static replacement separately.,,,3942,1890b0a8322d76eaeaa8040693a7b44088e699eda49c99a8e38c0b78a0ce4f31,False,False,
pipermail/vanyelfanclub_dragonlordsnet.com/2004-June/subject.html,The Vanyelfanclub June 2004 Archive by subject,page,Mailing-list archives and services,review,Related mailing-list archive or service; decide its archival scope and static replacement separately.,,,3936,4606e01eca6cabba9bba55bbade2958cfa809de59caae6991184a9420b844a39,False,False,
pipermail/vanyelfanclub_dragonlordsnet.com/2004-June/thread.html,The Vanyelfanclub June 2004 Archive by thread,page,Mailing-list archives and services,review,Related mailing-list archive or service; decide its archival scope and static replacement separately.,,,4739,9d936c397f8a00b0b9b2a7c82005905c25d5ab8568d75af7fbffd67005fec30b,False,False,
pipermail/vanyelfanclub_dragonlordsnet.com/2004-May/author.html,The Vanyelfanclub May 2004 Archive by author,page,Mailing-list archives and services,review,Related mailing-list archive or service; decide its archival scope and static replacement separately.,,,9020,c5bfac70b0c7fdac6845be486ee613ae8c0bf075b3414cd6e4b1ebed6bc5a51c,False,False,
pipermail/vanyelfanclub_dragonlordsnet.com/2004-May/date.html,The Vanyelfanclub May 2004 Archive by date,page,Mailing-list archives and services,review,Related mailing-list archive or service; decide its archival scope and static replacement separately.,,,9024,8bd7dc466c2466a3dc1d558efabcc1d9ab4c6ca211ea051074f325539b702e43,False,False,
pipermail/vanyelfanclub_dragonlordsnet.com/2004-May/subject.html,The Vanyelfanclub May 2004 Archive by subject,page,Mailing-list archives and services,review,Related mailing-list archive or service; decide its archival scope and static replacement separately.,,,9018,c635580c476d74c9be2aa6db516a9d84b84ae0d7a0aa99c1e8d60d4bdebbcd31,False,False,
pipermail/vanyelfanclub_dragonlordsnet.com/2004-May/thread.html,The Vanyelfanclub May 2004 Archive by thread,page,Mailing-list archives and services,review,Related mailing-list archive or service; decide its archival scope and static replacement separately.,,,12278,6a42232a20596ca374436e4f8bb549ee442bef3899c8bfd321b34dfb35aa1ed4,False,False,
pipermail/vanyelfanclub_dragonlordsnet.com/2004-September/author.html,The Vanyelfanclub September 2004 Archive by author,page,Mailing-list archives and services,review,Related mailing-list archive or service; decide its archival scope and static replacement separately.,,,5856,c5d0115c4451bef2024a40bc612e2edef0c3b9468209a24bed7fea35b3056021,False,False,
pipermail/vanyelfanclub_dragonlordsnet.com/2004-September/date.html,The Vanyelfanclub September 2004 Archive by date,page,Mailing-list archives and services,review,Related mailing-list archive or service; decide its archival scope and static replacement separately.,,,5860,ebc3a820c896de62d9a0afac0730db8e03043349c5dc6932ddb0fd076b2d6a74,False,False,
pipermail/vanyelfanclub_dragonlordsnet.com/2004-September/subject.html,The Vanyelfanclub September 2004 Archive by subject,page,Mailing-list archives and services,review,Related mailing-list archive or service; decide its archival scope and static replacement separately.,,,5854,c193621bda502b53e5fd93a9c01b81abcc6eb313b04d5e7785261b3cf8951f8b,False,False,
pipermail/vanyelfanclub_dragonlordsnet.com/2004-September/thread.html,The Vanyelfanclub September 2004 Archive by thread,page,Mailing-list archives and services,review,Related mailing-list archive or service; decide its archival scope and static replacement separately.,,,7742,6662238a710ac72f782e0814a0ff8b921cfdf2935bb9d755d70fb3f1fccd3d5a,False,False,
pipermail/vanyelfanclub_dragonlordsnet.com/index.html,The Vanyelfanclub Archives,page,Mailing-list archives and services,review,Related mailing-list archive or service; decide its archival scope and static replacement separately.,,,11262,bfcbf2530a7e2645910ad5ca53740d179d4dfba977feca207816826133783d4f,False,False,
plateau.gif,,asset,,retain,,,,50257,f57ad6c9bf5061cc6a569015ec9f9bb8b9cfff8a980a7dbb436bba08ea052004,False,False,
poetry.htm,Poetry,page,Dragonlords or unrelated content,retain,No identified Queen’s Own or Velgarth evidence in this page.,,,13987,c279f0a7676c2bf7118922d75d38fe3580688b8eb0234e82374a5b8f9867cacc,False,False,
preport.htm,Priest Report Kit,page,Dragonlords or unrelated content,retain,No identified Queen’s Own or Velgarth evidence in this page.,,,2306,49406085df96d522d9ee1a6bfc7c3146f9558246c7bed096a187f25a62f7ea9c,False,False,
present.gif,,asset,,retain,,,,2522,104a3df47c77b2f15a9ff0ee13ec1eedf5068d8742e8359a705d266ca340bc43,False,False,
pribbon.gif,,asset,,retain,,,,536,901da685a24b018d440c203adf395b98a02b34dba8436f80a4c6ffb1643b6e9c,False,False,
priest.htm,Priest Kit,page,Dragonlords or unrelated content,retain,No identified Queen’s Own or Velgarth evidence in this page.,,,7170,0e992fffa159eb12d4b4f62cb71354e8aeda528b8041be4eb2c7535d8edc807e,False,False,
puma.gif,,asset,,retain,,,,10326,eb27be53d32d2d8b75da15e36d140278ce0a70532e8698f09b6890f0b98255eb,False,False,
pwotw5.gif,,asset,,retain,,,,12445,981d4190307084992ba627c6d0dc3b87631bd06cc563adeb4e725e3e2b812272,False,False,
racer.gif,,asset,,retain,,,,44683,c5f10b1c29483ab7607927f33ee92b332d53552284c8d5adab62e57ca2d86d62,False,False,
racers.htm,Racers Kit,page,Dragonlords or unrelated content,retain,No identified Queen’s Own or Velgarth evidence in this page.,,,29730,767fd84e77b56a3ad25f305c9a58e4e2483d7c584cba650bb25ab66056b9689c,False,False,
rain.html,Ribbon of Universal Love,page,Dragonlords or unrelated content,retain,No identified Queen’s Own or Velgarth evidence in this page.,,,2020,c7cb771c8570af973f8b56fc850bd0f688bf511da48249368d6e82cbef7af4fa,False,False,
rainbar.gif,,asset,,dependency,,,,3332,b67fc3396711648f2dc680ff54847ceda62a5538f80d1caf2ffae59db3fb72b3,False,True,danspell.htm; danya.htm; vfcchat.htm; vfcgate.htm; vfcgates.htm; vfcindex.htm; vfcjoin.htm; vfcnews.htm; vfcpres.htm; vfcqa.htm
rainbul.gif,,asset,,retain,,,,177,549ba07f3f7f763129ac83b69153716699440e0e5f77bf7cf2709c0cc34acf67,False,False,
rainring.gif,,asset,,retain,,,,2771,942e0789b18be9371655583dc7e026fd604227c30d178d5760240349496b5df4,False,False,
rashbc1.htm,*Rainier's Base Camp*,page,Dragonlords or unrelated content,retain,No identified Queen’s Own or Velgarth evidence in this page.,,,2951,dec950a356175e1a3717d5dcae5e3a3c1997072e8a1dc0f0b2aec6ee0b25e54b,False,False,
rashbc1a.htm,*Adjunct Rashtaran Base Camp 1*,page,Dragonlords or unrelated content,retain,No identified Queen’s Own or Velgarth evidence in this page.,,,1551,d2a994fbaf26c3d88fb5ea7c2ebc7e90fee34dfecfada7e28d8ace7ca7ab2fd6,False,False,
rashbc1b.htm,*Adjunct Rashtaran Base Camp 2*,page,Dragonlords or unrelated content,retain,No identified Queen’s Own or Velgarth evidence in this page.,,,1840,4141172eb279a34cc4b125286d2660ca1ef17a9f60cc668587b04f76624af164,False,False,
ravi.gif,,asset,,retain,,,,57545,c2355831f47351b74edc4f4582ebe9dd55d5d75fc1c36efc657ddfcc926e86ef,False,False,
recipes.htm,Herald Danya's Cookbook,page,Shared club resources,migrate,"Dedicated club, chapter, publication, persona, or Velgarth material.",Queen's Own,imported-danya-winterborn.md; imported-danyas-cookbook.md,20838,8c956a93468010c55ef3fe02fabf80a5b4c7e7e4cc2382943bc65cfbfeca4e0c,False,False,
recipes.zip,,asset,,dependency,,,,13284,11cdd9e798e6d63024aac59b562a7a27dfc901c4e2701bdc899b56927fc55bc6,False,True,danya.htm
redb.jpg,,asset,,shared_existing,,,,10339,5a9e73557dd52872cb0371bd37921f0a736afba038d298643bb038b684f1e6db,True,True,
reisel.gif,,asset,,retain,,,,20736,823e336f8d612e1bcca79dc0b16860c5923285121bf27aed6b638344b7832f55,False,False,
release.htm,Release Form,page,Dragonlords or unrelated content,retain,No identified Queen’s Own or Velgarth evidence in this page.,,,9469,4e6c2436dd242ca081a1fae4327edd0dfdccb871dac6e51688652b47d0308955,False,False,
religion.htm,Religion,page,Dragonlords or unrelated content,retain,No identified Queen’s Own or Velgarth evidence in this page.,,,2722,91ff384cd2774f78f72f142503c561d819a253ade3594d1b6826819322516511,False,False,
retail.gif,,asset,,retain,,,,7169,5ea7d969c62f20d78b8b0630ff89e619884e508f1d8e7cfe0692f1cdb2f597dc,False,False,
ribbon.gif,,asset,,retain,,,,35283,17eafaaf70582290ad7e88ae7e9e6b3bafc7bd8cb5d00b470c2c7a2a3b728184,False,False,
right.gif,,asset,,retain,,,,1797,ea8e6d4ddb321de226e191aab2effcc811dcec9fbbe94ae276e7ca87e592da16,False,False,
ringofawards.jpg,,asset,,retain,,,,7823,9bfb4795bfedb6e2699dc78aceb0a5f152dcd747664b64c854f53d53dd199fee,False,False,
ringpanl.gif,,asset,,retain,,,,15434,d4ec8c6ddfbf343a285d2d42c2a46f69867def33f5ecf375001065629ad8dad2,False,False,
ringsm.gif,,asset,,retain,,,,3028,8393ee689a0a8ec639f617c618a206d9b403ff77e28c8338381783971d777e76,False,False,
robots.txt,,asset,,retain,,,,0,e3b0c44298fc1c149afbf4c8996fb92427ae41e4649b934ca495991b7852b855,False,False,
rowan.gif,,asset,,retain,,,,14623,82bf1b8a99e51b56e3880cbd25446038312aaf2d9e4f47aa70d03c2e4ef866d0,False,False,
rsoimp.gif,,asset,,retain,,,,57976,21ca887d67d0a9265302889f8a37a3c377a31eb64e7bab02c4bf8cd6c10a3d9a,False,False,
sand.gif,,asset,,retain,,,,4081,c73fce23b2b57a9edd7752112b35166585f898caa1647b04ba1883153b2d70d2,False,False,
scribe.gif,,asset,,retain,,,,31575,95b9245493b87e7025eb38014ab24c59b1ec933acad41e5145f2d6cd066b1024,False,False,
script.htm,Available Scripts,page,Dragonlords or unrelated content,retain,No identified Queen’s Own or Velgarth evidence in this page.,,,3047,40e718e5494d9cd8b5e81fe90d3f4dfbb84afc0472c747c9ca2a310511dc6d06,False,False,
scythia.jpg,,asset,,retain,,,,5205,9697b10181c5549940428c7d9e55edfe0a8c1579cdebbb13b6685996e306ee1b,False,False,
serak.gif,,asset,,retain,,,,598,9e4fd9b42995136a9981831dc0ebdfddb3b727cdd1865bb758f5b393fd71b4ad,False,False,
seraphe.gif,,asset,,retain,,,,24079,886f79c6b2e28cbd65c4c9a0d6bd9b625ef5095c99122667cc5dcaa3f1c7b884,False,False,
sfc1.gif,,asset,,retain,,,,18090,9b9663f175c4d099e27e7de315f1c2ff56cd86fdec4c1c596267edf77cca37a9,False,False,
sfc2.gif,,asset,,retain,,,,15424,524cbf1e62fd703febc1d2907946840268dd13adf79dbd145f7d7d87400a63da,False,False,
shashtah.gif,,asset,,retain,,,,36889,d094592c41bffe682f236d81a69be8bc8a4a2ff4c8e4d76698c302852e2f2994,False,False,
sm_dvseal.gif,,asset,,retain,,,,4175,403668c750467e15571a5e60fbc8582154df19410da3810bfc3f7f0c7f6d7afa,False,False,
sm_seal.gif,,asset,,retain,,,,2341,e2fd80e027bc07ed3919774b2f47fd026b33645a34c21b2230936d85b5e70142,False,False,
snake2.gif,,asset,,retain,,,,2983,5a7c760c7edca68b76ec865077f5183fc30c273b6c10710399885359255578c6,False,False,
snkcharm.gif,,asset,,retain,,,,19112,cca288fe3da17e90f29886d97871e65d519ef2019ab99673d09b139b6927b996,False,False,
sorcer.gif,,asset,,retain,,,,13770,8da4e6b7e3757e608248bede2992130aacda9f2db49fefe6f8d01540eb965a4f,False,False,
southern2.gif,,asset,,retain,,,,24453,adfb00a7aef5d4449887c9b6881020361944d5d5e1ad66cbf40d7afd81031bd9,False,False,
space.gif,,asset,,retain,,,,5967,7295f93937e73406e89bbb3b40dd0ea42834fc859dcef1f97d94568f0c20e4fe,False,False,
special.htm,Special Honors,page,Dragonlords or unrelated content,retain,No identified Queen’s Own or Velgarth evidence in this page.,,,1510,3d6d941cdf10912dea6b7ac5400db08cb822446e7a350df4fe8d9994c97219a7,False,False,
special.jpg,,asset,,retain,,,,38475,6a88ea1635873b5ae1a116ea5e3f9a67268ba57fe1344a7e676719a6c41af61f,False,False,
spy.gif,,asset,,retain,,,,29626,c571354ee9e1216853bece56c86060271790dbe4c806853decb6a15a800af25d,False,False,
stairaward.gif,,asset,,retain,,,,8100,8fc48b55229181297be5047050d51d7071479958bd2837aa5fc6dba297de1caf,False,False,
stoles2.jpg,,asset,,retain,,,,12827,d3dd210b77fde544559fd018c201eca1378f401e0cb64133b33ec9f25425969c,False,False,
stpats.jpg,,asset,,retain,,,,13667,926ecf263e955436d7f133a7044840f23a41499fbc102b4cec296b10e71b7c02,False,False,
submit.htm,Submission Guidlines,page,Dragonlords or unrelated content,retain,No identified Queen’s Own or Velgarth evidence in this page.,,,36549,524b312bf5c07f8d2607b3e076ac19cef2e46580bdcb0d28ae790f7f35ce32ba,False,False,
sun2.gif,,asset,,shared_existing,,,,3424,dcef5777ca598aafe004f271b804e2cf97ffe30281070ffb6beffcf106ae0c79,True,True,
sword1.gif,,asset,,retain,,,,8084,a1da48d0598b1c21c85e682d3631a72772667fdf4467bbfc134c805bef0b7fd6,False,False,
sword2.gif,,asset,,retain,,,,1130,09852dfadeeb81ebc75dbe2734e8bca26ffe99be1b6d64aad335e9f7ad1e0618,False,False,
tam.gif,,asset,,retain,,,,1033,039c67dae656eea3efadd33269b48c36e0e627891121011c8d43199bcecc0abf,False,False,
tar.gif,,asset,,retain,,,,1350,7fd31462288ff04f3248898a366c8f7b7aff6fbfeb9c7fd274a1a14d940f1817,False,False,
teddy.gif,,asset,,retain,,,,12713,ed4f4fd7f70d5234ea9af0a4df6355a30cbe37145754a46afb39efe75b676c05,False,False,
terrain.htm,Terrain,page,Dragonlords or unrelated content,retain,No identified Queen’s Own or Velgarth evidence in this page.,,,7736,bffce718eeafeb549813ae23470dbe13b362089ddd671248e8c1e0b61c4707e4,False,False,
thief.htm,Thief Kit,page,Dragonlords or unrelated content,retain,No identified Queen’s Own or Velgarth evidence in this page.,,,5652,8d7886c8e8d8e477e3afd26b7577c47d107119f49b191ee5b0c1954dbab09477,False,False,
thomas1.jpg,,asset,,retain,,,,4716,55631f9f58a0c3dc88175504963739118acbdcb0a2ebcabcf9a867fca4d9fcf9,False,False,
thomas2.jpg,,asset,,retain,,,,7094,e487837c92a164e7dc0d49ddedb4d72aeca41c91b6b1eaf90222bc3028cb60f7,False,False,
thomas3.jpg,,asset,,retain,,,,2352,3c784bf7a36711de77dffb80b775d158034166479fa3ad740c4cc335fee021b0,False,False,
thomas4.jpg,,asset,,retain,,,,2475,2dd6b70eed9a102ebd7d665a826fab8004134e58ba76fff0cea5428e67d29650,False,False,
thomas5.jpg,,asset,,retain,,,,1996,492afbe2c93b730c54524735eda44fa5d24dab6c7b8fbed0ddbce6699921e10d,False,False,
thomas6.jpg,,asset,,retain,,,,1950,08caa2bdca17a3e7dcabeafd1d8c7aadd3ee69e8202840013c9e0e2958edb3c0,False,False,
thomas8.jpg,,asset,,retain,,,,3952,06d37669f45df0db707609d3bf68b3c59420f9fe3e1628a9a85c563b6c84fab2,False,False,
thomas9.jpg,,asset,,retain,,,,2722,2f23d64210e6d0d01db342498f27b6f3d9935a46b84ace2428225d1b49605610,False,False,
tigerlink.jpg,,asset,,retain,,,,6039,536c55c3589990d3e434c32405b604736d86b430d2cc9346f584a01865d6063c,False,False,
tile11.gif,,asset,,dependency,,,,3901,63b98d42f68c69dc28f93c4cb140ae88504d4dc10616ebbc8c88014a2357b4ce,False,False,danyacc.htm
timegen.htm,General Timeline,page,Dragonlords or unrelated content,retain,No identified Queen’s Own or Velgarth evidence in this page.,,,29763,8b2cce99f22b3e9ac241b9ba7d9ff876a700b311f7bcc60022ba8bcaf5636f6e,False,False,
timemr.htm,General Timeline,page,Dragonlords or unrelated content,retain,No identified Queen’s Own or Velgarth evidence in this page.,,,4920,40928b4743e7eb6fe31931ca6b4b0f4b2da996fab410157647ba7757a4dfe9de,False,False,
timerot.htm,Rotations,page,Dragonlords or unrelated content,retain,No identified Queen’s Own or Velgarth evidence in this page.,,,17941,14187c1f0c88ef2d45347b60fc4a8a92ab2bb8e2dacf4143851f499bc4c26af4,False,False,
topsite1.jpg,,asset,,retain,,,,23840,5e51a8b698492aab9bae66ee1a0702d9d06f73fc1962620043d6d70e270e175e,False,False,
topsite2.jpg,,asset,,retain,,,,5469,1359de54242adcf7e7502886929cf8f701cabde58cf24a3d281b22d791e1896c,False,False,
tor.gif,,asset,,retain,,,,15283,7a77507c8ca823e89ef5ce1d96e00eef0483b919084fb6aad51abc2823a81cf7,False,False,
tor1.gif,,asset,,retain,,,,5418,1fad2e9e877cab9d8664c4283ab382d306ce11d2b024a938ad8504f3c0d05090,False,False,
tor2.jpg,,asset,,shared_existing,,,,11974,70fa0c06aec0559488d4957e88f7e54ac827c2d21e26a1ac826fa94ab41a91fe,True,True,
torch1.gif,,asset,,retain,,,,13045,c9fede383eddc8d8b0cae5e30b380b3c18c853714ce1387ab55105515db37b78,False,False,
toys_80x80.gif,,asset,,retain,,,,2710,51af4c9a4420ba81a05a6a5ab5bef126f6d4b9bb0eb4d44b2bf608167633b6f1,False,False,
train.gif,,asset,,retain,,,,28956,117929f86f29c66c28023b9698dfb8d1df0736a2a84533c2f08d269e53a28861,False,False,
train2.gif,,asset,,retain,,,,55124,dfb3c3f53da06346a025006870eb64c6253934992e315f750a2b5fc1234f015c,False,False,
tramson1.gif,,asset,,retain,,,,25602,0eca70063923493b08f73da87797efcb74d02dc10d56a662c418882f733f3cc5,False,False,
tramson2.gif,,asset,,retain,,,,18322,73a7987deb166ff67e96881d0e12b6c2f0005e094b9f7acdfdf0e1da1affda02,False,False,
treas2.jpg,,asset,,retain,,,,37298,57e41a1af29681fd3bf1a4f33a6b80f5ebdbfb6c1baf481797332a565f4e6144,False,False,
tunic.gif,,asset,,retain,,,,4031,ad2ece008b4df1bce56ae824b78f4436904369dc821c20d5ce984060cd5d6c62,False,False,
ufo.gif,,asset,,retain,,,,24403,e1575aa08c7deeeed6af99ff2e00178f5dbe9c93a2a2aeb5ce729fc06a1ca9d5,False,False,
val.jpg,,asset,,retain,,,,6908,cf91df4d25bb9f3e7cc8da24fe64734c427a8ec1df11f9df265e21ef6fd70697,False,False,
verycool.gif,,asset,,retain,,,,8448,51412b0d0085fa420e6a3ab90933bd2ceb93d0b3cc6f770ec153bd0958f63c2d,False,False,
vfcchat.htm,Vanyel Fan Club--Chat List,page,Vanyel Fan Club,migrate,"Dedicated club, chapter, publication, persona, or Velgarth material.",Vanyel; Herald-Mage,imported-vanyel-fan-club--faq.md; imported-vanyel-fan-club--heralds-haven-gate.md; imported-vanyel-fan-club--join.md; imported-vanyel-fan-club.md; qojan03.htm.md; qojun04.htm.md; qomay04.htm.md,2674,49329b309d4e5af496f7316c42c28cde4edc75ee2f072cdf4bb2cbcf97b510fd,False,False,
vfcfronta.jpg,,asset,,dependency,,,,83572,939764cdb42612b2f6aa6a7274e6e6208401f3055d19cdd611b27430e325a270,False,True,vfcindex.htm
vfcgate.htm,Gate to Heralds' Haven,page,Vanyel Fan Club,migrate,"Dedicated club, chapter, publication, persona, or Velgarth material.",Vanyel,imported-vanyel-fan-club.md,1037,f5551bde1d492a51b2b00445c74fe8eb0d55ea66b204b710026e97faea100b04,False,False,
vfcgate.jpg,,asset,,dependency,,,,15595,b993347e4d4a0e8c9fc209037a84d68eef4310267d50b57479ee1b6b3a80c7dc,False,True,vfcgate.htm
vfcgates.htm,Heralds' Haven,page,Vanyel Fan Club,migrate,"Dedicated club, chapter, publication, persona, or Velgarth material.",Vanyel; Herald-Mage,imported-vanyel-fan-club--heralds-haven-gate.md,989,feb138afeeb14ae4da982885049d2292613fc838276abf0d55e6347017107775,False,False,
vfchgn.jpg,,asset,,dependency,,,,27359,df5f650ac5457600c9a23457212c431204345d0a8871f05a0091b083e7b7b99b,False,True,vfcgates.htm
vfcindex.htm,Welcome to the Vanyel Fan Club!,page,Vanyel Fan Club,migrate,"Dedicated club, chapter, publication, persona, or Velgarth material.",Valdemar; Queen's Own,imported-danya-winterborn.md; imported-reincarnated-characters.md; imported-vanyel-fan-club--chat.md; imported-vanyel-fan-club--faq.md; imported-vanyel-fan-club--heralds-haven-gate.md; imported-vanyel-fan-club--heralds-haven.md; imported-vanyel-fan-club--join.md; imported-vanyel-fan-club--newsletter.md; imported-vanyel-fan-club--president.md; imported-vanyel-fan-club.md; qoapr01.htm.md; qoapr02.htm.md; qoapr03.htm.md; qoapr04.htm.md; qoapr05.htm.md; qoaug00.htm.md; qoaug01.htm.md; qoaug02.htm.md; qoaug03.htm.md; qoaug04.htm.md; qoaug05.htm.md; qochap.htm.md; qodec00.htm.md; qodec01.htm.md; qodec02.htm.md; qodec03.htm.md; qodec04.htm.md; qofeb01.htm.md; qofeb02.htm.md; qofeb03.htm.md; qofeb04.htm.md; qofeb05.htm.md; qofun.htm.md; qojan01.htm.md; qojan02.htm.md; qojan03.htm.md; qojan04.htm.md; qojan05.htm.md; qojul01.htm.md; qojul02.htm.md; qojul03.htm.md; qojul04.htm.md; qojul05.htm.md; qojun01.htm.md; qojun02.htm.md; qojun03.htm.md; qojun04.htm.md; qojun05.htm.md; qolinks.htm.md; qomar01.htm.md; qomar02.htm.md; qomar03.htm.md; qomar04.htm.md; qomar05.htm.md; qomay01.htm.md; qomay02.htm.md; qomay03.htm.md; qomay04.htm.md; qomay05.htm.md; qonov01.htm.md; qonov02.htm.md; qonov03.htm.md; qonov04.htm.md; qooct01.htm.md; qooct02.htm.md; qooct03.htm.md; qooct04.htm.md; qosep01.htm.md; qosep02.htm.md; qosep03.htm.md; qosep04.htm.md; qosep05.htm.md,1197,8fca34879710f4e7e125e32bba595668f3c010dcf908854e33c682e312107f3b,False,False,
vfcjoin.htm,Join the Vanyel Fan Club!,page,Vanyel Fan Club,migrate,"Dedicated club, chapter, publication, persona, or Velgarth material.",Vanyel,,803,e6f772f4a6e0019a7425854e60100ed93a2738747b14d6469402e93c5ab1d1de,False,False,
vfcmail.jpg,,asset,,dependency,,,,66817,8c166aec914c4d7d4dba9b5ac90c0c81e69cf9f0abd9614a771248495550eb6f,False,True,vfcchat.htm
vfcnews.htm,The Valdemaran Herald,page,Vanyel Fan Club,migrate,"Dedicated club, chapter, publication, persona, or Velgarth material.",Valdemar; Queen's Own; Vanyel; Herald-Mage,imported-vanyel-fan-club.md; qofanfic.htm.md,5195,2541209112db6224a1216f3d334622df7b684461e0bf6439986e895e4719bfef,False,False,
vfcp.jpg,,asset,,dependency,,,,66262,ac9f7689474f3232c21010d46d66cd55874b12e928bc403430e09132be771bbf,False,True,vfcpres.htm
vfcpres.htm,About the Vanyel Fan Club President,page,Vanyel Fan Club,migrate,"Dedicated club, chapter, publication, persona, or Velgarth material.",Vanyel,imported-vanyel-fan-club--faq.md,1116,816e8962256eacbdb1c0439d516ded309fc33a46ebe9aef9b4fb22bab0dd0960,False,False,
vfcqa.htm,Vanyel Fan Club Q&A,page,Vanyel Fan Club,migrate,"Dedicated club, chapter, publication, persona, or Velgarth material.",Valdemar; Queen's Own; Vanyel; Herald-Mage,imported-vanyel-fan-club.md,7047,cfd068b75d356353b33cad4459869f1b1d7857e418151b45e501c47c4ed9ed0b,False,False,
vfcqa.jpg,,asset,,dependency,,,,56054,368e65ff757cbe5d56dca4f108238c3c7bc066cc2e4ba4cea356382abab34463,False,True,vfcqa.htm
vid1.jpg,,asset,,dependency,,,,5385,377bc3da1f2f42703b5e70bff740dc019f1c7d86de96a70e4545b8d747de1e0b,False,False,crrev.htm
vid11.gif,,asset,,retain,,,,1766,396d4455bb03dd70e4b1db5c19dced4828f8739af0a1f76d568f35139b1ee892,False,False,
vid12.gif,,asset,,retain,,,,912,046a3449cef8a0ed5d4365d70fdee6b8d804e9458b8ac5bb2c29eb795af7e20c,False,False,
vid16.gif,,asset,,retain,,,,1527,f6537d3bbe80099edc33c71313bbb3898dc400a5f1a64145ebc0cee0fb468b0a,False,False,
walk.gif,,asset,,retain,,,,26546,60b509efbaf24b276c2cb511efd9bcaadcb015e81fda8539fd8317976b999ed5,False,False,
warrior.htm,Warrior Kit,page,Dragonlords or unrelated content,retain,No identified Queen’s Own or Velgarth evidence in this page.,,,10304,13174d089c6e633e9e75ea07360bc9e62889cc08ccc6d0ae93e09487c92b4ded,False,False,
wbelt.gif,,asset,,retain,,,,5355,da3e3d4dc667527557a8c67894779286b532ac64047de7e7bd427df713880364,False,False,
wcamel.gif,,asset,,retain,,,,6198,8af1dfcaab70c5fdcc10bea3d3e4bcc2139290e3f5a4ec30636654cc21b07c19,False,False,
wdjel.gif,,asset,,retain,,,,4561,71ff789e3a6a116117aab6e09222794bf7b427a0cb5e9631abda1b3103977c1b,False,False,
wdquest.gif,,asset,,shared_existing,,,,27165,591cfab123b58e2be89c2f4bdf3f8d5b641e98e55f15352738a386d7ca6e22b1,True,True,
wdragon.gif,,asset,,retain,,,,32100,806afa8e15cd03611b58aac11354eae86e7adf127f89749abbe27be4b67bcf91,False,False,
web.gif,,asset,,retain,,,,19803,7c4298bc22ec496c623cf7289d388971e27264bc28b14139da58a858bd647ebe,False,False,
wizard.gif,,asset,,retain,,,,17725,bf21e1c65ba5145c3c3f75fc691eb1ea6f9f81ab1fe92b5473dbcfc93a514872,False,False,
wizard.htm,Wizard Kit,page,Dragonlords or unrelated content,retain,No identified Queen’s Own or Velgarth evidence in this page.,,,18111,a941c6158f2bd2b89a567743900d18ea36ea927a78225d424089d97bfe3846f9,False,False,
wizweb.gif,,asset,,retain,,,,9843,4e895e54d854755edf171ac86403967c38a0d4b0e283e8f9284334a7cbcb166c,False,False,
wolf.gif,,asset,,retain,,,,16958,72c0b921b3fb282a9b86263942d9762e6fd8df4d653c0888bb046bd443246ac4,False,False,
wolf097.gif,,asset,,retain,,,,13490,7db053305ab79047a95e6f1f763af7d088b69f0ad15d3490faea1d7124efedf0,False,False,
wolf1a.gif,,asset,,retain,,,,15939,ca2dd90a46b2ae4b4428c1228da52f38017694aaa39c1e3b296914faceac3d0b,False,False,
wolf2.gif,,asset,,retain,,,,1076,90464f18db71c7b41d6107687283cee9e0a3679c9dfd3fa8c6b7535ba40175f0,False,False,
wolfhug.gif,,asset,,retain,,,,7326,1ac09359ba25fbaaa20ece4ae87f3ae6fa0a6f444beacd6cdef8d22a8c86c087,False,False,
wolfhwl2.gif,,asset,,retain,,,,13737,33d50519596b63950650aee985a3328a177dc48b696a50b423e4607001427e39,False,False,
wolfr.gif,,asset,,retain,,,,1925,33fd33d2757a62aff512d8907dc6dadcfe9ebdef3185346da59507af6461cbc7,False,False,
wolfy.gif,,asset,,retain,,,,4379,d8d9d55d9b07b84d7d8473c072ea2da463d14a40491344af5b17bf6cadab0d98,False,False,
wpants.gif,,asset,,retain,,,,3831,d35e962ce03c1c423aa19f2a351c4222fc2995d9857fff205d700d954edcc692,False,False,
wrdlords.htm,Dragonlords Webring,page,Dragonlords or unrelated content,retain,No identified Queen’s Own or Velgarth evidence in this page.,,,2710,8f7055ba68c363f7d3aade7b0e36bdb72df38612d3d42bca0482915e9ce3ff5f,False,False,
wreport.htm,Warrior Report Kit,page,Dragonlords or unrelated content,retain,No identified Queen’s Own or Velgarth evidence in this page.,,,2246,108b57af0409e5e32a7a6340acb560000a8d3c20c1ddf00eacc38460749874f6,False,False,
wres.htm,Writing Resources,page,Dragonlords or unrelated content,retain,No identified Queen’s Own or Velgarth evidence in this page.,,,1015,420c8ff8d4b0da599a6321add2cb4304f7c6eec2b3177ffd9cf319f5fef5cfc1,False,False,
write.htm,Dragonlords' Scriptorium,page,Dragonlords or unrelated content,retain,No identified Queen’s Own or Velgarth evidence in this page.,,qojun04.htm.md; qojun05.htm.md; qomay04.htm.md,4988,52e7dddd6b118620e172da8b834e7cb18be008a421071fb559fc3c03c596c564,False,False,
wvd.htm,Verb Density,page,Dragonlords or unrelated content,retain,No identified Queen’s Own or Velgarth evidence in this page.,,,1182,1c8bfc7259526d7c53716ae3d4b61eadc4e98f4e433278553f451e138cd9db7c,False,False,
wwolf.gif,,asset,,retain,,,,19134,7bd4a92ba49f8a353eb56fd1640dcf558723191914877105f37ed2f196bf0152,False,False,
xmas2004.jpg,,asset,,shared_existing,,,,31950,152f5dd45fe4ec7b867ba2f4269116e6e432763c1e9b7ba029fec485b3e7c926,True,True,
yugi1.jpg,,asset,,retain,,,,4587,132bb20f38a912ad718fded9e12ecda103b4c127563254b8f09d143337bb8694,False,False,
yugi100.jpg,,asset,,retain,,,,5513,b47f44b7b3d0658098ed4828eb075e215c6a95fa23231a6fbaa9a4be8ffda34e,False,False,
yugi102.jpg,,asset,,retain,,,,2132,7af1e52e27fd97b207bbca7308b29829845af9672e5f965b5f52a79cd10cc748,False,False,
yugi103.jpg,,asset,,retain,,,,2305,fef95a1a2857116e1b676f0b0fd26a23ce662d38de88c04085123d9b57a1122c,False,False,
yugi104.jpg,,asset,,retain,,,,2257,4dad0cfea287499a62c15072a63c53b7afc950b347d80da989581162242a7a41,False,False,
yugi105.jpg,,asset,,retain,,,,2404,77cf36d2d6bc9f694d8525e14982c78b68db8b8b78a273728446f6335defeadc,False,False,
yugi108.jpg,,asset,,retain,,,,2278,ebadd958073bb37637bfd3cd940d03612034066bc753653dec70c58a2eaf0909,False,False,
yugi109.jpg,,asset,,retain,,,,2670,c307cbb646e2f25c3c30bbb4b4f97b9d440eb7cad67fed4accde60e96c1619a2,False,False,
yugi11.jpg,,asset,,retain,,,,3181,9108feffdde84549df92559cae2615cdcb1644e1c4a8948aae2f309538275c1f,False,False,
yugi110.jpg,,asset,,retain,,,,2287,0f528638fad9f510174fab2f63a025d9f3a33097ed52a030d782792d1542dfc9,False,False,
yugi111.jpg,,asset,,retain,,,,2439,5bd28c2b370011363eac726a0b0144229828d971e4df86c0c71d3e823f60d3da,False,False,
yugi112.jpg,,asset,,retain,,,,2345,12412237dab3aac77491597f4b2d387276d4d52fd4d1fcddb734b0aa0a3b67a4,False,False,
yugi114.jpg,,asset,,retain,,,,1896,8b83829c244970c8b071ba9255ed5d1c09144e9ad40e3482955d91d952b21fdb,False,False,
yugi115.jpg,,asset,,retain,,,,2000,3a625756d5e672c96fd400ca6b0a5f9e82dbcdf3223056640882aa532784337e,False,False,
yugi116.jpg,,asset,,retain,,,,2488,cdad0b181fd10fff9e3f311eab2d06d3d316d91e47f16be70c2d6e6584cf4212,False,False,
yugi117.jpg,,asset,,retain,,,,6624,f7e0343db706780c7b2530fab772942cbe6de7ca712efc95de4cdac0cc2800f4,False,False,
yugi118.jpg,,asset,,retain,,,,5749,ddd7865660140fbe7a6b399cfbd0a161993e2ba09e74f907b81585869a21d322,False,False,
yugi119.jpg,,asset,,retain,,,,2299,aab6204a5d60c9c6e2d8491cd4542aa1249aff507f7a6c790b24080980f655f0,False,False,
yugi12.jpg,,asset,,retain,,,,10491,1d92db97f1f811ace5d98a62377fc7e9a532891868314eee04856c18f12e64fd,False,False,
yugi120.jpg,,asset,,retain,,,,2056,868d377e456b970196e4b0c94f98f9802004fd0012abed64088d92ce30d49f0b,False,False,
yugi121.jpg,,asset,,retain,,,,1975,0c4c4a3c0162386601d6e50a07e27bdf061fff219d219bbb6a2a4e207d406390,False,False,
yugi123.jpg,,asset,,retain,,,,2525,b6fbe13a8c41965f63271db0cad2bbc65243496ac7a0a57e716a920439fb086e,False,False,
yugi124.jpg,,asset,,retain,,,,2144,785af6afe296ebe8bb1200feca8101e7997f6888e88a6e08bd84cda210381b4c,False,False,
yugi125.jpg,,asset,,retain,,,,2386,e776357f58635bac4fc4f21f02330d21440259cbaf618af7a6717b05a671e357,False,False,
yugi126.jpg,,asset,,retain,,,,2139,1bed6be85cee8b8db121aae40810c7d131ce63134ca2ceb5d26f33b9e263f54a,False,False,
yugi127.jpg,,asset,,retain,,,,2234,de7113a8c6cc4496105f4dabcbfce8106698b24ca1b977cbda8386fa52bb94b2,False,False,
yugi128.jpg,,asset,,retain,,,,2588,08f2bf0e53e5cdc3b74612008290735881b69031b3c634a89365326691253da4,False,False,
yugi129.jpg,,asset,,retain,,,,10715,984d8b7e8b343e0b9a6353a1a2d355033e4678e90a17132b4b55140a4ede86f1,False,False,
yugi13.jpg,,asset,,retain,,,,5203,92ffffa354a1e4144f25dd37c5e210208ca1cb29d91dac9b426eab8a6a4ea3ad,False,False,
yugi130.jpg,,asset,,retain,,,,2655,40a3bc19848ad65af64872a1a0b6f116f42561b884d77949f7bf3310d54368b5,False,False,
yugi131.jpg,,asset,,retain,,,,3585,4ba2f97c5da6b1c64ad9a044e7cbe4d755a5f37a69972760fb703ec7ad14e4cb,False,False,
yugi132.jpg,,asset,,retain,,,,2261,77a6271b64cfced1b0d1b9bd0a25049a72963f91e4cfb963854d124e0d7d8440,False,False,
yugi133.jpg,,asset,,retain,,,,2215,f9f91306f3dd5b8452eb6a431ca893407d5788a991c25be31813cfde41411a97,False,False,
yugi134.jpg,,asset,,retain,,,,2798,cb0b4618f65d11915cd37ed84b9030a952a333864775f6deb8dc3dafa985e6d2,False,False,
yugi135.jpg,,asset,,retain,,,,1963,000f0be9b25948c2599765cc43c7a11a64afd63f90a02db5dc5d6c868d341ce8,False,False,
yugi136.jpg,,asset,,retain,,,,2315,595e6889db54e8222cf16aed9e400da5f0f4e16f5f51d2e0a92dda5716c22782,False,False,
yugi137.jpg,,asset,,retain,,,,1727,fe1b58e1d084cb9c19121fb8c555b7c5c536e39a476573d5fc076959e16f1cbd,False,False,
yugi138.jpg,,asset,,retain,,,,2196,6cfd711b8d9e5c33a9261a46c50b88bfd4bd5575e98925622eecce3d2315aa6f,False,False,
yugi139.jpg,,asset,,retain,,,,2679,0958564b472e87eebf5a25b2c573ba7c99299c62ea8d2ea317da93f2a8f699fe,False,False,
yugi14.jpg,,asset,,retain,,,,11700,219410803990cfb12c4c51fcb00d8fa51bd2fbd2508ab162917c0ce49a03a703,False,False,
yugi140.jpg,,asset,,retain,,,,2225,3feec28389d911f4d4e671705f27ad2ea9b370e0316242fd339fe9d83867b306,False,False,
yugi142.jpg,,asset,,retain,,,,2790,8a40865994213cb2d54c63a4950098196d5da759f27e31801eaefa51ce7925bf,False,False,
yugi143.jpg,,asset,,retain,,,,2718,2d4ecf348cf8b59a59339ac03b68d5f4e8a3dd700c903c47e4d05df3bfe05e48,False,False,
yugi144.jpg,,asset,,retain,,,,2935,d78e791c5ddb5b3155d8dd58ba8ec1fb6cffdc32fcc63ed1750d5041ebfb2a77,False,False,
yugi145.jpg,,asset,,retain,,,,2545,b8fe3cbd5a097028f14a5f8e43d5310bbe6b3e148591ad8f335860cfac1445b8,False,False,
yugi146.jpg,,asset,,retain,,,,2512,81ac2da43b01812a5ae3331251d30b4d73a7108428444a2b45f9a0daf71b8f39,False,False,
yugi147.jpg,,asset,,retain,,,,1612,0fdf7a89149e06b366233e6d92069e4a606dc4d4ff4c9cfc1dec3d69e85392ff,False,False,
yugi148.jpg,,asset,,retain,,,,2632,13edb868ace1f56e16ab67f5be3263de2502a68524406f589d25e5eee55fd5aa,False,False,
yugi149.jpg,,asset,,retain,,,,2144,9a48dda3336c35dae856e9c138a04b50703c3035a824c58a9f413aa43d3bcaec,False,False,
yugi15.jpg,,asset,,retain,,,,4036,03e6e5e9586e3fa00c1bef9f5c3ec0faa0c9280b09e8ea927edcc5a88ff77c28,False,False,
yugi150.jpg,,asset,,retain,,,,1550,1ea16c2e23b0154887e0fb25519c700ecbf1f975964af8c8fbea19090c365f7b,False,False,
yugi151.jpg,,asset,,retain,,,,1858,3f679d634d892e33a6cca89c43e6040d34dd39c74f85769172cf655f9ed4b276,False,False,
yugi152.jpg,,asset,,retain,,,,1880,0a17cde5823dd0a768b2471d734e2d79f1ee42d3823c69532e6ab13d574a12bb,False,False,
yugi153.jpg,,asset,,retain,,,,2500,2bd100a73f160aff18b4f53dd8b765f7eee490854b5ad9042a5ed42ee05184f3,False,False,
yugi154.jpg,,asset,,retain,,,,2490,3f510aebf6278a8dcd7f3a7f77e6758d2bcd72858630314d0b347a712cec01b1,False,False,
yugi155.jpg,,asset,,retain,,,,1525,9089ecb6929891656513b5dbc7887cc654d03ca80bbe7ebb09dd1cf9bc092c62,False,False,
yugi156.jpg,,asset,,retain,,,,2573,28babb6accd7fd767bc45443d7d3760fdad2054344a44ae4562beb9a1bb115a0,False,False,
yugi157.jpg,,asset,,retain,,,,2235,4b0451df64d5e78cd433dd5f498ddafc09ac9291a0a70fb97f8a3e27ad9a5d46,False,False,
yugi158.jpg,,asset,,retain,,,,1799,46ace40ecb670f395917c2f1de609445d8d4316ff858e6c8d41bfe6216ce2ce0,False,False,
yugi159.jpg,,asset,,retain,,,,1872,e08b72f11dfd1e6803b0891c0d8a12fa619d9dda8935616f4e89eda9bd962844,False,False,
yugi16.jpg,,asset,,retain,,,,5302,07a086c41def0005b92b7adb3e1f82d8840819de2dbff157d02addea8aedeb9f,False,False,
yugi160.jpg,,asset,,retain,,,,1886,f2b2cc7e90b10015186cb55bb653714feb57d674224ef8ad2df8f0556c143060,False,False,
yugi162.jpg,,asset,,retain,,,,3487,08705ce693846a7a2e217820f14c9686dd9cea50fc530e71221476710ba62716,False,False,
yugi163.jpg,,asset,,retain,,,,3295,7c0f03ff734e0d8ab88be49f56603548fd64015878efb0e9b94748deef52d17c,False,False,
yugi164.jpg,,asset,,retain,,,,3731,5d5e92adb3b2a50e67beeaf6f667c4683ca5e267b0d903bfe2be688bfc0e5652,False,False,
yugi165.jpg,,asset,,retain,,,,3991,2eaacbb7db739e13afcdc49a435c04ddbb296db6567320ac487741cad5f7b174,False,False,
yugi166.jpg,,asset,,retain,,,,6342,66274e447c01e6eab38ddb71f5503604ff32445235f82830776ea6d829dc6c68,False,False,
yugi17.jpg,,asset,,retain,,,,5684,66567afcee37d1670cd06369807b873b9987f7a2b85d14efdc0921a2c83fa6d9,False,False,
yugi18.jpg,,asset,,retain,,,,2913,b9347446977097900658cd2eaa67b72d359f6a041b518c66875cfb23414b456a,False,False,
yugi19.jpg,,asset,,retain,,,,8629,063238b8f550e8bea4959c5e4e0a586579af5a398d9b6460eb7ae655bae831e0,False,False,
yugi2.jpg,,asset,,retain,,,,3881,3589283f35daaec05b68ead3e507d81f0f69264ce7809beb9effd1628d4bdd61,False,False,
yugi20.jpg,,asset,,retain,,,,3267,c097b95369b20503085412a1959fecf20e01bf3402a223d8227d55f6101f458a,False,False,
yugi21.jpg,,asset,,retain,,,,3200,0a4459caf9fe5de265d9a95dee66368a52d22d20798fbcede8791dd370dbcf59,False,False,
yugi22.jpg,,asset,,retain,,,,2490,72952fa337dbe06d52347c9473d27eb0951a817b47d8760609c02d357dd7341e,False,False,
yugi23.jpg,,asset,,retain,,,,2756,1cbdb63c2705721a658029c16d065914352ba70b401806117de30027794ae9d0,False,False,
yugi24.jpg,,asset,,retain,,,,2946,6ecb7619be602ccf5aac0e80259e0b8b60f1e458d5e9d4484c355666459546bc,False,False,
yugi25.jpg,,asset,,retain,,,,4794,e8fd09a1f154aa599cf6ae9f2d0bb13a91e7b5028d21eb88ed708727e6766724,False,False,
yugi26.jpg,,asset,,retain,,,,3579,4911514c5e1ece930872506d0638c84b7cb9bd8a41006488d6b3f5a63a3d05c9,False,False,
yugi27.jpg,,asset,,retain,,,,2411,8cd217ec1b974c3c40cf8103a2dede0ea7b0561cdc68bd72022fb23d4a054212,False,False,
yugi28.jpg,,asset,,retain,,,,2311,e3a5c3ef865e8651c01862a35d96fba90be8e9a9fad608e3e527112fab0b7242,False,False,
yugi29.jpg,,asset,,retain,,,,3356,0990d9a6c562396dd39a5e250fcccfa9bede162f6f149fec2630f9b91d4caf1c,False,False,
yugi3.jpg,,asset,,retain,,,,4135,7634c106e9c5e427e2a17d32e0c0a57da8672272c9868f3c957f82145f324fda,False,False,
yugi30.jpg,,asset,,retain,,,,3723,73ad9c70c23f9a4d9048c17d146fa36fe2bf00d8435e553d6224785118c4f155,False,False,
yugi31.jpg,,asset,,retain,,,,2635,7a43f8c81bd7a6fd9ffddb784b86fa248517666bece5e5db218621545ee9bc1e,False,False,
yugi32.jpg,,asset,,retain,,,,2656,1344e35e102da5516a7b9c4421b7cf2fae2f1b67f4e7ff0dd049a8816c99afb1,False,False,
yugi33.jpg,,asset,,retain,,,,3066,29a06e7348bf2c52fa5f62f3343d66a7e6ba4d8b769b5ecc6f6dce434971c13c,False,False,
yugi34.jpg,,asset,,retain,,,,2184,ae01a588725ddf25d24dd0f14a24c62b1f1a5e0beb23c3b1d0172883eda1ab66,False,False,
yugi35.jpg,,asset,,retain,,,,3833,e1c2cf4e98e6acf7b79ecf0b77c9cbeb9553c4dd924cc574f6162556226c6e3f,False,False,
yugi36.jpg,,asset,,retain,,,,2219,bb9a68a04bea9f438ec306270f7eba1dbe3f88cf3e89850c0f664404ce18c955,False,False,
yugi37.jpg,,asset,,retain,,,,4056,f663ed6a48e0e51ec259f9bab268614af543f00279012ac1ac749e5954e485f2,False,False,
yugi38.jpg,,asset,,retain,,,,12199,4e0ae001f9f749ec781cbdb9a27aba72757d6124f48329a5a05530de0c162206,False,False,
yugi39.jpg,,asset,,retain,,,,7303,e26dd64deb8793d02b45377785f0b96d16725566257be19cecae38c4734d576e,False,False,
yugi4.jpg,,asset,,retain,,,,4538,09acbf2c259d922c1d0e19d9d91747e9bbfac6b32a778f026b395ed82698d085,False,False,
yugi40.jpg,,asset,,retain,,,,13476,6351ff9fd63117c8006eeba19405aef65c51ca60cf5ae958e00581e0d164c5f1,False,False,
yugi41.jpg,,asset,,retain,,,,3668,4453f574cc7029cbc7c629b63cb60db89b8f658fac71652e88c9c4a10c9e06f9,False,False,
yugi42.jpg,,asset,,retain,,,,3237,f84cc52ab54db17b0d3ae6e82fccad9b1fd39f23aab70b987cdf1aa25e9ee9f0,False,False,
yugi43.jpg,,asset,,retain,,,,3155,4dd71697d698683a59e1dee1ccd6a259129bc6442cab190efa2f1d280f29eb47,False,False,
yugi44.jpg,,asset,,retain,,,,3439,dd6c2f6c5068b28ddbef93d018152c50b603afca93caa59531baa2c3ce92ab84,False,False,
yugi45.jpg,,asset,,retain,,,,3881,3589283f35daaec05b68ead3e507d81f0f69264ce7809beb9effd1628d4bdd61,False,False,
yugi46.jpg,,asset,,retain,,,,3359,6bd1581e29dfe850ad455f9749e5fab54214782c516e7ab51bad8dabbae59bd5,False,False,
yugi47.jpg,,asset,,retain,,,,3082,e9253d451668f3bf82cd11c7e3b4f28e8120516402ca47bbb6cea9bd126a55e6,False,False,
yugi48.jpg,,asset,,retain,,,,3321,b45b36839dc23f415a7fd29f57e60d3c081e13a4ec409e32439b6429b0e30ff6,False,False,
yugi49.jpg,,asset,,retain,,,,3873,f3a81f3c5bf5f3baabcd4d4b3484f8a7b95ccd92a5d328d145ed55798c3d8114,False,False,
yugi50.jpg,,asset,,retain,,,,3813,ddfa06a99db3354a3b124bc904ca731063993de9dbfc58e707a9738dfb662905,False,False,
yugi51.jpg,,asset,,retain,,,,2232,aded04856ac7d8c9a7329147524f98c17c167eeb8d0cd4471cd6266794618a8f,False,False,
yugi52.jpg,,asset,,retain,,,,1506,879f84d8ec57f354f5edfbc0d3b434d2d94018a611ddb107bc011183bd297538,False,False,
yugi53.jpg,,asset,,retain,,,,2056,d9e570962ce20a46d0fabf4402c5036b1fd18a2c362a8a59f7dbcc997829a8fa,False,False,
yugi54.jpg,,asset,,retain,,,,2298,e25df0510aa146b5ab74ea17888b30b312a62d281fc4147d0ca399487b9f353c,False,False,
yugi55.jpg,,asset,,retain,,,,1916,2fc220a6d9d576dfba98c00ea5c924a856e174447c87e2903983109a06dbf29e,False,False,
yugi56.jpg,,asset,,retain,,,,7277,a41f444cdf06853f709eb566a86adb897466ee822b6c19d34335bc2de881b2da,False,False,
yugi57.jpg,,asset,,retain,,,,6306,e59be4349fdc78164ac829af723a83740ce920e866fefd6e0195b3730b416e4c,False,False,
yugi58.jpg,,asset,,retain,,,,6358,772c6a8aa44bedcae00cfa5f92f92872c1db86cd791f4d51a3a648bed9ddcbb6,False,False,
yugi59.jpg,,asset,,retain,,,,5828,78e66f1bb684d0362bc3d3a02bbf074c29846e17603e4a8b08155f489af97f49,False,False,
yugi6.jpg,,asset,,retain,,,,3336,2bb78838f43a220009546f56c71bd63fbc65324816e30198037b9df18760fca2,False,False,
yugi60.jpg,,asset,,retain,,,,8747,6f94dad4dcea65cfeeb01ce03518e870b712ef44df7cb787bafafd6f393fe015,False,False,
yugi61.jpg,,asset,,retain,,,,2991,087ed62990fb247b00381c92dc940b1c267570731e1b36c2c2a52cb50548b72b,False,False,
yugi62.jpg,,asset,,retain,,,,2881,253304c4e90186150c1393ca9c5f07ebebe70c60a534b7dde7e950f89a879f3b,False,False,
yugi63.jpg,,asset,,retain,,,,1798,1bf3ab3c069e9a12aba99ffc6c86cd94f23c28ba19c48c79170c5c3f3718d587,False,False,
yugi64.jpg,,asset,,retain,,,,1630,db71b32c069c47a880175541a775bf4fbe45e26949fd1d1624f7059b0dc56389,False,False,
yugi65.jpg,,asset,,retain,,,,2177,3dfb74679772b65e1c3fe524ac02407fcc8974e41c2ac2a1f15f352e05521714,False,False,
yugi66.jpg,,asset,,retain,,,,1561,61e85fbf0148d5d56047ed63e036806d6521fae024c068169dc7ae6af18bf96c,False,False,
yugi67.jpg,,asset,,retain,,,,2136,d28483d49545cdf7181ca937c81f6dfa456ce03819b520778b68ebf36df1cd9b,False,False,
yugi68.jpg,,asset,,retain,,,,1579,8b2afcefe26ad02b0f9a4e0233df6716ae3bfe1141d107e42a87a3af61d5376f,False,False,
yugi69.jpg,,asset,,retain,,,,1571,ff1410f410c9f00fab6d3aa452ee79e4548146a88bb2c481deab126c6f7c02ce,False,False,
yugi7.jpg,,asset,,retain,,,,3363,29206d5556025a6e0b2f8d27f26d1651a136dbcb1271833c2f0b4417603a3a76,False,False,
yugi70.jpg,,asset,,retain,,,,1774,612d47277eeb97138e0eda786bdf5bcad47b496ed422ebb83945770456848dac,False,False,
yugi71.jpg,,asset,,retain,,,,2217,71e1a99dfb0bb92dae5de8f3c3bb4d1c36818f6e079ff90aa64879d1143bfacb,False,False,
yugi72.jpg,,asset,,retain,,,,2027,5490d3c953e2480161e44383a948dfb6f9066f0e5a2b219255561d039fd6d004,False,False,
yugi73.jpg,,asset,,retain,,,,2600,af21ec5275e7e38770db3ae2ae563964b6088eccbf5b8c88683fa1cf2e8749df,False,False,
yugi74.jpg,,asset,,retain,,,,2564,ccdbaa2e93d39065c03762c88c199c4a1ffcad4beba5c9c0c600b128efcdf0b8,False,False,
yugi76.jpg,,asset,,retain,,,,1321,b1d536710687ac164ffc044d75a2df5338d66d34b3c9310f836a3a6e6768bee9,False,False,
yugi77.jpg,,asset,,retain,,,,1632,d5724ee538645ed1f97e298de28a63bfbcdc054be91c70e888a8c80b41a5e512,False,False,
yugi78.jpg,,asset,,retain,,,,1701,f8f5d6030ed831c0e099a5b24851fdc214c2c24f48951a39138dc48ba41c1841,False,False,
yugi8.jpg,,asset,,retain,,,,3169,a4cd1476832079f1c60446e95f33f630c4ac7b365f635f1f8a64c6c0dd89891d,False,False,
yugi80.jpg,,asset,,retain,,,,1358,416791c1bfeacf317ec391af698c4d651683ccd55f8c12d4337929a94da7d318,False,False,
yugi81.jpg,,asset,,retain,,,,1423,2f77a1f36b0f981263f4bdb22e533a0358c5e91d8b9339406dec886074383201,False,False,
yugi82.jpg,,asset,,retain,,,,1303,c71fcda24c827ef6817fe3b2e53af09a3520fa81ae97bc3b33138010b3756125,False,False,
yugi83.jpg,,asset,,retain,,,,1322,f5191bd9ef58ba7e2fcdb00cc90c2bf0bb63bfaf068ff54491d7dc84c08313c0,False,False,
yugi84.jpg,,asset,,retain,,,,1417,dd410d15e27c1c70e6d5d7373d13b24bcdabb103094e211480d8ad68be755c1d,False,False,
yugi85.jpg,,asset,,retain,,,,1752,9931f40c276afc2f3526c8b8d2aff34022573fd9d9a50058d187ec1655007ca8,False,False,
yugi86.jpg,,asset,,retain,,,,2212,50f505884be04b6e991871bfe272704d3d03bab4ba831392a63615b51f18c3db,False,False,
yugi87.jpg,,asset,,retain,,,,1264,1445535fcf062bba6607655d8b98df30ddcec605fed17872020a1ca0760f3c4e,False,False,
yugi88.jpg,,asset,,retain,,,,2141,fd025464d887e904f6df803cfe67a9079759f9b16082a1fc86e3039d1eeb52cf,False,False,
yugi89.jpg,,asset,,retain,,,,1942,9ead172c0179e99d2835ea9a38048e8d681656cd295732145a7553f877167606,False,False,
yugi9.jpg,,asset,,retain,,,,3148,aeb7dbfd67a3ab4577967b0ab3a32da0c436cf8216956a46e4fe8e105c6ca281,False,False,
yugi90.jpg,,asset,,retain,,,,139737,16b4fdb3a31d82ab043cd55e2dbd5f9e006871b3f5566d8f0f15adbebcdd0321,False,False,
yugi91.jpg,,asset,,retain,,,,14085,d50009099669f93e7cbf70f075a026f8ff786c74fc760a0417b276626f7e51e4,False,False,
yugi97.jpg,,asset,,retain,,,,3115,cbc42ed56756214eb6025cbcbd2addb2f11ada193700da1d6f2502993e925719,False,False,
yugi98.jpg,,asset,,retain,,,,1521,cd4863185808f0d238c956f7dcc36ffb7310b2c56bee9bd9cbed24c20e5e0ba7,False,False,
yugi99.jpg,,asset,,retain,,,,2338,82294134436fc5e6c89356f9a8cc03658f8323050cdf5c97813ae3a053bb5890,False,False,
zyryk.jpg,,asset,,shared_existing,,,,9482,69714fa2910513b97c95c2421b17fb1fad47922933814bd755f484f1ae26dd59,True,True,
